"tablescraper-selected-row src","tablescraper-selected-row src 2","tablescraper-selected-row src 3","tablescraper-selected-row src 4","tablescraper-selected-row src 5","tablescraper-selected-row src 6","spark-body-larger","datum-icon","tablescraper-selected-row","tablescraper-selected-row href","spark-body","tablescraper-selected-row 2","tablescraper-selected-row 3","spark-body-small","datum-icon 2","tablescraper-selected-row 4","datum-icon 3","datum-icon 4"
"https://platform.cstatic-images.com/large/in/v2/8bff8bdc-83ac-59d2-b31e-13f635516bbc/a12cbbb4-000f-40da-8246-2796806eacdb/dY1f8Ia6YE9mSbVSqP5lsaVCA8Q.jpg","https://platform.cstatic-images.com/large/in/v2/8bff8bdc-83ac-59d2-b31e-13f635516bbc/a12cbbb4-000f-40da-8246-2796806eacdb/vrMG2MTCKMg6DABWa9cGPUPmjn4.jpg","https://platform.cstatic-images.com/large/in/v2/8bff8bdc-83ac-59d2-b31e-13f635516bbc/a12cbbb4-000f-40da-8246-2796806eacdb/CAvNKkXeZdmd3A87s8ZfY0C6Ugk.jpg","https://platform.cstatic-images.com/large/in/v2/8bff8bdc-83ac-59d2-b31e-13f635516bbc/a12cbbb4-000f-40da-8246-2796806eacdb/Y2N150F70OTXvP78Smwui7dBz1I.jpg","https://platform.cstatic-images.com/large/in/v2/8bff8bdc-83ac-59d2-b31e-13f635516bbc/a12cbbb4-000f-40da-8246-2796806eacdb/kGScEiFUb60jGR9o9fuilQUJ1fk.jpg","https://platform.cstatic-images.com/large/in/v2/8bff8bdc-83ac-59d2-b31e-13f635516bbc/a12cbbb4-000f-40da-8246-2796806eacdb/KTjAGXHxRCghDIuikoJHt7sFnn4.jpg","$33,000","40,582 mi.","Est. $606/mo","https://www.cars.com/vehicledetail/895dd67a-8128-4c92-8fde-51b88054e097/?attribution_type=isa","Certified 2023 Toyota RAV4 Hybrid LE","Good Deal","Certified Pre-Owned","Toyota Vallejo","4.8","Check Availability","Vallejo, CA (64 mi)",""
"https://platform.cstatic-images.com/large/in/v2/0a0033b9-8277-561c-bed4-54957b9df4f2/fad2526c-6063-4174-9ced-dc5c2f196e65/Ve3iSfGUyCoVWmvzOaG5IvwpcBc.jpg","https://platform.cstatic-images.com/large/in/v2/0a0033b9-8277-561c-bed4-54957b9df4f2/fad2526c-6063-4174-9ced-dc5c2f196e65/hfjzT5rUwN9yIdKe0bAmuO-6ZaM.jpg","https://platform.cstatic-images.com/large/in/v2/0a0033b9-8277-561c-bed4-54957b9df4f2/fad2526c-6063-4174-9ced-dc5c2f196e65/JoBeYchvOZJErGtHpa-ErceuNxM.jpg","https://platform.cstatic-images.com/large/in/v2/0a0033b9-8277-561c-bed4-54957b9df4f2/fad2526c-6063-4174-9ced-dc5c2f196e65/9el-ySTTvGT-Gh9fDgYOjPDuGIw.jpg","https://platform.cstatic-images.com/large/in/v2/0a0033b9-8277-561c-bed4-54957b9df4f2/fad2526c-6063-4174-9ced-dc5c2f196e65/Pyh_ToCR5WyKJm6BsjjQyWRSUiQ.jpg","https://platform.cstatic-images.com/large/in/v2/0a0033b9-8277-561c-bed4-54957b9df4f2/fad2526c-6063-4174-9ced-dc5c2f196e65/-8xBq0gJbnPmk4E5BEUky--zzr8.jpg","$14,788","189,111 mi.","Est. $272/mo","https://www.cars.com/vehicledetail/10faa731-a7a8-4402-bc71-b514a9b31744/","Used 2018 Toyota RAV4 Hybrid LE","Great Deal","","Auburn Toyota","5.0","Check Availability","Auburn, CA (19 mi)",""
"https://platform.cstatic-images.com/large/in/v2/72df6bae-4c77-5266-8a8a-b8e069b14f48/22f93573-a404-4b50-afa5-6f9e6ad483c8/c761fjYBNBgiD8Doh0inKr8_Z78.jpg","https://platform.cstatic-images.com/large/in/v2/72df6bae-4c77-5266-8a8a-b8e069b14f48/22f93573-a404-4b50-afa5-6f9e6ad483c8/K-DbjOiK2K18VeymfONl-VVseX8.jpg","https://platform.cstatic-images.com/large/in/v2/72df6bae-4c77-5266-8a8a-b8e069b14f48/22f93573-a404-4b50-afa5-6f9e6ad483c8/6R5mZuN5YfLc-ZpghwMMXszgCBg.jpg","https://platform.cstatic-images.com/large/in/v2/72df6bae-4c77-5266-8a8a-b8e069b14f48/22f93573-a404-4b50-afa5-6f9e6ad483c8/p6VrZ0OnZ43eAojM8-2QlM1ASSE.jpg","https://platform.cstatic-images.com/large/in/v2/72df6bae-4c77-5266-8a8a-b8e069b14f48/22f93573-a404-4b50-afa5-6f9e6ad483c8/KyS1wFcOmMD0HlIyqugt3gR_ShA.jpg","https://platform.cstatic-images.com/large/in/v2/72df6bae-4c77-5266-8a8a-b8e069b14f48/22f93573-a404-4b50-afa5-6f9e6ad483c8/S62TdMQ7XERY34OqssnYwL6nlYg.jpg","$34,441","24,689 mi.","Est. $633/mo","https://www.cars.com/vehicledetail/7696e97b-dd25-4ba6-bd51-3846f0b6c1e5/","Used 2025 Toyota RAV4 Hybrid XLE","Great Deal","","Maita Mazda","4.6","Check Availability","Sacramento, CA (9 mi)",""
"https://platform.cstatic-images.com/large/in/v2/7887e9f6-8190-54d2-a2ff-3f370cc27dfd/90690501-8acd-4c46-b748-f75ede24529d/EPcZupAin3aoAmf5aCi-n8iXm3E.jpg","https://platform.cstatic-images.com/large/in/v2/7887e9f6-8190-54d2-a2ff-3f370cc27dfd/90690501-8acd-4c46-b748-f75ede24529d/0jBg2g6kD0-LlFPSB6EODE5Z92s.jpg","https://platform.cstatic-images.com/large/in/v2/7887e9f6-8190-54d2-a2ff-3f370cc27dfd/90690501-8acd-4c46-b748-f75ede24529d/LOw8STPl6fmQYtTuoL-nuGu13Ow.jpg","https://platform.cstatic-images.com/large/in/v2/7887e9f6-8190-54d2-a2ff-3f370cc27dfd/90690501-8acd-4c46-b748-f75ede24529d/s8RzEnzHdP7KlRxMv7hgRjJrd3I.jpg","https://platform.cstatic-images.com/large/in/v2/7887e9f6-8190-54d2-a2ff-3f370cc27dfd/90690501-8acd-4c46-b748-f75ede24529d/PbPpF58mTiy77j29G97hJtSAgOo.jpg","https://platform.cstatic-images.com/large/in/v2/7887e9f6-8190-54d2-a2ff-3f370cc27dfd/90690501-8acd-4c46-b748-f75ede24529d/-KvemXFfl7yJIoQlnpoQ_AYbZc8.jpg","$29,983","60,209 mi.","Est. $551/mo","https://www.cars.com/vehicledetail/e8e66fed-188b-4fb3-baec-bf89afaff459/","Certified 2022 Toyota RAV4 Hybrid LE","Good Deal","Certified Pre-Owned","One Toyota Of Oakland","4.5","Check Availability","Oakland, CA (83 mi)","$500"
"https://platform.cstatic-images.com/large/in/v2/ae2c35e3-c799-5f6b-9b55-0c1062cc08d3/6833ce1b-5bd8-40fe-94dd-54205b475e6e/h03jwKDouPzZrDrs7mCbuWwaAgM.jpg","https://platform.cstatic-images.com/large/in/v2/ae2c35e3-c799-5f6b-9b55-0c1062cc08d3/6833ce1b-5bd8-40fe-94dd-54205b475e6e/RvWiAM3VhgT_hybWQfr2EgkMuC4.jpg","https://platform.cstatic-images.com/large/in/v2/ae2c35e3-c799-5f6b-9b55-0c1062cc08d3/6833ce1b-5bd8-40fe-94dd-54205b475e6e/zbuNiECuuWXwpu5GrkxmfTUahvs.jpg","https://platform.cstatic-images.com/large/in/v2/ae2c35e3-c799-5f6b-9b55-0c1062cc08d3/6833ce1b-5bd8-40fe-94dd-54205b475e6e/7ia66WwV7fL61gwJ99GqVf9azL0.jpg","https://platform.cstatic-images.com/large/in/v2/ae2c35e3-c799-5f6b-9b55-0c1062cc08d3/6833ce1b-5bd8-40fe-94dd-54205b475e6e/YZor8I-E1PC_C_jlK5c5KLaPTuY.jpg","https://platform.cstatic-images.com/large/in/v2/ae2c35e3-c799-5f6b-9b55-0c1062cc08d3/6833ce1b-5bd8-40fe-94dd-54205b475e6e/-fVIn5psgjAF3vLw1wBzoR-pilg.jpg","$39,998","8,845 mi.","Est. $735/mo","https://www.cars.com/vehicledetail/86479f70-746b-49f7-bcb6-55b0f3ee941c/","Used 2023 Toyota RAV4 Hybrid Limited","Good Deal","","Lexus of Sacramento","4.7","Check Availability","Sacramento, CA (9 mi)",""
"https://platform.cstatic-images.com/large/in/v2/3fde04b1-dd2d-5ccc-be9d-7333547fb34c/93538cd6-f2e2-48de-910a-913fab2b8813/U7B6qvZFl6EvlJRHHLulpTcuUIg.jpg","https://platform.cstatic-images.com/large/in/v2/3fde04b1-dd2d-5ccc-be9d-7333547fb34c/93538cd6-f2e2-48de-910a-913fab2b8813/8v_-0qMjbS8Lv8PFbGO2MgKfHG4.jpg","https://platform.cstatic-images.com/large/in/v2/3fde04b1-dd2d-5ccc-be9d-7333547fb34c/93538cd6-f2e2-48de-910a-913fab2b8813/_k9N0DU1LVdZ63j84DAltMBmY84.jpg","https://platform.cstatic-images.com/large/in/v2/3fde04b1-dd2d-5ccc-be9d-7333547fb34c/93538cd6-f2e2-48de-910a-913fab2b8813/FwLSq3VJMpkPjHT37leT5kh44ns.jpg","https://platform.cstatic-images.com/large/in/v2/3fde04b1-dd2d-5ccc-be9d-7333547fb34c/93538cd6-f2e2-48de-910a-913fab2b8813/eJ9QBZ3vbr_HwtbgNFeyN6j-Ht4.jpg","https://platform.cstatic-images.com/large/in/v2/3fde04b1-dd2d-5ccc-be9d-7333547fb34c/93538cd6-f2e2-48de-910a-913fab2b8813/UGdHSY4vCNW6gBWh-VG56pwFhJA.jpg","$38,995","30,375 mi.","Est. $716/mo","https://www.cars.com/vehicledetail/a53fdc93-1304-4865-a115-aba5d5c82cd0/","Used 2024 Toyota RAV4 Hybrid SE","Good Deal","","AutoNation Subaru Roseville","4.8","Check Availability","Roseville, CA (4 mi)",""
"https://platform.cstatic-images.com/large/in/v2/cf07eead-43ab-447e-ae91-c4aab41ea58c/e204bb49-af0a-47f1-8538-79bbe574796c/cD06H83uStevQXczGor3ebjxXFM.jpg","https://platform.cstatic-images.com/large/in/v2/cf07eead-43ab-447e-ae91-c4aab41ea58c/e204bb49-af0a-47f1-8538-79bbe574796c/oaICewhN212ujOrVnTgyDq6YJ2M.jpg","https://platform.cstatic-images.com/large/in/v2/cf07eead-43ab-447e-ae91-c4aab41ea58c/e204bb49-af0a-47f1-8538-79bbe574796c/f81uDuFSZpRDbhd2t_GlpyKfyE8.jpg","https://platform.cstatic-images.com/large/in/v2/cf07eead-43ab-447e-ae91-c4aab41ea58c/e204bb49-af0a-47f1-8538-79bbe574796c/17Xzdxi7n0Lpshv1mrF1ffKpSoc.jpg","https://platform.cstatic-images.com/large/in/v2/cf07eead-43ab-447e-ae91-c4aab41ea58c/e204bb49-af0a-47f1-8538-79bbe574796c/xjhVNO8sWQn1LpZc7fJA5T8VI5E.jpg","https://platform.cstatic-images.com/large/in/v2/cf07eead-43ab-447e-ae91-c4aab41ea58c/e204bb49-af0a-47f1-8538-79bbe574796c/RtRPZUqcdfxAWlS6wsIDWbMSfv0.jpg","$25,999","95,897 mi.","Est. $478/mo","https://www.cars.com/vehicledetail/e843dd22-6754-437f-a003-501295f019dd/","Used 2020 Toyota RAV4 Hybrid SE","Good Deal","","Roseville Toyota","4.0","Check Availability","Roseville, CA (4 mi)",""
"https://platform.cstatic-images.com/large/in/v2/c46fafa6-d1cb-58dc-9b73-4215ab4c7f0c/ce562421-9fb9-44ae-a037-1f40f1dd2500/Jx9siy2J9lMiGajp34rcTU1ckQo.jpg","https://platform.cstatic-images.com/large/in/v2/c46fafa6-d1cb-58dc-9b73-4215ab4c7f0c/ce562421-9fb9-44ae-a037-1f40f1dd2500/3LjPRiymCb0PL-SdSH10rlNzr-8.jpg","https://platform.cstatic-images.com/large/in/v2/c46fafa6-d1cb-58dc-9b73-4215ab4c7f0c/ce562421-9fb9-44ae-a037-1f40f1dd2500/Ah5KcZDDAdzwaSeWFHswokcXN7g.jpg","https://platform.cstatic-images.com/large/in/v2/c46fafa6-d1cb-58dc-9b73-4215ab4c7f0c/ce562421-9fb9-44ae-a037-1f40f1dd2500/BysHzudyXXhyJlcSZpyBC2eJj4M.jpg","https://platform.cstatic-images.com/large/in/v2/c46fafa6-d1cb-58dc-9b73-4215ab4c7f0c/ce562421-9fb9-44ae-a037-1f40f1dd2500/gBaJeOzhGZ_YwJrWb54Vxdz6BnA.jpg","https://platform.cstatic-images.com/large/in/v2/c46fafa6-d1cb-58dc-9b73-4215ab4c7f0c/ce562421-9fb9-44ae-a037-1f40f1dd2500/E2kRGUWqeGwWH41jjsv2esGleig.jpg","$31,982","53,801 mi.","Est. $588/mo","https://www.cars.com/vehicledetail/bb724e85-6452-4b58-b85e-c848a4f06566/","Used 2022 Toyota RAV4 Hybrid SE","Good Deal","High Demand","Manly Hyundai","4.8","Check Availability","Santa Rosa, CA (81 mi)",""
"https://platform.cstatic-images.com/large/in/v2/c82aee1d-93c7-5cf7-a67e-afe54177e116/07e11b17-50f2-43a1-bb03-ccf1f67aa4e6/e0EMXcN8XxYzM2kWktvIspRhuX0.jpg","https://platform.cstatic-images.com/large/in/v2/c82aee1d-93c7-5cf7-a67e-afe54177e116/07e11b17-50f2-43a1-bb03-ccf1f67aa4e6/UXboNHV2bQC8rXVhYF1mApB5yTc.jpg","https://platform.cstatic-images.com/large/in/v2/c82aee1d-93c7-5cf7-a67e-afe54177e116/07e11b17-50f2-43a1-bb03-ccf1f67aa4e6/_J_LmnRTaXlodaeK77df7Ob9w3k.jpg","https://platform.cstatic-images.com/large/in/v2/c82aee1d-93c7-5cf7-a67e-afe54177e116/07e11b17-50f2-43a1-bb03-ccf1f67aa4e6/7zJCsNCdeuTx8na1a3-QrFlFMPg.jpg","https://platform.cstatic-images.com/large/in/v2/c82aee1d-93c7-5cf7-a67e-afe54177e116/07e11b17-50f2-43a1-bb03-ccf1f67aa4e6/w7r_UYdtHvdef01N9_HUus44moA.jpg","https://platform.cstatic-images.com/large/in/v2/c82aee1d-93c7-5cf7-a67e-afe54177e116/07e11b17-50f2-43a1-bb03-ccf1f67aa4e6/0aL-7qcpYZRMBsqMOJACa71R5bU.jpg","$35,999","26,748 mi.","Est. $661/mo","https://www.cars.com/vehicledetail/75585a60-e929-48b4-bff8-3a7507d50e68/","Used 2025 Toyota RAV4 Hybrid XLE","Good Deal","High Demand","Concord Toyota","4.7","Check Availability","Concord, CA (66 mi)",""
"https://platform.cstatic-images.com/large/in/v2/aa27d4a9-0c11-5213-931f-73d752562a3e/c5575828-cc1c-4876-a800-e9301ce67c98/zIsRiBCIh4I96pa8QHxT870GeGI.jpg","https://platform.cstatic-images.com/large/in/v2/aa27d4a9-0c11-5213-931f-73d752562a3e/c5575828-cc1c-4876-a800-e9301ce67c98/e4PAYlPDknDYY-ShAqywQTELyT4.jpg","https://platform.cstatic-images.com/large/in/v2/aa27d4a9-0c11-5213-931f-73d752562a3e/c5575828-cc1c-4876-a800-e9301ce67c98/e5_xIjm-t15MNcB5DdBLDXn_sMA.jpg","https://platform.cstatic-images.com/large/in/v2/aa27d4a9-0c11-5213-931f-73d752562a3e/c5575828-cc1c-4876-a800-e9301ce67c98/UcSD9ZLTa08JCKpzSZ_GLr0xW3s.jpg","https://platform.cstatic-images.com/large/in/v2/aa27d4a9-0c11-5213-931f-73d752562a3e/c5575828-cc1c-4876-a800-e9301ce67c98/7osKhBgtGGI-8Kw-juwFBl2hWKU.jpg","https://platform.cstatic-images.com/large/in/v2/aa27d4a9-0c11-5213-931f-73d752562a3e/c5575828-cc1c-4876-a800-e9301ce67c98/L7nmwC7v9bLvcd0XDEbqueRmagE.jpg","$27,786","101,205 mi.","Est. $510/mo","https://www.cars.com/vehicledetail/74eefa0e-936c-4ef9-8b77-d87ecc873f9c/","Used 2021 Toyota RAV4 Hybrid XSE","Good Deal","","Folsom Lake Honda","4.7","Check Availability","Rancho Cordova, CA (6 mi)",""
"https://platform.cstatic-images.com/large/in/v2/9332b006-0b3a-5de8-b70b-f9242da79eb9/c16c9cab-7f5e-45c1-a9bc-bbd0af526923/Sr5-m3vymAZl8YUhA0W2rFkIEus.jpg","https://platform.cstatic-images.com/large/in/v2/9332b006-0b3a-5de8-b70b-f9242da79eb9/c16c9cab-7f5e-45c1-a9bc-bbd0af526923/TIcTEn-U71CPQW-I7th3mJcnOE4.jpg","https://platform.cstatic-images.com/large/in/v2/9332b006-0b3a-5de8-b70b-f9242da79eb9/c16c9cab-7f5e-45c1-a9bc-bbd0af526923/6tDXAlTFMA2UGe2iT_P6vXFZuG4.jpg","https://platform.cstatic-images.com/large/in/v2/9332b006-0b3a-5de8-b70b-f9242da79eb9/c16c9cab-7f5e-45c1-a9bc-bbd0af526923/lxWMa_EUxLGtxvRx-R5B-R5Yk0Q.jpg","https://platform.cstatic-images.com/large/in/v2/9332b006-0b3a-5de8-b70b-f9242da79eb9/c16c9cab-7f5e-45c1-a9bc-bbd0af526923/mzeQKgKk--9ItoxYm5WoWd5lXI0.jpg","https://platform.cstatic-images.com/large/in/v2/9332b006-0b3a-5de8-b70b-f9242da79eb9/c16c9cab-7f5e-45c1-a9bc-bbd0af526923/F_bctDCujviBFynSSH6RXqmMA0Y.jpg","$27,991","82,304 mi.","Est. $514/mo","https://www.cars.com/vehicledetail/fd715cc2-baa5-4915-956b-c423f8c7e71b/","Used 2020 Toyota RAV4 Hybrid XSE","Good Deal","High Demand","Roseville Hyundai","4.7","Check Availability","Roseville, CA (4 mi)",""
"https://platform.cstatic-images.com/large/in/v2/4a0a00d0-556e-513c-805e-ec078af2eb68/4e3b0028-e684-4a55-8f4d-96399693466c/aAhL1h8WAXrQb04lLJM9w3GL9bI.jpg","https://platform.cstatic-images.com/large/in/v2/4a0a00d0-556e-513c-805e-ec078af2eb68/4e3b0028-e684-4a55-8f4d-96399693466c/HxAxwozRVaML4aUnX9RjPADSsSU.jpg","https://platform.cstatic-images.com/large/in/v2/4a0a00d0-556e-513c-805e-ec078af2eb68/4e3b0028-e684-4a55-8f4d-96399693466c/4AN0jfqVBgviNdpMtUufIp4Y6Rg.jpg","https://platform.cstatic-images.com/large/in/v2/4a0a00d0-556e-513c-805e-ec078af2eb68/4e3b0028-e684-4a55-8f4d-96399693466c/yhkFwRbtRSRvo-Yv9okw9HHFnyE.jpg","https://platform.cstatic-images.com/large/in/v2/4a0a00d0-556e-513c-805e-ec078af2eb68/4e3b0028-e684-4a55-8f4d-96399693466c/9ssEaxaj3hWnsPsSOzSneSn4jxc.jpg","https://platform.cstatic-images.com/large/in/v2/4a0a00d0-556e-513c-805e-ec078af2eb68/4e3b0028-e684-4a55-8f4d-96399693466c/wBHSBaGozZ7ihoeNT8N31MEDnkI.jpg","$30,971","108,562 mi.","Est. $569/mo","https://www.cars.com/vehicledetail/51f85f7c-0e18-4f5b-8841-1fb18b6fd03d/","Certified 2024 Toyota RAV4 Hybrid XLE Premium","Good Deal","Certified Pre-Owned","Fremont Toyota","4.6","Check Availability","Fremont, CA (91 mi)",""
"https://platform.cstatic-images.com/large/in/v2/a97d2c64-207a-5ed2-a945-298ade4d7af7/6dca4bc3-343f-49f0-9a6f-0adf94c89da7/qrxwDm6LtUpVMird2d009VYLFXA.jpg","https://platform.cstatic-images.com/large/in/v2/a97d2c64-207a-5ed2-a945-298ade4d7af7/6dca4bc3-343f-49f0-9a6f-0adf94c89da7/XBrABIDojJWcCCHJPwHbCtxz4xo.jpg","https://platform.cstatic-images.com/large/in/v2/a97d2c64-207a-5ed2-a945-298ade4d7af7/6dca4bc3-343f-49f0-9a6f-0adf94c89da7/zybVyv69kNbkj8uWRgCH2RsgMLM.jpg","https://platform.cstatic-images.com/large/in/v2/a97d2c64-207a-5ed2-a945-298ade4d7af7/6dca4bc3-343f-49f0-9a6f-0adf94c89da7/Z4HYvdnuy9ZB3BlkatxstgBAAak.jpg","https://platform.cstatic-images.com/large/in/v2/a97d2c64-207a-5ed2-a945-298ade4d7af7/6dca4bc3-343f-49f0-9a6f-0adf94c89da7/Vl0Jwxnq6C4ZCHU8NNbcn3-cTeI.jpg","https://platform.cstatic-images.com/large/in/v2/a97d2c64-207a-5ed2-a945-298ade4d7af7/6dca4bc3-343f-49f0-9a6f-0adf94c89da7/77393_-0OPRp62pyfCzyQdb2Gyc.jpg","$38,500","4,172 mi.","Est. $707/mo","https://www.cars.com/vehicledetail/d884f995-b7d5-4866-816f-01677ef151c9/","Used 2025 Toyota RAV4 Hybrid XLE","Good Deal","","INFINITI ROSEVILLE","4.8","Check Availability","Roseville, CA (4 mi)","$400"
"https://platform.cstatic-images.com/large/in/v2/5fa3000e-cdf9-5f3a-8b57-c473f99cfc47/69a7ee9d-1a8b-48ab-b196-45e8015a82cb/KkMJ1-YwyK5K38SBOzTNhp6fbTE.jpg","https://platform.cstatic-images.com/large/in/v2/5fa3000e-cdf9-5f3a-8b57-c473f99cfc47/69a7ee9d-1a8b-48ab-b196-45e8015a82cb/K7Av4bGvJloxvkd8JUiVtW5xiXg.jpg","https://platform.cstatic-images.com/large/in/v2/5fa3000e-cdf9-5f3a-8b57-c473f99cfc47/69a7ee9d-1a8b-48ab-b196-45e8015a82cb/6yKoNrhDgjNR5ltd0kK9-N0Md4E.jpg","https://platform.cstatic-images.com/large/in/v2/5fa3000e-cdf9-5f3a-8b57-c473f99cfc47/69a7ee9d-1a8b-48ab-b196-45e8015a82cb/hNQZ8FN5awqYiy5q_d9c0SNDBNk.jpg","https://platform.cstatic-images.com/large/in/v2/5fa3000e-cdf9-5f3a-8b57-c473f99cfc47/69a7ee9d-1a8b-48ab-b196-45e8015a82cb/BXGMVoGoU3Chc--cD33YCv3Br0U.jpg","https://platform.cstatic-images.com/large/in/v2/5fa3000e-cdf9-5f3a-8b57-c473f99cfc47/69a7ee9d-1a8b-48ab-b196-45e8015a82cb/ogJeH2I_E5zDKxa-h2E3Hsjjug8.jpg","$27,993","63,275 mi.","Est. $514/mo","https://www.cars.com/vehicledetail/6784b286-3855-4175-a522-353516fab7ec/","Used 2023 Toyota RAV4 Hybrid XLE","Good Deal","","Folsom Lake Hyundai","4.6","Check Availability","Folsom, CA (6 mi)","$1.4K"
"https://platform.cstatic-images.com/large/in/v2/c81f2efa-5dee-5967-9346-8e795451c59a/a33ff263-d8a7-458e-a2ba-890c4d2a9e53/jp1LGOFzM4_82BJt1TW2cZ6mMug.jpg","https://platform.cstatic-images.com/large/in/v2/c81f2efa-5dee-5967-9346-8e795451c59a/a33ff263-d8a7-458e-a2ba-890c4d2a9e53/475ySHpOVrpt8oiEZ9nmV4W3RN8.jpg","https://platform.cstatic-images.com/large/in/v2/c81f2efa-5dee-5967-9346-8e795451c59a/a33ff263-d8a7-458e-a2ba-890c4d2a9e53/zxNMO1Gik_GqVPDPMLD1lqbtlgM.jpg","https://platform.cstatic-images.com/large/in/v2/c81f2efa-5dee-5967-9346-8e795451c59a/a33ff263-d8a7-458e-a2ba-890c4d2a9e53/WLvcLvNeuO45g7A5OfQQxa5XUFs.jpg","https://platform.cstatic-images.com/large/in/v2/c81f2efa-5dee-5967-9346-8e795451c59a/a33ff263-d8a7-458e-a2ba-890c4d2a9e53/pm1HUFU4P11G9NWjrFk-Nc3Xq_4.jpg","https://platform.cstatic-images.com/large/in/v2/c81f2efa-5dee-5967-9346-8e795451c59a/a33ff263-d8a7-458e-a2ba-890c4d2a9e53/yGUk5qhs6jUKc6B7uM4xcZrV4I4.jpg","$28,988","49,381 mi.","Est. $533/mo","https://www.cars.com/vehicledetail/72644f8f-b567-407a-9311-a720ff2fcf9f/","Used 2022 Toyota RAV4 Hybrid LE","Good Deal","","Niello Acura","4.8","Check Availability","Roseville, CA (4 mi)","$420"
"https://platform.cstatic-images.com/large/in/v2/aceb547b-fe42-5d1f-bb51-59ad46825e6b/f5bef3a3-de4e-4298-8ad9-47d970a56e45/xcPEhK5LULcHIVGmedB4tJdOb0s.jpg","https://platform.cstatic-images.com/large/in/v2/aceb547b-fe42-5d1f-bb51-59ad46825e6b/f5bef3a3-de4e-4298-8ad9-47d970a56e45/nW3X9QitxDDzMsVdfNbokpNQllM.jpg","https://platform.cstatic-images.com/large/in/v2/aceb547b-fe42-5d1f-bb51-59ad46825e6b/f5bef3a3-de4e-4298-8ad9-47d970a56e45/edKYT_C_0MrinuKULM5lUZxa0jo.jpg","https://platform.cstatic-images.com/large/in/v2/aceb547b-fe42-5d1f-bb51-59ad46825e6b/f5bef3a3-de4e-4298-8ad9-47d970a56e45/j__H4rOPv0HrSbdgYkItJK2pvwg.jpg","https://platform.cstatic-images.com/large/in/v2/aceb547b-fe42-5d1f-bb51-59ad46825e6b/f5bef3a3-de4e-4298-8ad9-47d970a56e45/V3HrZmnVYvb_Kwwgj41BUQxTRX0.jpg","https://platform.cstatic-images.com/large/in/v2/aceb547b-fe42-5d1f-bb51-59ad46825e6b/f5bef3a3-de4e-4298-8ad9-47d970a56e45/ozgmHJRkXfHklaw8VnZJDxGx6n0.jpg","$24,595","52,153 mi.","Est. $452/mo","https://www.cars.com/vehicledetail/9c6efd06-734a-4683-b2a3-914ca41e8046/","Used 2018 Toyota RAV4 Hybrid SE","Good Deal","High Demand","AutoNation Toyota Hayward","4.7","Check Availability","Hayward, CA (84 mi)",""
"https://platform.cstatic-images.com/large/in/v2/11a697a9-5ad0-5d58-934d-f0c49e917067/686fff91-a635-4121-8d90-a082db8195ba/H7DSdeAfU76tS6OLAnvbwhFyo7s.jpg","https://platform.cstatic-images.com/large/in/v2/11a697a9-5ad0-5d58-934d-f0c49e917067/686fff91-a635-4121-8d90-a082db8195ba/tjQN4bUD_mVkJGBWo4lfVNOmfdI.jpg","https://platform.cstatic-images.com/large/in/v2/11a697a9-5ad0-5d58-934d-f0c49e917067/686fff91-a635-4121-8d90-a082db8195ba/P4Ppr4BMxjVRzsekNq9yIeWQn60.jpg","https://platform.cstatic-images.com/large/in/v2/11a697a9-5ad0-5d58-934d-f0c49e917067/686fff91-a635-4121-8d90-a082db8195ba/UECWnpoJiW6_7UC6ZC898JA7otc.jpg","https://platform.cstatic-images.com/large/in/v2/11a697a9-5ad0-5d58-934d-f0c49e917067/686fff91-a635-4121-8d90-a082db8195ba/nJZt7UBkfU_ZdQTaLMFmkCR6rbs.jpg","https://platform.cstatic-images.com/large/in/v2/11a697a9-5ad0-5d58-934d-f0c49e917067/686fff91-a635-4121-8d90-a082db8195ba/96G4I_3ug__TWnPpqzOuu6V7GvM.jpg","$41,998","14,963 mi.","Est. $772/mo","https://www.cars.com/vehicledetail/99e4a2e2-128f-4acf-99a8-4c795ecd686e/","Used 2025 Toyota RAV4 Hybrid XLE Premium","Good Deal","","CarMax Reno","","Check Availability","Reno, NV (96 mi)",""
"https://platform.cstatic-images.com/large/in/v2/83450462-a46f-5878-99f8-b4361d78750e/3b1ed530-5626-4451-b6c5-d4594e7e8aaa/dWtw0t1zaDWbAdaf8XD18PCwVR0.jpg","https://platform.cstatic-images.com/large/in/v2/83450462-a46f-5878-99f8-b4361d78750e/3b1ed530-5626-4451-b6c5-d4594e7e8aaa/vq-rdwwpzMS3AGIKKdW0_GI1zDc.jpg","https://platform.cstatic-images.com/large/in/v2/83450462-a46f-5878-99f8-b4361d78750e/3b1ed530-5626-4451-b6c5-d4594e7e8aaa/N5-2-Mid_fDdgr_YLslbBpw95bU.jpg","https://platform.cstatic-images.com/large/in/v2/83450462-a46f-5878-99f8-b4361d78750e/3b1ed530-5626-4451-b6c5-d4594e7e8aaa/UECWnpoJiW6_7UC6ZC898JA7otc.jpg","https://platform.cstatic-images.com/large/in/v2/83450462-a46f-5878-99f8-b4361d78750e/3b1ed530-5626-4451-b6c5-d4594e7e8aaa/n5ajyZRZzLrPed-BrNzHtDfMOMQ.jpg","https://platform.cstatic-images.com/large/in/v2/83450462-a46f-5878-99f8-b4361d78750e/3b1ed530-5626-4451-b6c5-d4594e7e8aaa/OYUY4ka88vXjxk2rCiMNa2ToQbk.jpg","$24,998","64,397 mi.","Est. $459/mo","https://www.cars.com/vehicledetail/3455049d-9c23-432d-9b1c-d81e023b1bee/","Used 2016 Toyota RAV4 Hybrid Limited","Good Deal","","CarMax Fairfield","","Check Availability","Fairfield, CA (54 mi)",""
"https://platform.cstatic-images.com/large/in/v2/6ad76a76-401e-58e7-88ab-93cb4213a636/a344d16c-5b39-4011-8e71-e0c3feccbc5d/rKab12EwkGEuiA_0TQYNTLPua7I.jpg","https://platform.cstatic-images.com/large/in/v2/6ad76a76-401e-58e7-88ab-93cb4213a636/a344d16c-5b39-4011-8e71-e0c3feccbc5d/x9ZMkHPRAGZXdgfkwvbKkticSNY.jpg","https://platform.cstatic-images.com/large/in/v2/6ad76a76-401e-58e7-88ab-93cb4213a636/a344d16c-5b39-4011-8e71-e0c3feccbc5d/InKlENP1dlvOzDtZzPOiNOBxl8c.jpg","https://platform.cstatic-images.com/large/in/v2/6ad76a76-401e-58e7-88ab-93cb4213a636/a344d16c-5b39-4011-8e71-e0c3feccbc5d/UECWnpoJiW6_7UC6ZC898JA7otc.jpg","https://platform.cstatic-images.com/large/in/v2/6ad76a76-401e-58e7-88ab-93cb4213a636/a344d16c-5b39-4011-8e71-e0c3feccbc5d/pFX-0r8rkGpM3HgPZar0R6OTsF0.jpg","https://platform.cstatic-images.com/large/in/v2/6ad76a76-401e-58e7-88ab-93cb4213a636/a344d16c-5b39-4011-8e71-e0c3feccbc5d/BVPP80Z8sjtujKXLP0AAi35eaUM.jpg","$33,998","36,137 mi.","Est. $625/mo","https://www.cars.com/vehicledetail/ef48fa0b-3c17-4fe8-a15f-05455ddcc737/","Used 2022 Toyota RAV4 Hybrid SE","Good Deal","","CarMax Fremont","","Check Availability","Fremont, CA (91 mi)",""
"https://platform.cstatic-images.com/large/in/v2/7e18de68-60a2-5ab5-99ee-6a5fb1de648d/f7a3a3c6-6981-4b80-b286-47ddc3fdf9a4/4crku6FtcDdh8guKQhydWY4xnsk.jpg","https://platform.cstatic-images.com/large/in/v2/7e18de68-60a2-5ab5-99ee-6a5fb1de648d/f7a3a3c6-6981-4b80-b286-47ddc3fdf9a4/NAViXk59bWR3CnSejnXbh0g7ZiM.jpg","https://platform.cstatic-images.com/large/in/v2/7e18de68-60a2-5ab5-99ee-6a5fb1de648d/f7a3a3c6-6981-4b80-b286-47ddc3fdf9a4/hhHwAPlFJAHOw9ebOsaPY2ubCWg.jpg","https://platform.cstatic-images.com/large/in/v2/7e18de68-60a2-5ab5-99ee-6a5fb1de648d/f7a3a3c6-6981-4b80-b286-47ddc3fdf9a4/lR601iobuUVk8PX6yPPV7laE7RQ.jpg","https://platform.cstatic-images.com/large/in/v2/7e18de68-60a2-5ab5-99ee-6a5fb1de648d/f7a3a3c6-6981-4b80-b286-47ddc3fdf9a4/Q6Y2T5ry8CCkRXBrIu48noQkEfg.jpg","https://platform.cstatic-images.com/large/in/v2/7e18de68-60a2-5ab5-99ee-6a5fb1de648d/f7a3a3c6-6981-4b80-b286-47ddc3fdf9a4/E5erXMOJseX13Hd7mSDLCXjy-yU.jpg","$32,268","18,815 mi.","Est. $593/mo","https://www.cars.com/vehicledetail/4e996c36-d097-4d1a-a5ed-cfe1dd9bfacb/","Used 2025 Toyota RAV4 Hybrid LE","Good Deal","","Hertz Car Sales Roseville","","Check Availability","Roseville, CA (3 mi)","$749"
"https://platform.cstatic-images.com/large/in/v2/877ed8e2-20a9-4890-bca1-da832d28a44f/262a4471-92c0-451b-bade-e237ec5eeca0/pBlS8pNnU6CxR0tYgrDKx_lFC2w.jpg","https://platform.cstatic-images.com/large/in/v2/877ed8e2-20a9-4890-bca1-da832d28a44f/262a4471-92c0-451b-bade-e237ec5eeca0/zJR6HvF0jG-1Rs3vLUwT7NxVQu8.jpg","https://platform.cstatic-images.com/large/in/v2/877ed8e2-20a9-4890-bca1-da832d28a44f/262a4471-92c0-451b-bade-e237ec5eeca0/dB6ESGMxo57ZBGeao_m2VjSDgvQ.jpg","https://platform.cstatic-images.com/large/in/v2/877ed8e2-20a9-4890-bca1-da832d28a44f/262a4471-92c0-451b-bade-e237ec5eeca0/ih0b_gGbPa0MTB-xw8Uxg5HENEA.jpg","https://platform.cstatic-images.com/large/in/v2/877ed8e2-20a9-4890-bca1-da832d28a44f/262a4471-92c0-451b-bade-e237ec5eeca0/qw_ag_v-EQulq2mol7oho9N-U74.jpg","https://platform.cstatic-images.com/large/in/v2/877ed8e2-20a9-4890-bca1-da832d28a44f/262a4471-92c0-451b-bade-e237ec5eeca0/VPv2O2IORhafgr7QNthVeEO6a9E.jpg","$18,395","112,785 mi.","Est. $338/mo","https://www.cars.com/vehicledetail/49482a1a-0ce9-4291-92cb-45a7f916e5de/","Used 2017 Toyota RAV4 Hybrid Limited","Good Deal","","Key Acura of Reno","4.6","Check Availability","Reno, NV (96 mi)",""
"https://platform.cstatic-images.com/large/in/v2/0b833cac-6e17-4ea9-850b-b22f99d4a066/bb6972d7-2143-4376-82e7-a687d58d5225/b1xkeQYilv_xiyiZMTR4oKLFT1Q.jpg","https://platform.cstatic-images.com/large/in/v2/0b833cac-6e17-4ea9-850b-b22f99d4a066/bb6972d7-2143-4376-82e7-a687d58d5225/7uDnZuo548IAskDt_AmbgV3IWiQ.jpg","https://platform.cstatic-images.com/large/in/v2/0b833cac-6e17-4ea9-850b-b22f99d4a066/bb6972d7-2143-4376-82e7-a687d58d5225/o4JtAwiEj0JRi-tOO57ohYkEqlc.jpg","https://platform.cstatic-images.com/large/in/v2/0b833cac-6e17-4ea9-850b-b22f99d4a066/bb6972d7-2143-4376-82e7-a687d58d5225/zCX6J2VMQE7o-MYpTgI1Az0G-7g.jpg","https://platform.cstatic-images.com/large/in/v2/0b833cac-6e17-4ea9-850b-b22f99d4a066/bb6972d7-2143-4376-82e7-a687d58d5225/2lDNxevgQhj2ka8GzyJUFWLmvek.jpg","https://platform.cstatic-images.com/large/in/v2/0b833cac-6e17-4ea9-850b-b22f99d4a066/bb6972d7-2143-4376-82e7-a687d58d5225/Q_8yJsfb7ca-pt89sgyCDMZUSmc.jpg","$18,996","100,184 mi.","Est. $349/mo","https://www.cars.com/vehicledetail/7445530e-ce93-4888-89ae-85ec7c0ccdb0/","Used 2017 Toyota RAV4 Hybrid SE","Good Deal","High Demand","EchoPark Automotive Sacramento - Roseville","4.8","Check Availability","Roseville, CA (4 mi)","$403"
"https://platform.cstatic-images.com/large/in/v2/7a77fc35-dd0b-5041-b784-5cc20953c0f8/8d6d8960-576c-4492-8f06-0272739306e5/9vRWpkRl0hAcTMARIyLWxgY-Dts.jpg","https://platform.cstatic-images.com/large/in/v2/7a77fc35-dd0b-5041-b784-5cc20953c0f8/8d6d8960-576c-4492-8f06-0272739306e5/MuMPjNHrdxjhl7u9EEKDjOUU-z0.jpg","https://platform.cstatic-images.com/large/in/v2/7a77fc35-dd0b-5041-b784-5cc20953c0f8/8d6d8960-576c-4492-8f06-0272739306e5/1GY88VidC-2ij0O4Cx0VXyyahSM.jpg","https://platform.cstatic-images.com/large/in/v2/7a77fc35-dd0b-5041-b784-5cc20953c0f8/8d6d8960-576c-4492-8f06-0272739306e5/UNMo18eXD2PISU5pk2NbLzF_LaQ.jpg","https://platform.cstatic-images.com/large/in/v2/7a77fc35-dd0b-5041-b784-5cc20953c0f8/8d6d8960-576c-4492-8f06-0272739306e5/4IhSnLrG6yDSfaC0ukiXGOJNmUE.jpg","https://platform.cstatic-images.com/large/in/v2/7a77fc35-dd0b-5041-b784-5cc20953c0f8/8d6d8960-576c-4492-8f06-0272739306e5/YZjGiM-YHeQltdMMxAdnpEgdCss.jpg","$38,691","23,150 mi.","Est. $711/mo","https://www.cars.com/vehicledetail/b8aacc6f-5fdd-4423-8bf6-d80757983586/","Used 2025 Toyota RAV4 Hybrid XLE","Good Deal","","Tracy Toyota","4.8","Check Availability","Tracy, CA (66 mi)",""
"https://platform.cstatic-images.com/large/in/v2/4da27434-28ec-439a-8051-3103cf14b74e/68fd13ac-b75a-4631-9bd5-ef5a1688ffa6/SMmVVmIteBcbLtusYRTmqL22eKc.jpg","https://platform.cstatic-images.com/large/in/v2/4da27434-28ec-439a-8051-3103cf14b74e/68fd13ac-b75a-4631-9bd5-ef5a1688ffa6/vy4hBx7NbSRxNL-JbxBm1tsSm1U.jpg","https://platform.cstatic-images.com/large/in/v2/4da27434-28ec-439a-8051-3103cf14b74e/68fd13ac-b75a-4631-9bd5-ef5a1688ffa6/ZeQ2wvsZt6fTtVxJQXExtui-iJA.jpg","https://platform.cstatic-images.com/large/in/v2/4da27434-28ec-439a-8051-3103cf14b74e/68fd13ac-b75a-4631-9bd5-ef5a1688ffa6/UECWnpoJiW6_7UC6ZC898JA7otc.jpg","https://platform.cstatic-images.com/large/in/v2/4da27434-28ec-439a-8051-3103cf14b74e/68fd13ac-b75a-4631-9bd5-ef5a1688ffa6/RFN8ys8XYn_LkWVWi2UysmDNAWw.jpg","https://platform.cstatic-images.com/large/in/v2/4da27434-28ec-439a-8051-3103cf14b74e/68fd13ac-b75a-4631-9bd5-ef5a1688ffa6/tTIAOaxIod-kFu58_Iemffb_UPY.jpg","$31,998","56,068 mi.","Est. $588/mo","https://www.cars.com/vehicledetail/1b05554c-d8c5-4f68-90dc-54ad27f0c9c4/?attribution_type=ship","Used 2020 Toyota RAV4 Hybrid XSE","Good Deal","","CarMax Oceanside","4.1","Check Availability","$149 delivery to Roseville, CA (5 mi)",""
"https://platform.cstatic-images.com/large/in/v2/f9887d99-8a2c-56e3-9663-cf1c9aec627b/dd76a65b-fc0f-4e13-9b00-acfa1f63cd14/peGrCQrIzLH3klg-aWmJjxMZ4to.jpg","https://platform.cstatic-images.com/large/in/v2/f9887d99-8a2c-56e3-9663-cf1c9aec627b/dd76a65b-fc0f-4e13-9b00-acfa1f63cd14/bg7u6ynXmluU_PcH5nXR-Ays35k.jpg","https://platform.cstatic-images.com/large/in/v2/f9887d99-8a2c-56e3-9663-cf1c9aec627b/dd76a65b-fc0f-4e13-9b00-acfa1f63cd14/zULhA1wqYfG0AihK2GS8slA1xdM.jpg","https://platform.cstatic-images.com/large/in/v2/f9887d99-8a2c-56e3-9663-cf1c9aec627b/dd76a65b-fc0f-4e13-9b00-acfa1f63cd14/UECWnpoJiW6_7UC6ZC898JA7otc.jpg","https://platform.cstatic-images.com/large/in/v2/f9887d99-8a2c-56e3-9663-cf1c9aec627b/dd76a65b-fc0f-4e13-9b00-acfa1f63cd14/AwyZ1TpnhEFagvL0gfGI6Ll6iVU.jpg","https://platform.cstatic-images.com/large/in/v2/f9887d99-8a2c-56e3-9663-cf1c9aec627b/dd76a65b-fc0f-4e13-9b00-acfa1f63cd14/BZvtcwxGD-D8zEt1JAoFf_xgOio.jpg","$39,998","29,412 mi.","Est. $735/mo","https://www.cars.com/vehicledetail/cea89999-3ee9-45be-bba3-5ef365943c3b/?attribution_type=ship","Used 2024 Toyota RAV4 Hybrid XLE Premium","Great Deal","","CarMax Palm Desert","","Check Availability","$149 delivery to Roseville, CA (5 mi)",""
"https://platform.cstatic-images.com/large/in/v2/f9887d99-8a2c-56e3-9663-cf1c9aec627b/dd76a65b-fc0f-4e13-9b00-acfa1f63cd14/peGrCQrIzLH3klg-aWmJjxMZ4to.jpg","https://platform.cstatic-images.com/large/in/v2/f9887d99-8a2c-56e3-9663-cf1c9aec627b/dd76a65b-fc0f-4e13-9b00-acfa1f63cd14/bg7u6ynXmluU_PcH5nXR-Ays35k.jpg","https://platform.cstatic-images.com/large/in/v2/f9887d99-8a2c-56e3-9663-cf1c9aec627b/dd76a65b-fc0f-4e13-9b00-acfa1f63cd14/zULhA1wqYfG0AihK2GS8slA1xdM.jpg","https://platform.cstatic-images.com/large/in/v2/f9887d99-8a2c-56e3-9663-cf1c9aec627b/dd76a65b-fc0f-4e13-9b00-acfa1f63cd14/UECWnpoJiW6_7UC6ZC898JA7otc.jpg","https://platform.cstatic-images.com/large/in/v2/f9887d99-8a2c-56e3-9663-cf1c9aec627b/dd76a65b-fc0f-4e13-9b00-acfa1f63cd14/AwyZ1TpnhEFagvL0gfGI6Ll6iVU.jpg","https://platform.cstatic-images.com/large/in/v2/f9887d99-8a2c-56e3-9663-cf1c9aec627b/dd76a65b-fc0f-4e13-9b00-acfa1f63cd14/BZvtcwxGD-D8zEt1JAoFf_xgOio.jpg","$39,998","29,412 mi.","Est. $735/mo","https://www.cars.com/vehicledetail/cea89999-3ee9-45be-bba3-5ef365943c3b/?attribution_type=ship","Used 2024 Toyota RAV4 Hybrid XLE Premium","Great Deal","","CarMax Palm Desert","","","$149 delivery to Roseville, CA (5 mi)",""
"https://platform.cstatic-images.com/large/in/v2/8bff8bdc-83ac-59d2-b31e-13f635516bbc/a12cbbb4-000f-40da-8246-2796806eacdb/dY1f8Ia6YE9mSbVSqP5lsaVCA8Q.jpg","https://platform.cstatic-images.com/large/in/v2/8bff8bdc-83ac-59d2-b31e-13f635516bbc/a12cbbb4-000f-40da-8246-2796806eacdb/vrMG2MTCKMg6DABWa9cGPUPmjn4.jpg","https://platform.cstatic-images.com/large/in/v2/8bff8bdc-83ac-59d2-b31e-13f635516bbc/a12cbbb4-000f-40da-8246-2796806eacdb/CAvNKkXeZdmd3A87s8ZfY0C6Ugk.jpg","https://platform.cstatic-images.com/large/in/v2/8bff8bdc-83ac-59d2-b31e-13f635516bbc/a12cbbb4-000f-40da-8246-2796806eacdb/Y2N150F70OTXvP78Smwui7dBz1I.jpg","https://platform.cstatic-images.com/large/in/v2/8bff8bdc-83ac-59d2-b31e-13f635516bbc/a12cbbb4-000f-40da-8246-2796806eacdb/kGScEiFUb60jGR9o9fuilQUJ1fk.jpg","https://platform.cstatic-images.com/large/in/v2/8bff8bdc-83ac-59d2-b31e-13f635516bbc/a12cbbb4-000f-40da-8246-2796806eacdb/KTjAGXHxRCghDIuikoJHt7sFnn4.jpg","$33,000","40,582 mi.","Est. $606/mo","https://www.cars.com/vehicledetail/895dd67a-8128-4c92-8fde-51b88054e097/?attribution_type=isa","Certified 2023 Toyota RAV4 Hybrid LE","Good Deal","Certified Pre-Owned","Toyota Vallejo","4.8","Check Availability","Vallejo, CA (64 mi)",""
"https://platform.cstatic-images.com/large/in/v2/f233a816-bfeb-5d0a-a8eb-018f7af85a57/8c85318d-0b82-4056-9813-a1f0f0d4e7b1/S2OuFE1RldgaiPmMDlC1trIVpK0.jpg","https://platform.cstatic-images.com/large/in/v2/f233a816-bfeb-5d0a-a8eb-018f7af85a57/8c85318d-0b82-4056-9813-a1f0f0d4e7b1/DPgXxck9ALdPYzzVBsZ74SK_PBM.jpg","https://platform.cstatic-images.com/large/in/v2/f233a816-bfeb-5d0a-a8eb-018f7af85a57/8c85318d-0b82-4056-9813-a1f0f0d4e7b1/I9rlQbbyO5A92VKbiCxLlzI1tK4.jpg","https://platform.cstatic-images.com/large/in/v2/f233a816-bfeb-5d0a-a8eb-018f7af85a57/8c85318d-0b82-4056-9813-a1f0f0d4e7b1/tKYCVNwmAV0d4xx6qpMJDXbdODk.jpg","https://platform.cstatic-images.com/large/in/v2/f233a816-bfeb-5d0a-a8eb-018f7af85a57/8c85318d-0b82-4056-9813-a1f0f0d4e7b1/cgQIUDmiN72kKGE5nItGAbxlq0U.jpg","https://platform.cstatic-images.com/large/in/v2/f233a816-bfeb-5d0a-a8eb-018f7af85a57/8c85318d-0b82-4056-9813-a1f0f0d4e7b1/2W3vrjbPaPFbHqY5Ws32q0MYdEA.jpg","$39,999","25,461 mi.","Est. $735/mo","https://www.cars.com/vehicledetail/b6957f12-b9d6-48d3-acfb-d5ed1c74059e/","Used 2024 Toyota RAV4 Hybrid SE","Good Deal","","Land Rover Rocklin","4.8","Check Availability","Rocklin, CA (8 mi)","$1.2K"
"https://platform.cstatic-images.com/large/in/v2/308c72d1-b466-5983-bd0e-6137344fa353/0993076e-aab2-4674-95a8-7917e0b88784/3SzCxqyeRGaT7vG2-dHJnAeydkU.jpg","https://platform.cstatic-images.com/large/in/v2/308c72d1-b466-5983-bd0e-6137344fa353/0993076e-aab2-4674-95a8-7917e0b88784/9n9I2rTj1dAfoU8nQIKcF4AgnF4.jpg","https://platform.cstatic-images.com/large/in/v2/308c72d1-b466-5983-bd0e-6137344fa353/0993076e-aab2-4674-95a8-7917e0b88784/N5AvQb8XyOX1du-SK9ZMqBJV5QI.jpg","https://platform.cstatic-images.com/large/in/v2/308c72d1-b466-5983-bd0e-6137344fa353/0993076e-aab2-4674-95a8-7917e0b88784/OsGPlUDY6jZuY7gpt9U2clLc2_0.jpg","https://platform.cstatic-images.com/large/in/v2/308c72d1-b466-5983-bd0e-6137344fa353/0993076e-aab2-4674-95a8-7917e0b88784/5HF47dLyKVgbGOrnfJlarofEltI.jpg","https://platform.cstatic-images.com/large/in/v2/308c72d1-b466-5983-bd0e-6137344fa353/0993076e-aab2-4674-95a8-7917e0b88784/q4ZYbV3cZ3tscMo-7XK3F_0xQdI.jpg","$34,000","41,269 mi.","Est. $625/mo","https://www.cars.com/vehicledetail/f9a805d1-aa8f-4247-9912-dca51c3b353a/","Certified 2023 Toyota RAV4 Hybrid XLE","Good Deal","Certified Pre-Owned","Ron Dupratt Ford","4.8","Check Availability","Dixon, CA (34 mi)",""
"https://platform.cstatic-images.com/large/in/v2/e5826b40-2884-526f-ad67-a363fd583107/08fddf9d-420b-4da4-bb07-c69da165e3af/DANdO7y_GIZ1ueqtPt521FRS9G4.jpg","https://platform.cstatic-images.com/large/in/v2/e5826b40-2884-526f-ad67-a363fd583107/08fddf9d-420b-4da4-bb07-c69da165e3af/cEFaBPLjlf82T4YMupJfSWqKYaA.jpg","https://platform.cstatic-images.com/large/in/v2/e5826b40-2884-526f-ad67-a363fd583107/08fddf9d-420b-4da4-bb07-c69da165e3af/EBxkLPCeL-C8zpXp4d3fWTSu2xk.jpg","https://platform.cstatic-images.com/large/in/v2/e5826b40-2884-526f-ad67-a363fd583107/08fddf9d-420b-4da4-bb07-c69da165e3af/UECWnpoJiW6_7UC6ZC898JA7otc.jpg","https://platform.cstatic-images.com/large/in/v2/e5826b40-2884-526f-ad67-a363fd583107/08fddf9d-420b-4da4-bb07-c69da165e3af/naf7Jj_de-cnJOuE-W3ZxpsWc6g.jpg","https://platform.cstatic-images.com/large/in/v2/e5826b40-2884-526f-ad67-a363fd583107/08fddf9d-420b-4da4-bb07-c69da165e3af/wawE7-kerftXgLMT0NeKL9z-8yw.jpg","$32,998","21,066 mi.","Est. $606/mo","https://www.cars.com/vehicledetail/4d17f0b7-8625-4d40-8f15-55a850f6e82f/","Used 2025 Toyota RAV4 Hybrid LE","Great Deal","","CarMax Pleasant Hill","4.2","Check Availability","Pleasant Hill, CA (66 mi)",""
"https://platform.cstatic-images.com/large/in/v2/4a098ca3-270e-5bbe-ab7f-fec880af9b1d/3cefce2f-0510-43f7-8c2e-a004f49b0ece/Qri8LeWWXIgc98Lvle9HWRMPlQg.jpg","https://platform.cstatic-images.com/large/in/v2/4a098ca3-270e-5bbe-ab7f-fec880af9b1d/3cefce2f-0510-43f7-8c2e-a004f49b0ece/rSsU-724tlECMwMGPcylQ-KxYlo.jpg","https://platform.cstatic-images.com/large/in/v2/4a098ca3-270e-5bbe-ab7f-fec880af9b1d/3cefce2f-0510-43f7-8c2e-a004f49b0ece/UBbN2zncEr2gEpBbCh6YZA6P_PI.jpg","https://platform.cstatic-images.com/large/in/v2/4a098ca3-270e-5bbe-ab7f-fec880af9b1d/3cefce2f-0510-43f7-8c2e-a004f49b0ece/UECWnpoJiW6_7UC6ZC898JA7otc.jpg","https://platform.cstatic-images.com/large/in/v2/4a098ca3-270e-5bbe-ab7f-fec880af9b1d/3cefce2f-0510-43f7-8c2e-a004f49b0ece/60V-q_gf0giOv8pwLGAvSOX8KHg.jpg","https://platform.cstatic-images.com/large/in/v2/4a098ca3-270e-5bbe-ab7f-fec880af9b1d/3cefce2f-0510-43f7-8c2e-a004f49b0ece/rQ_wMsKWi_ICw_naCC4WoaIGa1U.jpg","$41,998","20,347 mi.","Est. $772/mo","https://www.cars.com/vehicledetail/ba07ebda-2331-481d-a2b8-8c40ee984068/","Used 2024 Toyota RAV4 Hybrid XLE Premium","Good Deal","","CarMax Santa Rosa","4.7","Check Availability","Santa Rosa, CA (81 mi)",""
"https://platform.cstatic-images.com/large/in/v2/1c607745-aa81-522f-81c7-6797f4f972a8/e8143d1a-d528-4df3-aef7-edf05e89f180/dUmEwo1Vn33FHdaQ2Jw25fkg5LY.jpg","https://platform.cstatic-images.com/large/in/v2/1c607745-aa81-522f-81c7-6797f4f972a8/e8143d1a-d528-4df3-aef7-edf05e89f180/MAVEkIfiIqRbomZdmQIBUmNOcBg.jpg","https://platform.cstatic-images.com/large/in/v2/1c607745-aa81-522f-81c7-6797f4f972a8/e8143d1a-d528-4df3-aef7-edf05e89f180/fApWk3k1jMdEtC37vuf8JsCPdlc.jpg","https://platform.cstatic-images.com/large/in/v2/1c607745-aa81-522f-81c7-6797f4f972a8/e8143d1a-d528-4df3-aef7-edf05e89f180/UECWnpoJiW6_7UC6ZC898JA7otc.jpg","https://platform.cstatic-images.com/large/in/v2/1c607745-aa81-522f-81c7-6797f4f972a8/e8143d1a-d528-4df3-aef7-edf05e89f180/-L_LtOvAjfmJgjKjH3dwx8GfTO0.jpg","https://platform.cstatic-images.com/large/in/v2/1c607745-aa81-522f-81c7-6797f4f972a8/e8143d1a-d528-4df3-aef7-edf05e89f180/VqU3JaCgIA_Tqm4ncFc7hYkk5aE.jpg","$35,998","55,058 mi.","Est. $661/mo","https://www.cars.com/vehicledetail/15102e1c-5182-410b-8764-e781fad5f5a4/","Used 2023 Toyota RAV4 Hybrid XSE","Good Deal","","CarMax Serramonte","4.2","Check Availability","Colma, CA (96 mi)",""
"https://platform.cstatic-images.com/large/in/v2/7a717f3f-b78c-5208-bbcd-2a318776d9ea/65cd8d50-8aa7-468b-a1b9-9d3ab846cb72/Ed_cpBXPDfftj9lKyDfjDTYTK6U.jpg","https://platform.cstatic-images.com/large/in/v2/7a717f3f-b78c-5208-bbcd-2a318776d9ea/65cd8d50-8aa7-468b-a1b9-9d3ab846cb72/Kwe2cZ9ShWIO4Eg-rPrvkvQmewg.jpg","https://platform.cstatic-images.com/large/in/v2/7a717f3f-b78c-5208-bbcd-2a318776d9ea/65cd8d50-8aa7-468b-a1b9-9d3ab846cb72/CbYaXRZ5KdDRIUpB9H2ljz3gQFE.jpg","https://platform.cstatic-images.com/large/in/v2/7a717f3f-b78c-5208-bbcd-2a318776d9ea/65cd8d50-8aa7-468b-a1b9-9d3ab846cb72/wfP5XFC4i1nnuvvmmIZVwCEcCHE.jpg","https://platform.cstatic-images.com/large/in/v2/7a717f3f-b78c-5208-bbcd-2a318776d9ea/65cd8d50-8aa7-468b-a1b9-9d3ab846cb72/Nz7aVPFoBivPVEhhdZsq_R_IGt0.jpg","https://platform.cstatic-images.com/large/in/v2/7a717f3f-b78c-5208-bbcd-2a318776d9ea/65cd8d50-8aa7-468b-a1b9-9d3ab846cb72/Qut9hnF0d8qqz-_pVLaTVZoi7ew.jpg","$34,691","34,968 mi.","Est. $637/mo","https://www.cars.com/vehicledetail/0a9d6c2b-1651-40d3-9d59-6ad0208bffd9/","Used 2021 Toyota RAV4 Hybrid SE","Good Deal","High Demand","Victory Toyota of San Bruno","4.5","Check Availability","San Bruno, CA (97 mi)",""
"https://platform.cstatic-images.com/large/in/v2/f26b1e7d-00bb-5962-ba66-cc8294b6172e/352feacd-5836-4a5c-8ee9-a554b25a8d2b/hH9TJ4RRe7Qh_C6anRZo0zHhugM.jpg","https://platform.cstatic-images.com/large/in/v2/f26b1e7d-00bb-5962-ba66-cc8294b6172e/352feacd-5836-4a5c-8ee9-a554b25a8d2b/MuPVwn64BoyZuYSc-uzizgYk5sE.jpg","https://platform.cstatic-images.com/large/in/v2/f26b1e7d-00bb-5962-ba66-cc8294b6172e/352feacd-5836-4a5c-8ee9-a554b25a8d2b/UoQm9Spz3V7gNSFIGRdxGAGAzyM.jpg","https://platform.cstatic-images.com/large/in/v2/f26b1e7d-00bb-5962-ba66-cc8294b6172e/352feacd-5836-4a5c-8ee9-a554b25a8d2b/4HcSqelPIemE4UybB-H_eI-78Ks.jpg","https://platform.cstatic-images.com/large/in/v2/f26b1e7d-00bb-5962-ba66-cc8294b6172e/352feacd-5836-4a5c-8ee9-a554b25a8d2b/7tLrQzop3ouGwxL517mDEvb0q60.jpg","https://platform.cstatic-images.com/large/in/v2/f26b1e7d-00bb-5962-ba66-cc8294b6172e/352feacd-5836-4a5c-8ee9-a554b25a8d2b/wkIiAy5m--kvMVaQisfP9jXSOyI.jpg","$35,881","53,333 mi.","Est. $659/mo","https://www.cars.com/vehicledetail/12ae822e-5b23-43d0-91ea-1fccb30be5d8/","Used 2023 Toyota RAV4 Hybrid SE","Good Deal","High Demand","Hansel Acura","4.5","Check Availability","Santa Rosa, CA (81 mi)","$110"
"https://platform.cstatic-images.com/large/in/v2/b41f01b5-3943-5013-81ce-2d8fb83ba926/3a8ac4f7-888d-4ca7-af2d-302c1318b59c/Hk4jX7zTel4_EAIyR7LZqI9bNo4.jpg","https://platform.cstatic-images.com/large/in/v2/b41f01b5-3943-5013-81ce-2d8fb83ba926/3a8ac4f7-888d-4ca7-af2d-302c1318b59c/OovmkDZ1-Tt1T0sUUSiJaiQBXFI.jpg","https://platform.cstatic-images.com/large/in/v2/b41f01b5-3943-5013-81ce-2d8fb83ba926/3a8ac4f7-888d-4ca7-af2d-302c1318b59c/vv9Iz3hbob4gEjVLNxhpz2rGg6s.jpg","https://platform.cstatic-images.com/large/in/v2/b41f01b5-3943-5013-81ce-2d8fb83ba926/3a8ac4f7-888d-4ca7-af2d-302c1318b59c/4uFjd-54DvBGkaAW8hs6nB3DCEw.jpg","https://platform.cstatic-images.com/large/in/v2/b41f01b5-3943-5013-81ce-2d8fb83ba926/3a8ac4f7-888d-4ca7-af2d-302c1318b59c/xOy2XQOKB7Ju_uZf2NCOua_fHqU.jpg","https://platform.cstatic-images.com/large/in/v2/b41f01b5-3943-5013-81ce-2d8fb83ba926/3a8ac4f7-888d-4ca7-af2d-302c1318b59c/p35hEPqTreHMPPqabjOXVlTwkPY.jpg","$32,634","19,728 mi.","Est. $599/mo","https://www.cars.com/vehicledetail/f7b64d03-9206-489f-a860-45dac2e9d18e/","Used 2025 Toyota RAV4 Hybrid LE","Good Deal","","Hertz Car Sales Stockton","","Check Availability","Stockton, CA (47 mi)",""
"https://platform.cstatic-images.com/large/in/v2/ac812dc3-b9ba-5fd8-8921-2062271d6a39/6df9939a-0c17-4f15-938b-4644163c0658/UaL5mwOcVFXU_uiUhSGvIYJia7M.jpg","https://platform.cstatic-images.com/large/in/v2/ac812dc3-b9ba-5fd8-8921-2062271d6a39/6df9939a-0c17-4f15-938b-4644163c0658/m8kN9IfklyPdIll9BT5LVR0fXOg.jpg","https://platform.cstatic-images.com/large/in/v2/ac812dc3-b9ba-5fd8-8921-2062271d6a39/6df9939a-0c17-4f15-938b-4644163c0658/UepYlZRPko0h6MN3qwga9WSH1ug.jpg","https://platform.cstatic-images.com/large/in/v2/ac812dc3-b9ba-5fd8-8921-2062271d6a39/6df9939a-0c17-4f15-938b-4644163c0658/P4VlaE3p2820mACvAojQVjpscMg.jpg","https://platform.cstatic-images.com/large/in/v2/ac812dc3-b9ba-5fd8-8921-2062271d6a39/6df9939a-0c17-4f15-938b-4644163c0658/_6FV6qfdySeyczQDs5OW7vhfji4.jpg","https://platform.cstatic-images.com/large/in/v2/ac812dc3-b9ba-5fd8-8921-2062271d6a39/6df9939a-0c17-4f15-938b-4644163c0658/XTyCB3BQN_L7jFiVgPo_ewa6i94.jpg","$31,662","26,640 mi.","Est. $582/mo","https://www.cars.com/vehicledetail/510b0029-33ca-4e05-bb60-35fc5f91da1c/","Used 2025 Toyota RAV4 Hybrid LE","Good Deal","","Hertz Car Sales Sacramento","","Check Availability","Sacramento, CA (10 mi)",""
"https://platform.cstatic-images.com/large/in/v2/6a9bee23-730c-50f4-985b-74b35efbde20/e1c9b64b-a5f1-4eaa-b08d-1e20c2a642fc/_4hYacvj7hmOvzIzENZ4mFgORWw.jpg","https://platform.cstatic-images.com/large/in/v2/6a9bee23-730c-50f4-985b-74b35efbde20/e1c9b64b-a5f1-4eaa-b08d-1e20c2a642fc/F9u9jrSn9ykBLd16YlLtAc4gdjg.jpg","https://platform.cstatic-images.com/large/in/v2/6a9bee23-730c-50f4-985b-74b35efbde20/e1c9b64b-a5f1-4eaa-b08d-1e20c2a642fc/TQANK40CXgJ9BBhZnfH5PNtiaXQ.jpg","https://platform.cstatic-images.com/large/in/v2/6a9bee23-730c-50f4-985b-74b35efbde20/e1c9b64b-a5f1-4eaa-b08d-1e20c2a642fc/UECWnpoJiW6_7UC6ZC898JA7otc.jpg","https://platform.cstatic-images.com/large/in/v2/6a9bee23-730c-50f4-985b-74b35efbde20/e1c9b64b-a5f1-4eaa-b08d-1e20c2a642fc/EJqhOsKDUWS6c7TTYn904HwQZO8.jpg","https://platform.cstatic-images.com/large/in/v2/6a9bee23-730c-50f4-985b-74b35efbde20/e1c9b64b-a5f1-4eaa-b08d-1e20c2a642fc/NHASO2bCZ5PRBwS3ceLjeeoSIfQ.jpg","$27,998","73,272 mi.","Est. $514/mo","https://www.cars.com/vehicledetail/edb4d867-0428-4f11-9788-59a1206d55ba/","Used 2021 Toyota RAV4 Hybrid XLE","Good Deal","","CarMax Sacramento South","","Check Availability","Sacramento, CA (18 mi)",""
"https://platform.cstatic-images.com/large/in/v2/1ba3cb5c-b127-5d76-be62-ad3b7000a526/37206478-0691-4e6c-8c97-7c6dc346279f/Hu9U0wRJlVKN3r_tfOTbIGK2dyY.jpg","https://platform.cstatic-images.com/large/in/v2/1ba3cb5c-b127-5d76-be62-ad3b7000a526/37206478-0691-4e6c-8c97-7c6dc346279f/9WKnHjETq9EOSiU1vLDsqKJnHb4.jpg","https://platform.cstatic-images.com/large/in/v2/1ba3cb5c-b127-5d76-be62-ad3b7000a526/37206478-0691-4e6c-8c97-7c6dc346279f/NpmChfz5QFJWdsQdrfHR5-Af_q8.jpg","https://platform.cstatic-images.com/large/in/v2/1ba3cb5c-b127-5d76-be62-ad3b7000a526/37206478-0691-4e6c-8c97-7c6dc346279f/rIS6zbfmpgDMnGw6fDmYDVLgkws.jpg","https://platform.cstatic-images.com/large/in/v2/1ba3cb5c-b127-5d76-be62-ad3b7000a526/37206478-0691-4e6c-8c97-7c6dc346279f/cmTVEpBgsch4itMY6ME2vZYbYzM.jpg","https://platform.cstatic-images.com/large/in/v2/1ba3cb5c-b127-5d76-be62-ad3b7000a526/37206478-0691-4e6c-8c97-7c6dc346279f/wVk1J1phM_-gc9BFgaDG0hvsJSI.jpg","$37,199","34,180 mi.","Est. $683/mo","https://www.cars.com/vehicledetail/b60b4586-be9c-48fc-9e91-4eed08cce8fa/","Used 2023 Toyota RAV4 Hybrid Limited","Good Deal","High Demand","Magnussen's Toyota Palo Alto","","Check Availability","Palo Alto, CA (100 mi)","$400"
"https://platform.cstatic-images.com/large/in/v2/5263809f-4324-5d11-ae6c-fb79a82b465d/090ce65a-7fcf-44bc-8eed-6c8726169b5a/Q3SL3ziZe2ELmNFXoYu0PUcUguU.jpg","https://platform.cstatic-images.com/large/in/v2/5263809f-4324-5d11-ae6c-fb79a82b465d/090ce65a-7fcf-44bc-8eed-6c8726169b5a/vIXjxK83FlTpO6PZITcDxDbk5gU.jpg","https://platform.cstatic-images.com/large/in/v2/5263809f-4324-5d11-ae6c-fb79a82b465d/090ce65a-7fcf-44bc-8eed-6c8726169b5a/_sj7e5ZrXM7bpxB-u4J733QdRbI.jpg","https://platform.cstatic-images.com/large/in/v2/5263809f-4324-5d11-ae6c-fb79a82b465d/090ce65a-7fcf-44bc-8eed-6c8726169b5a/kGcqHx9ha4YmYtlJl6Hp5L2SGO4.jpg","https://platform.cstatic-images.com/large/in/v2/5263809f-4324-5d11-ae6c-fb79a82b465d/090ce65a-7fcf-44bc-8eed-6c8726169b5a/Hq1AwqwRfK5D2g4CeCvuJLLabnE.jpg","https://platform.cstatic-images.com/large/in/v2/5263809f-4324-5d11-ae6c-fb79a82b465d/090ce65a-7fcf-44bc-8eed-6c8726169b5a/1ZD-rERoHg2DUoJGf9F03JnliO4.jpg","$27,610","72,508 mi.","Est. $507/mo","https://www.cars.com/vehicledetail/42b0280d-454c-4e65-8c39-6cfe7376de23/","Used 2022 Toyota RAV4 Hybrid XLE","Good Deal","","Honda of Oakland","","Check Availability","Oakland, CA (81 mi)","$289"
"https://platform.cstatic-images.com/large/in/v2/35db698d-ed2a-5a52-8c36-57291b62b29b/36b92ef5-54d3-4377-802c-0976e5891a6a/xy_OUj_3TZ8WheU6kkpsPmDBmK0.jpg","https://platform.cstatic-images.com/large/in/v2/35db698d-ed2a-5a52-8c36-57291b62b29b/36b92ef5-54d3-4377-802c-0976e5891a6a/lWFRKg8pPZ1h63LQ4ydbn5ulvSg.jpg","https://platform.cstatic-images.com/large/in/v2/35db698d-ed2a-5a52-8c36-57291b62b29b/36b92ef5-54d3-4377-802c-0976e5891a6a/0SPRUvxHmmBdLcnv9TYMOisrJ70.jpg","https://platform.cstatic-images.com/large/in/v2/35db698d-ed2a-5a52-8c36-57291b62b29b/36b92ef5-54d3-4377-802c-0976e5891a6a/QH5wFlqK1IKywDOZP8ylWjFS1kU.jpg","https://platform.cstatic-images.com/large/in/v2/35db698d-ed2a-5a52-8c36-57291b62b29b/36b92ef5-54d3-4377-802c-0976e5891a6a/vxrUBUVGl0KO1UOJf4WaCXlxFig.jpg","https://platform.cstatic-images.com/large/in/v2/35db698d-ed2a-5a52-8c36-57291b62b29b/36b92ef5-54d3-4377-802c-0976e5891a6a/P8JWfPLteNtNV730BmBsviw845c.jpg","$19,500","127,009 mi.","Est. $358/mo","https://www.cars.com/vehicledetail/3c89d205-e117-42e3-9791-be6b580b4aee/","Used 2019 Toyota RAV4 Hybrid XLE","Good Deal","","OutLet4Cars.com","","Check Availability","Rio Linda, CA (8 mi)","$1.4K"
"https://platform.cstatic-images.com/large/in/v2/47697de9-b570-59cc-94e5-3645d7f68b15/d8caa99c-5d86-49aa-9a15-1fc61577012c/Do_zt77eluPWnCoMh6S1skGaiWc.jpg","https://platform.cstatic-images.com/large/in/v2/47697de9-b570-59cc-94e5-3645d7f68b15/d8caa99c-5d86-49aa-9a15-1fc61577012c/vdr5vBTTato4oYfqIqD1bgXvsEg.jpg","https://platform.cstatic-images.com/large/in/v2/47697de9-b570-59cc-94e5-3645d7f68b15/d8caa99c-5d86-49aa-9a15-1fc61577012c/giENRs3eosHasONOFXjfPQOvIhU.jpg","https://platform.cstatic-images.com/large/in/v2/47697de9-b570-59cc-94e5-3645d7f68b15/d8caa99c-5d86-49aa-9a15-1fc61577012c/8bQMAD85WbNhbh42YyRzzMG1R4M.jpg","https://platform.cstatic-images.com/large/in/v2/47697de9-b570-59cc-94e5-3645d7f68b15/d8caa99c-5d86-49aa-9a15-1fc61577012c/HvCT5Nl_nSvNUInLxqiOui6NgTM.jpg","https://platform.cstatic-images.com/large/in/v2/47697de9-b570-59cc-94e5-3645d7f68b15/d8caa99c-5d86-49aa-9a15-1fc61577012c/3twmrmfcTiFSLWdZ0AoSq8Xf4lE.jpg","$24,988","78,132 mi.","Est. $459/mo","https://www.cars.com/vehicledetail/c902616d-cf14-41c6-94f2-621e82e82a3f/","Used 2019 Toyota RAV4 Hybrid XLE","Good Deal","","Prestige Wholesale","","Check Availability","Sacramento, CA (11 mi)",""
"https://platform.cstatic-images.com/large/in/v2/5180f2d3-a88c-458f-b737-e4f4d2e59d01/26dd1d19-c8c9-4b20-8652-5c8549643dd1/iIBw1Kvixn0NBkEnnhome1IfTOA.jpg","https://platform.cstatic-images.com/large/in/v2/5180f2d3-a88c-458f-b737-e4f4d2e59d01/26dd1d19-c8c9-4b20-8652-5c8549643dd1/zN0Jds1M6vk4FKPzECR5b_JRwTA.jpg","https://platform.cstatic-images.com/large/in/v2/5180f2d3-a88c-458f-b737-e4f4d2e59d01/26dd1d19-c8c9-4b20-8652-5c8549643dd1/FwTlZp9yPEP4zrc6mf7bZw204AU.jpg","https://platform.cstatic-images.com/large/in/v2/5180f2d3-a88c-458f-b737-e4f4d2e59d01/26dd1d19-c8c9-4b20-8652-5c8549643dd1/kr_tXCz70lUFiphjfhNyig3i3Jk.jpg","https://platform.cstatic-images.com/large/in/v2/5180f2d3-a88c-458f-b737-e4f4d2e59d01/26dd1d19-c8c9-4b20-8652-5c8549643dd1/qQw1XIGmRJ3tNXQtCjRAGNCBLK4.jpg","https://platform.cstatic-images.com/large/in/v2/5180f2d3-a88c-458f-b737-e4f4d2e59d01/26dd1d19-c8c9-4b20-8652-5c8549643dd1/J4rcJnfb3OHx9efp51JisNMTFw8.jpg","$19,988","147,389 mi.","Est. $367/mo","https://www.cars.com/vehicledetail/36ecd97f-28e4-48e1-b921-57fc53dafc09/","Used 2019 Toyota RAV4 Hybrid XLE","Good Deal","","Speedy Car Sales","","Check Availability","Sacramento, CA (10 mi)",""
"https://platform.cstatic-images.com/large/in/v2/d90f9575-9d6e-4eb4-ac56-dc63d2310ea2/043888fe-346f-4772-8c9d-346a7f1eb120/vrKLpILsfvcaOXl60Zo1gQb6mwQ.jpg","https://platform.cstatic-images.com/large/in/v2/d90f9575-9d6e-4eb4-ac56-dc63d2310ea2/043888fe-346f-4772-8c9d-346a7f1eb120/SQ2auMRz8Z-1TLog8rQfRVQhAWc.jpg","https://platform.cstatic-images.com/large/in/v2/d90f9575-9d6e-4eb4-ac56-dc63d2310ea2/043888fe-346f-4772-8c9d-346a7f1eb120/XWeCC0wy7jv0IXYE7B-hbrPad-0.jpg","https://platform.cstatic-images.com/large/in/v2/d90f9575-9d6e-4eb4-ac56-dc63d2310ea2/043888fe-346f-4772-8c9d-346a7f1eb120/iC4ozqM5Fy8keelMhQR5IHtbeMg.jpg","https://platform.cstatic-images.com/large/in/v2/d90f9575-9d6e-4eb4-ac56-dc63d2310ea2/043888fe-346f-4772-8c9d-346a7f1eb120/V4fxwEXLqVw0uOiBvtUkYIICkBA.jpg","https://platform.cstatic-images.com/large/in/v2/d90f9575-9d6e-4eb4-ac56-dc63d2310ea2/043888fe-346f-4772-8c9d-346a7f1eb120/jtnJe_bBTLZTgf0Ej_PrU0tSbOg.jpg","$31,999","61,000 mi.","Est. $588/mo","https://www.cars.com/vehicledetail/cc2de07a-2e00-4ef5-9797-10f48378d9d6/","Used 2021 Toyota RAV4 Hybrid SE","Good Deal","","Posh Motors","","Check Availability","Napa, CA (6 mi)",""
"https://platform.cstatic-images.com/large/in/v2/ad6fcf1d-c93f-43f4-a3cf-196ac4ae01f9/1c7f5101-eee9-4233-832c-3e6940b1920f/43Sy41udLbnLtSlXVdzoxqxamX8.jpg","https://platform.cstatic-images.com/large/in/v2/ad6fcf1d-c93f-43f4-a3cf-196ac4ae01f9/1c7f5101-eee9-4233-832c-3e6940b1920f/0nw_n-Z5jOxaOJc_19smG4TqzJs.jpg","https://platform.cstatic-images.com/large/in/v2/ad6fcf1d-c93f-43f4-a3cf-196ac4ae01f9/1c7f5101-eee9-4233-832c-3e6940b1920f/5zlan0r187dRmojGybcTvYBxSL4.jpg","https://platform.cstatic-images.com/large/in/v2/ad6fcf1d-c93f-43f4-a3cf-196ac4ae01f9/1c7f5101-eee9-4233-832c-3e6940b1920f/L8tww-Mz9K_Izdt0XdoH5Zf8QC0.jpg","https://platform.cstatic-images.com/large/in/v2/ad6fcf1d-c93f-43f4-a3cf-196ac4ae01f9/1c7f5101-eee9-4233-832c-3e6940b1920f/w-Aw8bZZ8wxxeaqrgOLfbD2ai0w.jpg","https://platform.cstatic-images.com/large/in/v2/ad6fcf1d-c93f-43f4-a3cf-196ac4ae01f9/1c7f5101-eee9-4233-832c-3e6940b1920f/pzOEJK9n-FtKOGT-kQUK6orAPYQ.jpg","$35,979","26,827 mi.","Est. $661/mo","https://www.cars.com/vehicledetail/8627b018-c78b-42e3-96ac-b01d31d161f0/","Certified 2025 Toyota RAV4 Hybrid XLE","Good Deal","Certified Pre-Owned","Downtown Ford of Sacramento","","Check Availability","Sacramento, CA (11 mi)",""
"https://platform.cstatic-images.com/large/in/v2/83dcb7e3-3a5f-5304-82b1-71c259e6acbb/e67ea70d-e532-4081-8d31-0dade81760a2/ZXCr1a2mOn7MIuUgqABwoJ2FRxI.jpg","https://platform.cstatic-images.com/large/in/v2/83dcb7e3-3a5f-5304-82b1-71c259e6acbb/e67ea70d-e532-4081-8d31-0dade81760a2/ScHJIRlG-tUBqXmAuXwqa5Up2SI.jpg","https://platform.cstatic-images.com/large/in/v2/83dcb7e3-3a5f-5304-82b1-71c259e6acbb/e67ea70d-e532-4081-8d31-0dade81760a2/UeqIo3xHMs1TQo4Lkl12T5E0cRw.jpg","https://platform.cstatic-images.com/large/in/v2/83dcb7e3-3a5f-5304-82b1-71c259e6acbb/e67ea70d-e532-4081-8d31-0dade81760a2/NDvhv9k3aLyHiWNixk_OM5LII7I.jpg","https://platform.cstatic-images.com/large/in/v2/83dcb7e3-3a5f-5304-82b1-71c259e6acbb/e67ea70d-e532-4081-8d31-0dade81760a2/REJskfJdKsmq9GiwlOk9Pz8MX9s.jpg","https://platform.cstatic-images.com/large/in/v2/83dcb7e3-3a5f-5304-82b1-71c259e6acbb/e67ea70d-e532-4081-8d31-0dade81760a2/odJMdUYt3t9fJd2ER7K6bWh8Q6g.jpg","$25,998","53,074 mi.","Est. $478/mo","https://www.cars.com/vehicledetail/52f5ea41-fe8c-45ef-8544-939925137c36/","Used 2016 Toyota RAV4 Hybrid Limited","Fair Deal","","Pioneer Motors","","Check Availability","Grass Valley, CA (40 mi)",""
"https://platform.cstatic-images.com/large/in/v2/b13723cc-22bc-5322-8a7f-50888f15fe96/227bdb77-afae-4883-a542-8e99133b9754/iLFsYMi_T47ZfSdB5HPweASzNJQ.jpg","https://platform.cstatic-images.com/large/in/v2/b13723cc-22bc-5322-8a7f-50888f15fe96/227bdb77-afae-4883-a542-8e99133b9754/N1_Kq2idFqWRhGrY4jZIGVzBazI.jpg","https://platform.cstatic-images.com/large/in/v2/b13723cc-22bc-5322-8a7f-50888f15fe96/227bdb77-afae-4883-a542-8e99133b9754/ahCJiNfvtVKd6INpVtWVa_zne2g.jpg","https://platform.cstatic-images.com/large/in/v2/b13723cc-22bc-5322-8a7f-50888f15fe96/227bdb77-afae-4883-a542-8e99133b9754/eCR2iZ1fwUts8z0fefSGv1o2C6E.jpg","https://platform.cstatic-images.com/large/in/v2/b13723cc-22bc-5322-8a7f-50888f15fe96/227bdb77-afae-4883-a542-8e99133b9754/PoDpHIa_fO9lYVhlYerNEQqLfdo.jpg","https://platform.cstatic-images.com/large/in/v2/b13723cc-22bc-5322-8a7f-50888f15fe96/227bdb77-afae-4883-a542-8e99133b9754/WkMLFmr-CYkEs9r06GZqCDKExj8.jpg","$32,979","32,178 mi.","Est. $606/mo","https://www.cars.com/vehicledetail/87d9d8f3-2c2d-46e8-8ddf-ce3a0e767dfa/","Certified 2024 Toyota RAV4 Hybrid XLE","Good Deal","Certified Pre-Owned","Corwin Ford Reno","3.6","Check Availability","Reno, NV (96 mi)",""
"https://platform.cstatic-images.com/large/in/v2/d9ea95bb-1d90-5508-b036-7ecb6d697348/e49ddcc4-8c79-44b1-b99f-acaddc44e678/vtQBVkEEORxwBPpLpE_BU2s18iY.jpg","https://platform.cstatic-images.com/large/in/v2/d9ea95bb-1d90-5508-b036-7ecb6d697348/e49ddcc4-8c79-44b1-b99f-acaddc44e678/47cSk52pB5S6EXxmCX8ehb0jFi4.jpg","https://platform.cstatic-images.com/large/in/v2/d9ea95bb-1d90-5508-b036-7ecb6d697348/e49ddcc4-8c79-44b1-b99f-acaddc44e678/ibDNR8xyGp21klfvRm7YUAPWVyc.jpg","https://platform.cstatic-images.com/large/in/v2/d9ea95bb-1d90-5508-b036-7ecb6d697348/e49ddcc4-8c79-44b1-b99f-acaddc44e678/ndFits3iYzrejE8HkOYGq11morg.jpg","https://platform.cstatic-images.com/large/in/v2/d9ea95bb-1d90-5508-b036-7ecb6d697348/e49ddcc4-8c79-44b1-b99f-acaddc44e678/GrUlXTjdQ7Cy3PwQadvYxKLkTm8.jpg","https://platform.cstatic-images.com/large/in/v2/d9ea95bb-1d90-5508-b036-7ecb6d697348/e49ddcc4-8c79-44b1-b99f-acaddc44e678/KQFOG_IRmAMe-8wFGLtjX7plWiQ.jpg","$27,900","75,230 mi.","Est. $513/mo","https://www.cars.com/vehicledetail/2282380a-b5a6-4048-8547-9903bce8b560/","Used 2022 Toyota RAV4 Hybrid LE","Good Deal","","Toyota Walnut Creek","3.9","Check Availability","Walnut Creek, CA (70 mi)","$1.1K"
"https://platform.cstatic-images.com/large/in/v2/c2bf228e-bf10-5cce-a4c9-e5e09fb5082c/5ab30fb0-d639-421e-b7ed-bce782d3aad5/k37Y3qlypXF7lGtGHmcNk4aUogg.jpg","https://platform.cstatic-images.com/large/in/v2/c2bf228e-bf10-5cce-a4c9-e5e09fb5082c/5ab30fb0-d639-421e-b7ed-bce782d3aad5/JpT2Zn8zVlXW8csbwcHO7JN0hTY.jpg","https://platform.cstatic-images.com/large/in/v2/c2bf228e-bf10-5cce-a4c9-e5e09fb5082c/5ab30fb0-d639-421e-b7ed-bce782d3aad5/YUrDgAZJrW9n7SJqFjEOAuTZRoc.jpg","https://platform.cstatic-images.com/large/in/v2/c2bf228e-bf10-5cce-a4c9-e5e09fb5082c/5ab30fb0-d639-421e-b7ed-bce782d3aad5/vDc_WNKTYeD3snlJ-T8ENZhnjC4.jpg","https://platform.cstatic-images.com/large/in/v2/c2bf228e-bf10-5cce-a4c9-e5e09fb5082c/5ab30fb0-d639-421e-b7ed-bce782d3aad5/HxHB8SuGbG-Ss9lPt2AGogKb_b0.jpg","https://platform.cstatic-images.com/large/in/v2/c2bf228e-bf10-5cce-a4c9-e5e09fb5082c/5ab30fb0-d639-421e-b7ed-bce782d3aad5/UtSgwohzqnTGmSpn8AGa0UI9nUo.jpg","$43,999","1,722 mi.","Est. $808/mo","https://www.cars.com/vehicledetail/a99fb7d8-993c-42c8-856b-d923ac45fa32/","Used 2025 Toyota RAV4 Hybrid SE","Good Deal","","Downtown Toyota-Subaru of Oakland","3.5","Check Availability","Oakland, CA (81 mi)",""
"https://platform.cstatic-images.com/large/in/v2/2fb5c1ac-5214-53c7-b0e9-f090f9d81f7f/db60346e-8f5c-4114-883b-01b25ae459f1/vZFctQG-KbSBKzLE0Fo9klk_dR8.jpg","https://platform.cstatic-images.com/large/in/v2/2fb5c1ac-5214-53c7-b0e9-f090f9d81f7f/db60346e-8f5c-4114-883b-01b25ae459f1/0f_Pd3vAv53h-18f6Ta39jTiS2k.jpg","https://platform.cstatic-images.com/large/in/v2/2fb5c1ac-5214-53c7-b0e9-f090f9d81f7f/db60346e-8f5c-4114-883b-01b25ae459f1/EXJv0kcwWtQgbxXcZ6whaHNGPMA.jpg","https://platform.cstatic-images.com/large/in/v2/2fb5c1ac-5214-53c7-b0e9-f090f9d81f7f/db60346e-8f5c-4114-883b-01b25ae459f1/UECWnpoJiW6_7UC6ZC898JA7otc.jpg","https://platform.cstatic-images.com/large/in/v2/2fb5c1ac-5214-53c7-b0e9-f090f9d81f7f/db60346e-8f5c-4114-883b-01b25ae459f1/wRrIEiZz4OSj5dn9lRVFIACeUOQ.jpg","https://platform.cstatic-images.com/large/in/v2/2fb5c1ac-5214-53c7-b0e9-f090f9d81f7f/db60346e-8f5c-4114-883b-01b25ae459f1/WjNnCcGmC7kF-P9b8gPdqyITmag.jpg","$33,998","31,612 mi.","Est. $625/mo","https://www.cars.com/vehicledetail/c465eee3-2398-4a01-bf60-10f1490a54de/?attribution_type=ship","Used 2023 Toyota RAV4 Hybrid XLE","Good Deal","","CarMax Escondido","","Check Availability","$149 delivery to Roseville, CA (5 mi)",""
"https://platform.cstatic-images.com/large/in/v2/2d7ec9a1-83d4-4afc-ade5-25a6f78c94b4/34f6c9e3-37eb-458f-a3b9-732102a60078/3Vu2k7Yb2hTy9js7T1Z4rDXJt6Y.jpg","https://platform.cstatic-images.com/large/in/v2/2d7ec9a1-83d4-4afc-ade5-25a6f78c94b4/34f6c9e3-37eb-458f-a3b9-732102a60078/w8BC2NhJxYp0czZW23J6MQkPJCQ.jpg","https://platform.cstatic-images.com/large/in/v2/2d7ec9a1-83d4-4afc-ade5-25a6f78c94b4/34f6c9e3-37eb-458f-a3b9-732102a60078/EBHhEJExqbS0pT94AzCcA0bisfE.jpg","https://platform.cstatic-images.com/large/in/v2/2d7ec9a1-83d4-4afc-ade5-25a6f78c94b4/34f6c9e3-37eb-458f-a3b9-732102a60078/UECWnpoJiW6_7UC6ZC898JA7otc.jpg","https://platform.cstatic-images.com/large/in/v2/2d7ec9a1-83d4-4afc-ade5-25a6f78c94b4/34f6c9e3-37eb-458f-a3b9-732102a60078/k9EKRg3_c1VqTmxXZImV5bjxCPo.jpg","https://platform.cstatic-images.com/large/in/v2/2d7ec9a1-83d4-4afc-ade5-25a6f78c94b4/34f6c9e3-37eb-458f-a3b9-732102a60078/m0LtyDgUSUfgi3_12Jq0KOyIHXU.jpg","$23,998","102,756 mi.","Est. $441/mo","https://www.cars.com/vehicledetail/cd22844a-a0e7-4151-8e57-3d0b46c30394/?attribution_type=ship","Used 2021 Toyota RAV4 Hybrid XLE","Good Deal","","CarMax Victorville","4.7","Check Availability","$99 delivery to Roseville, CA (5 mi)",""
"https://platform.cstatic-images.com/large/in/v2/0a0033b9-8277-561c-bed4-54957b9df4f2/4c30720d-f141-47a0-8303-e1b45754a3f6/ZMTioUOh1qNtBi8lmZx8rzko38Q.jpg","https://platform.cstatic-images.com/large/in/v2/0a0033b9-8277-561c-bed4-54957b9df4f2/4c30720d-f141-47a0-8303-e1b45754a3f6/C44_kKdzmygxYrxTDfSoOfSvwf0.jpg","https://platform.cstatic-images.com/large/in/v2/0a0033b9-8277-561c-bed4-54957b9df4f2/4c30720d-f141-47a0-8303-e1b45754a3f6/xPqVXGLP5L4MwIm05Z--d741m48.jpg","https://platform.cstatic-images.com/large/in/v2/0a0033b9-8277-561c-bed4-54957b9df4f2/4c30720d-f141-47a0-8303-e1b45754a3f6/wmymFd-WYoSZsIl9U3i0_61vWOI.jpg","https://platform.cstatic-images.com/large/in/v2/0a0033b9-8277-561c-bed4-54957b9df4f2/4c30720d-f141-47a0-8303-e1b45754a3f6/cHrZUj10Ko_B4PKxbuNsgRPGw2I.jpg","https://platform.cstatic-images.com/large/in/v2/0a0033b9-8277-561c-bed4-54957b9df4f2/4c30720d-f141-47a0-8303-e1b45754a3f6/oqcR95kcP5uYzygR4if5qNzZNsY.jpg","$41,988","6,311 mi.","Est. $771/mo","https://www.cars.com/vehicledetail/6b55ee74-e004-49cf-b975-e95faa3da753/","Certified 2025 Toyota RAV4 Hybrid XLE Premium","Good Deal","Certified Pre-Owned","Auburn Toyota","5.0","Check Availability","Auburn, CA (19 mi)",""
"https://platform.cstatic-images.com/large/in/v2/cf07eead-43ab-447e-ae91-c4aab41ea58c/4d3706f0-e0d9-4fc2-afc3-ed5acb3facbe/UB7TVYbjdAqkwebF4mQSzKcbUBg.jpg","https://platform.cstatic-images.com/large/in/v2/cf07eead-43ab-447e-ae91-c4aab41ea58c/4d3706f0-e0d9-4fc2-afc3-ed5acb3facbe/n01nPB9f9QrO--W1rInHUZUHx5Q.jpg","https://platform.cstatic-images.com/large/in/v2/cf07eead-43ab-447e-ae91-c4aab41ea58c/4d3706f0-e0d9-4fc2-afc3-ed5acb3facbe/vVBeBXlO1Mey0tcn6N0eVNKuKM0.jpg","https://platform.cstatic-images.com/large/in/v2/cf07eead-43ab-447e-ae91-c4aab41ea58c/4d3706f0-e0d9-4fc2-afc3-ed5acb3facbe/H-ciXjyVUYpzLlfXoe1Qpj5oBP0.jpg","https://platform.cstatic-images.com/large/in/v2/cf07eead-43ab-447e-ae91-c4aab41ea58c/4d3706f0-e0d9-4fc2-afc3-ed5acb3facbe/a2VGY9R4GhP0u3qWDlCb1-sLLRU.jpg","https://platform.cstatic-images.com/large/in/v2/cf07eead-43ab-447e-ae91-c4aab41ea58c/4d3706f0-e0d9-4fc2-afc3-ed5acb3facbe/G2IiUsXdqsr6aF0GKXmkHi1NNjE.jpg","$29,999","67,128 mi.","Est. $551/mo","https://www.cars.com/vehicledetail/8a37a631-6e2b-4151-bf54-b0f0d8574409/","Certified 2021 Toyota RAV4 Hybrid SE","Good Deal","Certified Pre-Owned","Roseville Toyota","4.0","Check Availability","Roseville, CA (4 mi)",""
"https://platform.cstatic-images.com/large/in/v2/0a0033b9-8277-561c-bed4-54957b9df4f2/899f496a-e765-44ce-a5c9-6374767d49e8/6MkmwiVrlKhLP5E_FeEZ5d2yb9M.jpg","https://platform.cstatic-images.com/large/in/v2/0a0033b9-8277-561c-bed4-54957b9df4f2/899f496a-e765-44ce-a5c9-6374767d49e8/Oo-qb0mrK3osJg45MqqrstO8byc.jpg","https://platform.cstatic-images.com/large/in/v2/0a0033b9-8277-561c-bed4-54957b9df4f2/899f496a-e765-44ce-a5c9-6374767d49e8/7EjF0cWa9H79BT4-ZVxmQaYvfEA.jpg","https://platform.cstatic-images.com/large/in/v2/0a0033b9-8277-561c-bed4-54957b9df4f2/899f496a-e765-44ce-a5c9-6374767d49e8/Gxwmxj7b6EyHBOhKxpzAhuH444g.jpg","https://platform.cstatic-images.com/large/in/v2/0a0033b9-8277-561c-bed4-54957b9df4f2/899f496a-e765-44ce-a5c9-6374767d49e8/gylAK_9t4ugSMDvAZJw12ipxT5U.jpg","https://platform.cstatic-images.com/large/in/v2/0a0033b9-8277-561c-bed4-54957b9df4f2/899f496a-e765-44ce-a5c9-6374767d49e8/OK5EbG4qQh1BUbYQ_dZnBxG8tWs.jpg","$35,988","28,370 mi.","Est. $661/mo","https://www.cars.com/vehicledetail/00664e76-1f1d-47a9-bdd8-f88c78075f0e/","Certified 2025 Toyota RAV4 Hybrid XLE","Good Deal","Certified Pre-Owned","Auburn Toyota","5.0","Check Availability","Auburn, CA (19 mi)",""
"https://platform.cstatic-images.com/large/in/v2/3fde04b1-dd2d-5ccc-be9d-7333547fb34c/fe2904cb-cb0f-46e3-ae33-8ade933b88b9/N9MYKf65tjPwDYT0jSqO0W0rqbE.jpg","https://platform.cstatic-images.com/large/in/v2/3fde04b1-dd2d-5ccc-be9d-7333547fb34c/fe2904cb-cb0f-46e3-ae33-8ade933b88b9/QUCwNvsmKtdq1pPK1nSl4cyEF34.jpg","https://platform.cstatic-images.com/large/in/v2/3fde04b1-dd2d-5ccc-be9d-7333547fb34c/fe2904cb-cb0f-46e3-ae33-8ade933b88b9/HVfUIAUSiBHpkXAjj1ItVx0uaOM.jpg","https://platform.cstatic-images.com/large/in/v2/3fde04b1-dd2d-5ccc-be9d-7333547fb34c/fe2904cb-cb0f-46e3-ae33-8ade933b88b9/FeZFcxG45n69_5VYASI9j7CTuLs.jpg","https://platform.cstatic-images.com/large/in/v2/3fde04b1-dd2d-5ccc-be9d-7333547fb34c/fe2904cb-cb0f-46e3-ae33-8ade933b88b9/DzGbyYy4hneFJfzZtkPsz6JqRx4.jpg","https://platform.cstatic-images.com/large/in/v2/3fde04b1-dd2d-5ccc-be9d-7333547fb34c/fe2904cb-cb0f-46e3-ae33-8ade933b88b9/1ToVXC2dVyBO89DmNrBIt5H6T2M.jpg","$25,284","67,635 mi.","Est. $464/mo","https://www.cars.com/vehicledetail/53e7a712-e8ab-451c-9b03-108bbaeaca4c/","Used 2020 Toyota RAV4 Hybrid LE","Good Deal","","AutoNation Subaru Roseville","4.8","Check Availability","Roseville, CA (4 mi)",""
"https://platform.cstatic-images.com/large/in/v2/cf07eead-43ab-447e-ae91-c4aab41ea58c/4ae1da84-4272-4504-8935-f3abc558a41b/RRIRqtKIoBRQ_sb6TatCngBwYa4.jpg","https://platform.cstatic-images.com/large/in/v2/cf07eead-43ab-447e-ae91-c4aab41ea58c/4ae1da84-4272-4504-8935-f3abc558a41b/JivuTsJMHr-ONPwHmx4zE2wmAuE.jpg","https://platform.cstatic-images.com/large/in/v2/cf07eead-43ab-447e-ae91-c4aab41ea58c/4ae1da84-4272-4504-8935-f3abc558a41b/A3DfH5JaIgBnP0PP5zWyt4homww.jpg","https://platform.cstatic-images.com/large/in/v2/cf07eead-43ab-447e-ae91-c4aab41ea58c/4ae1da84-4272-4504-8935-f3abc558a41b/Y3ZB48jhHxW_JwSh-Ug2ljpWNTc.jpg","https://platform.cstatic-images.com/large/in/v2/cf07eead-43ab-447e-ae91-c4aab41ea58c/4ae1da84-4272-4504-8935-f3abc558a41b/jG6rtgE0fhiG55z2t4JpPWFz1Qo.jpg","https://platform.cstatic-images.com/large/in/v2/cf07eead-43ab-447e-ae91-c4aab41ea58c/4ae1da84-4272-4504-8935-f3abc558a41b/WVnuFFe_O5Uzg8oUI_RLHXC3Hqk.jpg","$35,790","11,465 mi.","Est. $657/mo","https://www.cars.com/vehicledetail/b3f15967-4b94-4df8-9cb9-352411c13ee7/","Used 2025 Toyota RAV4 Hybrid LE","Good Deal","High Demand","Roseville Toyota","4.0","Check Availability","Roseville, CA (4 mi)",""
"https://platform.cstatic-images.com/large/in/v2/72df6bae-4c77-5266-8a8a-b8e069b14f48/063bf9b9-0ece-4bd0-806e-469f72d532ef/47-I1rQQFhBxxMXXadVGLuJqpeI.jpg","https://platform.cstatic-images.com/large/in/v2/72df6bae-4c77-5266-8a8a-b8e069b14f48/063bf9b9-0ece-4bd0-806e-469f72d532ef/bOClZcCaZhaCnj77qWvPcb9oZm4.jpg","https://platform.cstatic-images.com/large/in/v2/72df6bae-4c77-5266-8a8a-b8e069b14f48/063bf9b9-0ece-4bd0-806e-469f72d532ef/MfVnqaDnjbxwxWfkieCs4PBxqBI.jpg","https://platform.cstatic-images.com/large/in/v2/72df6bae-4c77-5266-8a8a-b8e069b14f48/063bf9b9-0ece-4bd0-806e-469f72d532ef/OCKUKIJoIIWYxug8VbsmPqHqwA8.jpg","https://platform.cstatic-images.com/large/in/v2/72df6bae-4c77-5266-8a8a-b8e069b14f48/063bf9b9-0ece-4bd0-806e-469f72d532ef/FtdlexZ-vMeI6VI1H4OxLq1G1Zo.jpg","https://platform.cstatic-images.com/large/in/v2/72df6bae-4c77-5266-8a8a-b8e069b14f48/063bf9b9-0ece-4bd0-806e-469f72d532ef/hTaB1RzcH_7mMbOuXn4HOZ5cds8.jpg","$33,971","28,386 mi.","Est. $624/mo","https://www.cars.com/vehicledetail/750910de-4b4e-4022-a00d-2deea8b42154/","Used 2025 Toyota RAV4 Hybrid XLE","Good Deal","","Maita Mazda","4.6","Check Availability","Sacramento, CA (9 mi)",""
"https://platform.cstatic-images.com/large/in/v2/c46fafa6-d1cb-58dc-9b73-4215ab4c7f0c/b50432fd-40a2-4d75-98a7-dc8617dcb67a/jrOPoqLaUgA1LvS_VN0gbEGlJxY.jpg","https://platform.cstatic-images.com/large/in/v2/c46fafa6-d1cb-58dc-9b73-4215ab4c7f0c/b50432fd-40a2-4d75-98a7-dc8617dcb67a/Roko0ih4ghQ_UWpr3P9c1pbmPT8.jpg","https://platform.cstatic-images.com/large/in/v2/c46fafa6-d1cb-58dc-9b73-4215ab4c7f0c/b50432fd-40a2-4d75-98a7-dc8617dcb67a/ISjfrGjvTfc9b6vZgDSLyL91Kz0.jpg","https://platform.cstatic-images.com/large/in/v2/c46fafa6-d1cb-58dc-9b73-4215ab4c7f0c/b50432fd-40a2-4d75-98a7-dc8617dcb67a/43f9o1Zh09WP68fN2PyKK7Y0GLk.jpg","https://platform.cstatic-images.com/large/in/v2/c46fafa6-d1cb-58dc-9b73-4215ab4c7f0c/b50432fd-40a2-4d75-98a7-dc8617dcb67a/VN_9W4fedhC3xkRhHvIfbVqDdCw.jpg","https://platform.cstatic-images.com/large/in/v2/c46fafa6-d1cb-58dc-9b73-4215ab4c7f0c/b50432fd-40a2-4d75-98a7-dc8617dcb67a/V-rtc5GKKBNFjXw2X_RWyeKUWww.jpg","$29,408","51,641 mi.","Est. $540/mo","https://www.cars.com/vehicledetail/2de68c4e-0472-4257-b0a4-75cc7f362123/","Used 2020 Toyota RAV4 Hybrid XLE","Good Deal","High Demand","Manly Hyundai","4.8","Check Availability","Santa Rosa, CA (81 mi)",""
"https://platform.cstatic-images.com/large/in/v2/c82aee1d-93c7-5cf7-a67e-afe54177e116/bc7885ff-3a8b-4865-b748-5ff7ebd11443/AqxrPtr3SxF7PwF8eKj4CJgEHbw.jpg","https://platform.cstatic-images.com/large/in/v2/c82aee1d-93c7-5cf7-a67e-afe54177e116/bc7885ff-3a8b-4865-b748-5ff7ebd11443/10Hxa8CfTAqBlFTtQT8wP6L7AjI.jpg","https://platform.cstatic-images.com/large/in/v2/c82aee1d-93c7-5cf7-a67e-afe54177e116/bc7885ff-3a8b-4865-b748-5ff7ebd11443/p2vlV5M8oa2uEHEQLsiIPR-JlA0.jpg","https://platform.cstatic-images.com/large/in/v2/c82aee1d-93c7-5cf7-a67e-afe54177e116/bc7885ff-3a8b-4865-b748-5ff7ebd11443/ylGGmFtUF1qmCrr6VAMDV0gdBDc.jpg","https://platform.cstatic-images.com/large/in/v2/c82aee1d-93c7-5cf7-a67e-afe54177e116/bc7885ff-3a8b-4865-b748-5ff7ebd11443/eAXLvaqVJDiTcc-ekTKEbc0dFMA.jpg","https://platform.cstatic-images.com/large/in/v2/c82aee1d-93c7-5cf7-a67e-afe54177e116/bc7885ff-3a8b-4865-b748-5ff7ebd11443/OTR6GyqILGLXYKjDylGcle58Xt4.jpg","$28,998","48,871 mi.","Est. $533/mo","https://www.cars.com/vehicledetail/7c83d495-0221-425c-a7c8-6961f9a71b85/","Used 2022 Toyota RAV4 Hybrid LE","Good Deal","","Concord Toyota","4.7","Check Availability","Concord, CA (66 mi)","$601"
"https://platform.cstatic-images.com/large/in/v2/4a0a00d0-556e-513c-805e-ec078af2eb68/592f5d65-b714-47e4-b2b2-2bdc3a71317b/x9BZQO_yurENSuKbeNwARDdG0Wc.jpg","https://platform.cstatic-images.com/large/in/v2/4a0a00d0-556e-513c-805e-ec078af2eb68/592f5d65-b714-47e4-b2b2-2bdc3a71317b/-2HsWKmdqSjfSJGH_ybujh8rDCE.jpg","https://platform.cstatic-images.com/large/in/v2/4a0a00d0-556e-513c-805e-ec078af2eb68/592f5d65-b714-47e4-b2b2-2bdc3a71317b/tmhqqAXFDZ4VhqoO0ZPxEstnyJM.jpg","https://platform.cstatic-images.com/large/in/v2/4a0a00d0-556e-513c-805e-ec078af2eb68/592f5d65-b714-47e4-b2b2-2bdc3a71317b/_snoUHC9iNC_S_NvDWRUdvh7rZk.jpg","https://platform.cstatic-images.com/large/in/v2/4a0a00d0-556e-513c-805e-ec078af2eb68/592f5d65-b714-47e4-b2b2-2bdc3a71317b/PzG-HXAkukT0apshqIq2xQxZFFI.jpg","https://platform.cstatic-images.com/large/in/v2/4a0a00d0-556e-513c-805e-ec078af2eb68/592f5d65-b714-47e4-b2b2-2bdc3a71317b/xUXI0BVdle_3HOAi6lmq43nFQDs.jpg","$33,981","41,317 mi.","Est. $624/mo","https://www.cars.com/vehicledetail/4b62413e-fb30-4b0c-8441-9f81d50ccc0f/","Certified 2025 Toyota RAV4 Hybrid LE","Good Deal","Certified Pre-Owned","Fremont Toyota","4.6","Check Availability","Fremont, CA (91 mi)",""
"https://platform.cstatic-images.com/large/in/v2/7887e9f6-8190-54d2-a2ff-3f370cc27dfd/49163686-4075-4c9c-9061-70d6b0a3ac9e/VHXu5OB10Q_mVSku2PXC0yrfjtU.jpg","https://platform.cstatic-images.com/large/in/v2/7887e9f6-8190-54d2-a2ff-3f370cc27dfd/49163686-4075-4c9c-9061-70d6b0a3ac9e/bnZFDbSN2iBFCCTN31eiSbtTFec.jpg","https://platform.cstatic-images.com/large/in/v2/7887e9f6-8190-54d2-a2ff-3f370cc27dfd/49163686-4075-4c9c-9061-70d6b0a3ac9e/l4mVmbxCTconMdGRuMEONKXO-SI.jpg","https://platform.cstatic-images.com/large/in/v2/7887e9f6-8190-54d2-a2ff-3f370cc27dfd/49163686-4075-4c9c-9061-70d6b0a3ac9e/s8RzEnzHdP7KlRxMv7hgRjJrd3I.jpg","https://platform.cstatic-images.com/large/in/v2/7887e9f6-8190-54d2-a2ff-3f370cc27dfd/49163686-4075-4c9c-9061-70d6b0a3ac9e/pJnOlWXJk1J_7sVnSmDcDABszdg.jpg","https://platform.cstatic-images.com/large/in/v2/7887e9f6-8190-54d2-a2ff-3f370cc27dfd/49163686-4075-4c9c-9061-70d6b0a3ac9e/c17k7Z4pI2o7fHUDkf3Z0hTwVBg.jpg","$28,983","74,904 mi.","Est. $532/mo","https://www.cars.com/vehicledetail/a3c7b934-e272-491c-8cd1-7cbc9762b21c/","Certified 2021 Toyota RAV4 Hybrid XLE","Good Deal","Certified Pre-Owned","One Toyota Of Oakland","4.5","Check Availability","Oakland, CA (83 mi)","$200"
"https://platform.cstatic-images.com/large/in/v2/0b833cac-6e17-4ea9-850b-b22f99d4a066/a1ec8b32-f448-4310-b603-757dd82f3735/povWFAt7yEb79xfbplvPjdiCjH8.jpg","https://platform.cstatic-images.com/large/in/v2/0b833cac-6e17-4ea9-850b-b22f99d4a066/a1ec8b32-f448-4310-b603-757dd82f3735/U3HYEloL98H1LFSQErHCu79IKYU.jpg","https://platform.cstatic-images.com/large/in/v2/0b833cac-6e17-4ea9-850b-b22f99d4a066/a1ec8b32-f448-4310-b603-757dd82f3735/8S4kq_EqVLEcYMJ9FMFvqgJFX0k.jpg","https://platform.cstatic-images.com/large/in/v2/0b833cac-6e17-4ea9-850b-b22f99d4a066/a1ec8b32-f448-4310-b603-757dd82f3735/Pqeb-AwYr4Qv2K4-c0MW5Z2S-kM.jpg","https://platform.cstatic-images.com/large/in/v2/0b833cac-6e17-4ea9-850b-b22f99d4a066/a1ec8b32-f448-4310-b603-757dd82f3735/_khx1FaWxKEp61slgSLzBV1KK2E.jpg","https://platform.cstatic-images.com/large/in/v2/0b833cac-6e17-4ea9-850b-b22f99d4a066/a1ec8b32-f448-4310-b603-757dd82f3735/HcYdSZ7k5DbBtIEXV4SdwivwyHs.jpg","$21,496","109,401 mi.","Est. $395/mo","https://www.cars.com/vehicledetail/6e70f9a1-c11f-4e29-9fcf-2f292e073a51/","Used 2021 Toyota RAV4 Hybrid LE","Good Deal","","EchoPark Automotive Sacramento - Roseville","4.8","Check Availability","Roseville, CA (4 mi)","$303"
"https://platform.cstatic-images.com/large/in/v2/7a77fc35-dd0b-5041-b784-5cc20953c0f8/9c400335-f508-483d-802b-b4cf5de9260a/ZB3ULjpr4Yv4BRXqP0j1lA4vyvY.jpg","https://platform.cstatic-images.com/large/in/v2/7a77fc35-dd0b-5041-b784-5cc20953c0f8/9c400335-f508-483d-802b-b4cf5de9260a/in6bOpVAf9QneC4vFMMueMWezYA.jpg","https://platform.cstatic-images.com/large/in/v2/7a77fc35-dd0b-5041-b784-5cc20953c0f8/9c400335-f508-483d-802b-b4cf5de9260a/1GY88VidC-2ij0O4Cx0VXyyahSM.jpg","https://platform.cstatic-images.com/large/in/v2/7a77fc35-dd0b-5041-b784-5cc20953c0f8/9c400335-f508-483d-802b-b4cf5de9260a/N-Fg0Y-VX6ZRQF-B7WTnW72OZy0.jpg","https://platform.cstatic-images.com/large/in/v2/7a77fc35-dd0b-5041-b784-5cc20953c0f8/9c400335-f508-483d-802b-b4cf5de9260a/7N4nrvnoVaXOxhjxjrHxZKWI59I.jpg","https://platform.cstatic-images.com/large/in/v2/7a77fc35-dd0b-5041-b784-5cc20953c0f8/9c400335-f508-483d-802b-b4cf5de9260a/YZjGiM-YHeQltdMMxAdnpEgdCss.jpg","$24,991","77,663 mi.","Est. $459/mo","https://www.cars.com/vehicledetail/083e61fc-c74c-4cd8-b1cd-8b8ce719101f/","Used 2019 Toyota RAV4 Hybrid XLE","Good Deal","High Demand","Tracy Toyota","4.8","Check Availability","Tracy, CA (66 mi)",""
"https://platform.cstatic-images.com/large/in/v2/e5826b40-2884-526f-ad67-a363fd583107/674923e3-ec39-46cf-b778-5758d4b3c4f7/fNHOfXc3ZComKQ9AF47caA3YQaE.jpg","https://platform.cstatic-images.com/large/in/v2/e5826b40-2884-526f-ad67-a363fd583107/674923e3-ec39-46cf-b778-5758d4b3c4f7/c1BjCuMz1TgQ2iEiRMQp8HVLvTY.jpg","https://platform.cstatic-images.com/large/in/v2/e5826b40-2884-526f-ad67-a363fd583107/674923e3-ec39-46cf-b778-5758d4b3c4f7/LUbeUJwQHtY-oyUIDS1iwvZ6PFU.jpg","https://platform.cstatic-images.com/large/in/v2/e5826b40-2884-526f-ad67-a363fd583107/674923e3-ec39-46cf-b778-5758d4b3c4f7/UECWnpoJiW6_7UC6ZC898JA7otc.jpg","https://platform.cstatic-images.com/large/in/v2/e5826b40-2884-526f-ad67-a363fd583107/674923e3-ec39-46cf-b778-5758d4b3c4f7/4V3rr68BLSaDvprIgWy7CCkydpw.jpg","https://platform.cstatic-images.com/large/in/v2/e5826b40-2884-526f-ad67-a363fd583107/674923e3-ec39-46cf-b778-5758d4b3c4f7/kBFVB_vYJgR-srrzL4p_vGOe1E8.jpg","$23,998","76,193 mi.","Est. $441/mo","https://www.cars.com/vehicledetail/9be4c789-127c-4544-b042-f682022432b0/","Used 2017 Toyota RAV4 Hybrid SE","Good Deal","","CarMax Pleasant Hill","4.2","Check Availability","Pleasant Hill, CA (66 mi)",""
"https://platform.cstatic-images.com/large/in/v2/4a098ca3-270e-5bbe-ab7f-fec880af9b1d/011f7677-2b40-465e-9aac-b7f76fbed584/UCP2wSsfv_4GMM9JiixeoNav6Yw.jpg","https://platform.cstatic-images.com/large/in/v2/4a098ca3-270e-5bbe-ab7f-fec880af9b1d/011f7677-2b40-465e-9aac-b7f76fbed584/zXzbjZV4Kc2vc0J97NJA2Iel7c8.jpg","https://platform.cstatic-images.com/large/in/v2/4a098ca3-270e-5bbe-ab7f-fec880af9b1d/011f7677-2b40-465e-9aac-b7f76fbed584/zhYFJ4-wJim2sNgTMd9KITQmqi8.jpg","https://platform.cstatic-images.com/large/in/v2/4a098ca3-270e-5bbe-ab7f-fec880af9b1d/011f7677-2b40-465e-9aac-b7f76fbed584/UECWnpoJiW6_7UC6ZC898JA7otc.jpg","https://platform.cstatic-images.com/large/in/v2/4a098ca3-270e-5bbe-ab7f-fec880af9b1d/011f7677-2b40-465e-9aac-b7f76fbed584/H0EFJ70Y00FMQ9KRvBnMKtMrj1w.jpg","https://platform.cstatic-images.com/large/in/v2/4a098ca3-270e-5bbe-ab7f-fec880af9b1d/011f7677-2b40-465e-9aac-b7f76fbed584/9q0KvaTs60k4lx_wyuP-_PawRik.jpg","$24,998","46,790 mi.","Est. $459/mo","https://www.cars.com/vehicledetail/52676586-2fb1-4c53-9dbf-093150d72dbf/","Used 2017 Toyota RAV4 Hybrid XLE","Good Deal","","CarMax Santa Rosa","4.7","Check Availability","Santa Rosa, CA (81 mi)",""
"https://platform.cstatic-images.com/large/in/v2/7e18de68-60a2-5ab5-99ee-6a5fb1de648d/3d1657df-87f6-4e36-bc20-f89f999ee295/lRbDUm2PAH5_KHHs8CGQwGTALFc.jpg","https://platform.cstatic-images.com/large/in/v2/7e18de68-60a2-5ab5-99ee-6a5fb1de648d/3d1657df-87f6-4e36-bc20-f89f999ee295/Cv40a4FVEi_-a-En9dSAAtgysS0.jpg","https://platform.cstatic-images.com/large/in/v2/7e18de68-60a2-5ab5-99ee-6a5fb1de648d/3d1657df-87f6-4e36-bc20-f89f999ee295/2X0ED9JCpNq-8x8RymKWCu_8s6k.jpg","https://platform.cstatic-images.com/large/in/v2/7e18de68-60a2-5ab5-99ee-6a5fb1de648d/3d1657df-87f6-4e36-bc20-f89f999ee295/37SYEauHtvxKfFCrArVG2QQI5cQ.jpg","https://platform.cstatic-images.com/large/in/v2/7e18de68-60a2-5ab5-99ee-6a5fb1de648d/3d1657df-87f6-4e36-bc20-f89f999ee295/pegVsW3o2lTzbOGGktjfB8inUn0.jpg","https://platform.cstatic-images.com/large/in/v2/7e18de68-60a2-5ab5-99ee-6a5fb1de648d/3d1657df-87f6-4e36-bc20-f89f999ee295/h5xmabfS4VyhfWRCY4jdOresluc.jpg","$32,374","19,310 mi.","Est. $595/mo","https://www.cars.com/vehicledetail/8058f467-c624-4b3b-aa74-7c0a06ca87cb/","Used 2025 Toyota RAV4 Hybrid LE","Good Deal","","Hertz Car Sales Roseville","","Check Availability","Roseville, CA (3 mi)","$611"
"https://platform.cstatic-images.com/large/in/v2/1c607745-aa81-522f-81c7-6797f4f972a8/23884cea-62c5-4e94-a50d-fedc78c69757/EzP3Q_eYJcz39DrxyM82cuiZN6s.jpg","https://platform.cstatic-images.com/large/in/v2/1c607745-aa81-522f-81c7-6797f4f972a8/23884cea-62c5-4e94-a50d-fedc78c69757/VbxSukBZLyWqBVgyYDGpAic6xeM.jpg","https://platform.cstatic-images.com/large/in/v2/1c607745-aa81-522f-81c7-6797f4f972a8/23884cea-62c5-4e94-a50d-fedc78c69757/wjITLrpc6cRTyQMl0On7YRy1Cfc.jpg","https://platform.cstatic-images.com/large/in/v2/1c607745-aa81-522f-81c7-6797f4f972a8/23884cea-62c5-4e94-a50d-fedc78c69757/UECWnpoJiW6_7UC6ZC898JA7otc.jpg","https://platform.cstatic-images.com/large/in/v2/1c607745-aa81-522f-81c7-6797f4f972a8/23884cea-62c5-4e94-a50d-fedc78c69757/AZvVDtxsE5C8RK2ECDl9mmWOwlY.jpg","https://platform.cstatic-images.com/large/in/v2/1c607745-aa81-522f-81c7-6797f4f972a8/23884cea-62c5-4e94-a50d-fedc78c69757/7mqh1DQLtFBh1MyKYWASr7Q5y4Q.jpg","$39,998","30,617 mi.","Est. $735/mo","https://www.cars.com/vehicledetail/6bf218e8-251a-4f9b-a11d-d5cefd9aa34b/","Used 2024 Toyota RAV4 Hybrid XLE Premium","Good Deal","","CarMax Serramonte","4.2","Check Availability","Colma, CA (96 mi)",""
"https://platform.cstatic-images.com/large/in/v2/ac812dc3-b9ba-5fd8-8921-2062271d6a39/722b5e2c-6bcc-456a-9013-6276cea308a1/SpVggzIlNfzXyXbtwjG-LsIdwe0.jpg","https://platform.cstatic-images.com/large/in/v2/ac812dc3-b9ba-5fd8-8921-2062271d6a39/722b5e2c-6bcc-456a-9013-6276cea308a1/g1ubOUFnLM8lFvK56HcjrdrdRSQ.jpg","https://platform.cstatic-images.com/large/in/v2/ac812dc3-b9ba-5fd8-8921-2062271d6a39/722b5e2c-6bcc-456a-9013-6276cea308a1/SCaY7k0UGcuubcHBEhJHKUGszhQ.jpg","https://platform.cstatic-images.com/large/in/v2/ac812dc3-b9ba-5fd8-8921-2062271d6a39/722b5e2c-6bcc-456a-9013-6276cea308a1/VBK__jM7l7usMD-QgofKL570Rxw.jpg","https://platform.cstatic-images.com/large/in/v2/ac812dc3-b9ba-5fd8-8921-2062271d6a39/722b5e2c-6bcc-456a-9013-6276cea308a1/JheISkhrREGf5uWApbvSktWF_zE.jpg","https://platform.cstatic-images.com/large/in/v2/ac812dc3-b9ba-5fd8-8921-2062271d6a39/722b5e2c-6bcc-456a-9013-6276cea308a1/1cEfj53HD0pjNb1v9sd_O_76Vng.jpg","$32,100","25,873 mi.","Est. $590/mo","https://www.cars.com/vehicledetail/8a6d0e55-7e01-4758-8907-9bae5f2f3ec6/","Used 2025 Toyota RAV4 Hybrid LE","Good Deal","","Hertz Car Sales Sacramento","","Check Availability","Sacramento, CA (10 mi)",""
"https://platform.cstatic-images.com/large/in/v2/6a9bee23-730c-50f4-985b-74b35efbde20/461d316c-5407-401b-8c19-8b0470bf18d1/N8F9D5GomubEcVT89oQF0E_Pl-4.jpg","https://platform.cstatic-images.com/large/in/v2/6a9bee23-730c-50f4-985b-74b35efbde20/461d316c-5407-401b-8c19-8b0470bf18d1/Gf6YMlJtKTx5N_zixIEVfTYNWJk.jpg","https://platform.cstatic-images.com/large/in/v2/6a9bee23-730c-50f4-985b-74b35efbde20/461d316c-5407-401b-8c19-8b0470bf18d1/q14JbaOfOMFTp8Uxn8sd0Dthoz0.jpg","https://platform.cstatic-images.com/large/in/v2/6a9bee23-730c-50f4-985b-74b35efbde20/461d316c-5407-401b-8c19-8b0470bf18d1/UECWnpoJiW6_7UC6ZC898JA7otc.jpg","https://platform.cstatic-images.com/large/in/v2/6a9bee23-730c-50f4-985b-74b35efbde20/461d316c-5407-401b-8c19-8b0470bf18d1/gVkzHIvwCzEO0fdgH6Frbo3AITQ.jpg","https://platform.cstatic-images.com/large/in/v2/6a9bee23-730c-50f4-985b-74b35efbde20/461d316c-5407-401b-8c19-8b0470bf18d1/3PlsHYb1LVLqt1mx0Rs1lTBlX5U.jpg","$30,998","35,957 mi.","Est. $569/mo","https://www.cars.com/vehicledetail/23c819aa-8f6c-49c5-b50c-71f0df67836c/","Used 2021 Toyota RAV4 Hybrid XLE","Good Deal","","CarMax Sacramento South","","Check Availability","Sacramento, CA (18 mi)",""
"https://platform.cstatic-images.com/large/in/v2/7a717f3f-b78c-5208-bbcd-2a318776d9ea/b72c393d-c1de-44aa-9ad3-47ee76ee9bfd/0R0dvF9FloO9Ddb-DgSa5S0ipg4.jpg","https://platform.cstatic-images.com/large/in/v2/7a717f3f-b78c-5208-bbcd-2a318776d9ea/b72c393d-c1de-44aa-9ad3-47ee76ee9bfd/UE5goJlhBVEf2NzNjfENxMMEVso.jpg","https://platform.cstatic-images.com/large/in/v2/7a717f3f-b78c-5208-bbcd-2a318776d9ea/b72c393d-c1de-44aa-9ad3-47ee76ee9bfd/fX4U_8KLScpkh2NoqHUJ6cbDxTs.jpg","https://platform.cstatic-images.com/large/in/v2/7a717f3f-b78c-5208-bbcd-2a318776d9ea/b72c393d-c1de-44aa-9ad3-47ee76ee9bfd/fKOvOpsZchx2z_k8VLXIX0A4kec.jpg","https://platform.cstatic-images.com/large/in/v2/7a717f3f-b78c-5208-bbcd-2a318776d9ea/b72c393d-c1de-44aa-9ad3-47ee76ee9bfd/3H8M8wloh6EzG54jThOm2RGAzlI.jpg","https://platform.cstatic-images.com/large/in/v2/7a717f3f-b78c-5208-bbcd-2a318776d9ea/b72c393d-c1de-44aa-9ad3-47ee76ee9bfd/0HNZTyZntVmLreC6B_hJXdPvczQ.jpg","$35,000","19,970 mi.","Est. $643/mo","https://www.cars.com/vehicledetail/6c4ac7fd-e4f8-4a01-bf11-d8cd1e33e3fd/","Certified 2025 Toyota RAV4 Hybrid XLE","Great Deal","Certified Pre-Owned","Victory Toyota of San Bruno","4.5","Check Availability","San Bruno, CA (97 mi)","$200"
"https://platform.cstatic-images.com/large/in/v2/9d3788d8-36a1-5724-8a11-e222f3892304/3610e48c-45ff-4896-8ffb-e7974e362d19/J2ZM-K0jvb3bG0h8LZt7bwIcZqg.jpg","https://platform.cstatic-images.com/large/in/v2/9d3788d8-36a1-5724-8a11-e222f3892304/3610e48c-45ff-4896-8ffb-e7974e362d19/44frllMoPDF_eguk_mBr-ZABJR8.jpg","https://platform.cstatic-images.com/large/in/v2/9d3788d8-36a1-5724-8a11-e222f3892304/3610e48c-45ff-4896-8ffb-e7974e362d19/ZYJou6PljzsbZReqoQr2SP6qd6Q.jpg","https://platform.cstatic-images.com/large/in/v2/9d3788d8-36a1-5724-8a11-e222f3892304/3610e48c-45ff-4896-8ffb-e7974e362d19/lswSzWJWSjPt_O2a1lEITSY0M1k.jpg","https://platform.cstatic-images.com/large/in/v2/9d3788d8-36a1-5724-8a11-e222f3892304/3610e48c-45ff-4896-8ffb-e7974e362d19/L688wDOcDNl_8u4224g-HxXkZxQ.jpg","https://platform.cstatic-images.com/large/in/v2/9d3788d8-36a1-5724-8a11-e222f3892304/3610e48c-45ff-4896-8ffb-e7974e362d19/08npVqNwzM6SrkYWNqCQi5DmrMM.jpg","$36,865","20,230 mi.","Est. $677/mo","https://www.cars.com/vehicledetail/8d5f6c54-5dc7-4d04-82d0-e24bc48c110f/","Used 2023 Toyota RAV4 Hybrid SE","Good Deal","High Demand","Jimmy Vasser Chevrolet of Napa","","Check Availability","Napa, CA (62 mi)",""
"https://platform.cstatic-images.com/large/in/v2/8578657e-56e4-445b-9950-9dfa9c90f414/08bdf560-424b-4295-9b73-f42434e9defa/DAkxly-UM8uVqzC2ZvwL-6zoHQE.jpg","https://platform.cstatic-images.com/large/in/v2/8578657e-56e4-445b-9950-9dfa9c90f414/08bdf560-424b-4295-9b73-f42434e9defa/JmOsLwkv8fLTHcngUF544efdxbk.jpg","https://platform.cstatic-images.com/large/in/v2/8578657e-56e4-445b-9950-9dfa9c90f414/08bdf560-424b-4295-9b73-f42434e9defa/wrZ8yQ61c5zP89R1z3kb0lkxsRI.jpg","https://platform.cstatic-images.com/large/in/v2/8578657e-56e4-445b-9950-9dfa9c90f414/08bdf560-424b-4295-9b73-f42434e9defa/Lmk_OV5zVFvyn-dshp_dGfUR-l4.jpg","https://platform.cstatic-images.com/large/in/v2/8578657e-56e4-445b-9950-9dfa9c90f414/08bdf560-424b-4295-9b73-f42434e9defa/BJeZTZ0qKMhUCq_rgIl7_XlAyQk.jpg","https://platform.cstatic-images.com/large/in/v2/8578657e-56e4-445b-9950-9dfa9c90f414/08bdf560-424b-4295-9b73-f42434e9defa/HVJdiAG7CSUcge-V1PfR3FZQAGA.jpg","$32,750","73,699 mi.","Est. $602/mo","https://www.cars.com/vehicledetail/4fcc39e4-c1f8-4ba7-a82e-85e84d987482/","Used 2023 Toyota RAV4 Hybrid SE","Good Deal","","Corwin Buick GMC Cadillac Reno","4.6","Check Availability","Reno, NV (98 mi)","$245"
"https://platform.cstatic-images.com/large/in/v2/6a9bee23-730c-50f4-985b-74b35efbde20/b5b09e93-d3f8-4d5a-a951-61090cc47f04/PQ3SgTwIMK3VyguOIbbCicLudJc.jpg","https://platform.cstatic-images.com/large/in/v2/6a9bee23-730c-50f4-985b-74b35efbde20/b5b09e93-d3f8-4d5a-a951-61090cc47f04/JfKoO9QkUhj2X4nR-fHIWchkSeY.jpg","https://platform.cstatic-images.com/large/in/v2/6a9bee23-730c-50f4-985b-74b35efbde20/b5b09e93-d3f8-4d5a-a951-61090cc47f04/lQmx3JrqvWSl6uzlPpyJ6cNFAr0.jpg","https://platform.cstatic-images.com/large/in/v2/6a9bee23-730c-50f4-985b-74b35efbde20/b5b09e93-d3f8-4d5a-a951-61090cc47f04/UECWnpoJiW6_7UC6ZC898JA7otc.jpg","https://platform.cstatic-images.com/large/in/v2/6a9bee23-730c-50f4-985b-74b35efbde20/b5b09e93-d3f8-4d5a-a951-61090cc47f04/Xow8ud9J4zZ1INC8QI-l9tRiQO0.jpg","https://platform.cstatic-images.com/large/in/v2/6a9bee23-730c-50f4-985b-74b35efbde20/b5b09e93-d3f8-4d5a-a951-61090cc47f04/DIJPcRitH6vhaXOZmmgoYI_oBac.jpg","$34,998","24,367 mi.","Est. $643/mo","https://www.cars.com/vehicledetail/69b6fe18-885d-4d36-ad9c-b870968f5825/","Used 2025 Toyota RAV4 Hybrid XLE","","","CarMax Sacramento South","","Check Availability","Sacramento, CA (18 mi)",""
"https://platform.cstatic-images.com/large/in/v2/17c3614e-5027-557d-98b5-ea7d3145bc35/f337197d-c1fd-462d-81fe-5356309d2110/_PD0FxdvnRx39dgPh5NwlrYibAU.jpg","https://platform.cstatic-images.com/large/in/v2/17c3614e-5027-557d-98b5-ea7d3145bc35/f337197d-c1fd-462d-81fe-5356309d2110/knDW5EgJWwlraOvVZ2Ez9xeD7r4.jpg","https://platform.cstatic-images.com/large/in/v2/17c3614e-5027-557d-98b5-ea7d3145bc35/f337197d-c1fd-462d-81fe-5356309d2110/rgbLZbI_FqHPHUXG1jOXIsuYbYg.jpg","https://platform.cstatic-images.com/large/in/v2/17c3614e-5027-557d-98b5-ea7d3145bc35/f337197d-c1fd-462d-81fe-5356309d2110/UECWnpoJiW6_7UC6ZC898JA7otc.jpg","https://platform.cstatic-images.com/large/in/v2/17c3614e-5027-557d-98b5-ea7d3145bc35/f337197d-c1fd-462d-81fe-5356309d2110/4esoiPI5qAEuoPAlCKITSPynKUg.jpg","https://platform.cstatic-images.com/large/in/v2/17c3614e-5027-557d-98b5-ea7d3145bc35/f337197d-c1fd-462d-81fe-5356309d2110/hNh-SKl6pC4orjLY665_T9HIYNE.jpg","$21,998","94,655 mi.","Est. $404/mo","https://www.cars.com/vehicledetail/f30175f7-1bd0-4479-a2d9-35722677d5d7/?attribution_type=ship","Used 2017 Toyota RAV4 Hybrid SE","Good Deal","","CarMax Canoga Park","4.6","Check Availability","$99 delivery to Roseville, CA (5 mi)",""
"https://platform.cstatic-images.com/large/in/v2/ee17e448-187c-5ef3-8168-b2b0dff23113/f47ae9b3-3ca3-410f-a879-0989f1b6bea5/g41Msp8rlvQYFIDgHVgpeT9ne-4.jpg","https://platform.cstatic-images.com/large/in/v2/ee17e448-187c-5ef3-8168-b2b0dff23113/f47ae9b3-3ca3-410f-a879-0989f1b6bea5/T6pBlcXYoc7bTtkUwzdSCafI1S0.jpg","https://platform.cstatic-images.com/large/in/v2/ee17e448-187c-5ef3-8168-b2b0dff23113/f47ae9b3-3ca3-410f-a879-0989f1b6bea5/ieQ1MCEZUztMeDWS23_wsIXpY3c.jpg","https://platform.cstatic-images.com/large/in/v2/ee17e448-187c-5ef3-8168-b2b0dff23113/f47ae9b3-3ca3-410f-a879-0989f1b6bea5/eTedAvq5rLLVlCHqghYQl0GFnWY.jpg","https://platform.cstatic-images.com/large/in/v2/ee17e448-187c-5ef3-8168-b2b0dff23113/f47ae9b3-3ca3-410f-a879-0989f1b6bea5/j00zUC4Gn0ngVQ04oRlBFMuI8G0.jpg","https://platform.cstatic-images.com/large/in/v2/ee17e448-187c-5ef3-8168-b2b0dff23113/f47ae9b3-3ca3-410f-a879-0989f1b6bea5/hrWqXr8M1qRzerpYKd3-YE3h5HA.jpg","$39,590","22,070 mi.","Est. $727/mo","https://www.cars.com/vehicledetail/5be7eaac-0e54-47c3-ab1a-65361869ab11/?attribution_type=ship","Used 2023 Toyota RAV4 Hybrid SE","Good Deal","","XYZ Motors","5.0","Check Availability","$2,815 delivery from Grand Rapids, MI (1877 mi)","$400"