"anchor href","image src","image src 2","image src 3","w_100%","d_inline-flex","textStyle_subHeader","image src 4","textStyle_body","textStyle_body 2","image src 5","textStyle_body 3","textStyle_body 4","image src 6","textStyle_body 5","textStyle_body 6","c_grey"
"https://www.trulia.com/home/6949-franela-way-citrus-heights-ca-95621-25984300","https://www.trulia.com/pictures/thumbs_4/zillowstatic/fp/7bdd5970566707a1a129c6505e7a9ed1-full.webp","https://www.trulia.com/pictures/thumbs_4/zillowstatic/fp/955679a4352aaa75d7df9ca15f749e4f-full.webp","https://www.trulia.com/pictures/thumbs_4/zillowstatic/fp/8e53977518492c899c6276e68be8e4d8-full.webp","Use arrow keys to navigate","NEW - 4 HRS AGO","$485,000","https://www.trulia.com/images/icons/txl3/BedIcon.svg","3","Beds","https://www.trulia.com/images/icons/txl3/BathIcon.svg","2","Baths","https://www.trulia.com/images/icons/txl3/SquareFeetIcon.svg","1,160","sqft","6949 Franela Way, Citrus Heights, CA 95621"
"https://www.trulia.com/home/7069-lynnetree-way-citrus-heights-ca-95610-25984863","https://www.trulia.com/pictures/thumbs_4/zillowstatic/fp/f460fe1a980ae05a82df104fdf9b574a-full.webp","https://www.trulia.com/pictures/thumbs_4/zillowstatic/fp/0b2a44914d693072bb94eede5e582e9e-full.webp","https://www.trulia.com/pictures/thumbs_4/zillowstatic/fp/2e11c1d19d0b855611d07a463ac4aae8-full.webp","Use arrow keys to navigate","NEW - 14 HRS AGO","$545,000","https://www.trulia.com/images/icons/txl3/BedIcon.svg","4","Beds","https://www.trulia.com/images/icons/txl3/BathIcon.svg","2","Baths","https://www.trulia.com/images/icons/txl3/SquareFeetIcon.svg","1,582","sqft","7069 Lynnetree Way, Citrus Heights, CA 95610"
"https://www.trulia.com/home/6920-amberwick-way-citrus-heights-ca-95621-26025528","https://www.trulia.com/pictures/thumbs_4/zillowstatic/fp/4e9c0e6d7022ec0889294ba642ded46c-full.webp","https://www.trulia.com/pictures/thumbs_4/zillowstatic/fp/205f387d673ef7b246c6e8c004cbc841-full.webp","https://www.trulia.com/pictures/thumbs_4/zillowstatic/fp/e69d235195bb51ba8e74ecac5586cf16-full.webp","Use arrow keys to navigate","NEW - 15 HRS AGO","$510,000","https://www.trulia.com/images/icons/txl3/BedIcon.svg","3","Beds","https://www.trulia.com/images/icons/txl3/BathIcon.svg","2","Baths","https://www.trulia.com/images/icons/txl3/SquareFeetIcon.svg","1,426","sqft","6920 Amberwick Way, Citrus Heights, CA 95621"
"https://www.trulia.com/home/6330-slippery-creek-ln-citrus-heights-ca-95621-26026035","https://www.trulia.com/pictures/thumbs_4/zillowstatic/fp/b46694c80044f3c7d0984c337137379a-full.webp","","","Use arrow keys to navigate","NEW - 15 HRS AGO","$345,000","https://www.trulia.com/images/icons/txl3/BedIcon.svg","3","Beds","https://www.trulia.com/images/icons/txl3/BathIcon.svg","2","Baths","https://www.trulia.com/images/icons/txl3/SquareFeetIcon.svg","1,309","sqft","6330 Slippery Creek Ln, Citrus Heights, CA 95621"
"https://www.trulia.com/home/6328-bonham-cir-citrus-heights-ca-95610-26047841","https://www.trulia.com/pictures/thumbs_4/zillowstatic/fp/9407cf0d9bb9712659667cd85db6be1b-full.webp","https://www.trulia.com/pictures/thumbs_4/zillowstatic/fp/49329349ed26af94fb9e1de103e2d94d-full.webp","https://www.trulia.com/pictures/thumbs_4/zillowstatic/fp/7e92eda2ae8f36f1ad3678d6c8fb9e58-full.webp","Use arrow keys to navigate","NEW - 17 HRS AGO","$699,000","https://www.trulia.com/images/icons/txl3/BedIcon.svg","5","Beds","https://www.trulia.com/images/icons/txl3/BathIcon.svg","4","Baths","https://www.trulia.com/images/icons/txl3/SquareFeetIcon.svg","2,085","sqft","6328 Bonham Cir, Citrus Heights, CA 95610"
"https://www.trulia.com/home/7318-sunwood-way-citrus-heights-ca-95621-25985010","https://www.trulia.com/pictures/thumbs_4/zillowstatic/fp/17d8735429aadcca1cbaab24f9ecd85b-full.webp","https://www.trulia.com/pictures/thumbs_4/zillowstatic/fp/5d9d5094e477aa39783b57d6f665afbc-full.webp","https://www.trulia.com/pictures/thumbs_4/zillowstatic/fp/ad5e080e998683cedebe61596afa8b23-full.webp","Use arrow keys to navigate","NEW - 1 DAY AGO","$495,000","https://www.trulia.com/images/icons/txl3/BedIcon.svg","4","Beds","https://www.trulia.com/images/icons/txl3/BathIcon.svg","2","Baths","https://www.trulia.com/images/icons/txl3/SquareFeetIcon.svg","1,454","sqft","7318 Sunwood Way, Citrus Heights, CA 95621"
"https://www.trulia.com/home/7143-bonita-way-citrus-heights-ca-95610-25982580","https://www.trulia.com/pictures/thumbs_4/zillowstatic/fp/4c59f3b08d81cab7078469fee283f8c9-full.webp","https://www.trulia.com/pictures/thumbs_4/zillowstatic/fp/d9a2f96f5dde58558019c5c2e8b70c97-full.webp","https://www.trulia.com/pictures/thumbs_4/zillowstatic/fp/5e6e3a285d27457529c6192a6eac6a60-full.webp","Use arrow keys to navigate","NEW - 1 DAY AGO","$499,000","https://www.trulia.com/images/icons/txl3/BedIcon.svg","3","Beds","https://www.trulia.com/images/icons/txl3/BathIcon.svg","2","Baths","https://www.trulia.com/images/icons/txl3/SquareFeetIcon.svg","1,164","sqft","7143 Bonita Way, Citrus Heights, CA 95610"
"https://www.trulia.com/home/7125-calvin-dr-citrus-heights-ca-95621-25983387","https://www.trulia.com/pictures/thumbs_4/zillowstatic/fp/a2e3c0f5e0481e620bcaab37ea23dcab-full.webp","https://www.trulia.com/pictures/thumbs_4/zillowstatic/fp/50d3a1432992596751a6401612d23916-full.webp","https://www.trulia.com/pictures/thumbs_4/zillowstatic/fp/b2fad2d58e9d90067f03f629b24c8a1a-full.webp","Use arrow keys to navigate","NEW - 1 DAY AGO","$475,000","https://www.trulia.com/images/icons/txl3/BedIcon.svg","4","Beds","https://www.trulia.com/images/icons/txl3/BathIcon.svg","2","Baths","https://www.trulia.com/images/icons/txl3/SquareFeetIcon.svg","1,277","sqft","7125 Calvin Dr, Citrus Heights, CA 95621"
"https://www.trulia.com/home/6401-westbrook-dr-citrus-heights-ca-95621-26022989","https://www.trulia.com/pictures/thumbs_4/zillowstatic/fp/9c72eff8ef0f0f15124b29bb544203bb-full.webp","https://www.trulia.com/pictures/thumbs_4/zillowstatic/fp/0e83bd3d3535f6ee3e95598055e23e1f-full.webp","https://www.trulia.com/pictures/thumbs_4/zillowstatic/fp/4dad7ea30e676cdbd1b8827be0f6a75d-full.webp","Use arrow keys to navigate","NEW - 1 DAY AGO","$480,500","https://www.trulia.com/images/icons/txl3/BedIcon.svg","3","Beds","https://www.trulia.com/images/icons/txl3/BathIcon.svg","2","Baths","https://www.trulia.com/images/icons/txl3/SquareFeetIcon.svg","1,301","sqft","6401 Westbrook Dr, Citrus Heights, CA 95621"
"https://www.trulia.com/home/7987-kingswood-dr-citrus-heights-ca-95610-26033170","https://www.trulia.com/pictures/thumbs_4/zillowstatic/fp/18b59b69bdf2f2c1846a73d486857af5-full.webp","https://www.trulia.com/pictures/thumbs_4/zillowstatic/fp/86b311761a5c598112e083020a21bc98-full.webp","https://www.trulia.com/pictures/thumbs_4/zillowstatic/fp/78e84ab5abc6644f1e6999aeee4ef608-full.webp","Use arrow keys to navigate","NEW - 1 DAY AGO","$425,000","https://www.trulia.com/images/icons/txl3/BedIcon.svg","3","Beds","https://www.trulia.com/images/icons/txl3/BathIcon.svg","2","Baths","https://www.trulia.com/images/icons/txl3/SquareFeetIcon.svg","1,546","sqft","7987 Kingswood Dr, Citrus Heights, CA 95610"
"https://www.trulia.com/home/5812-keyntel-st-citrus-heights-ca-95621-26023950","https://www.trulia.com/pictures/thumbs_4/zillowstatic/fp/6660e4fd9b45712787cd4f596c4cc0bf-full.webp","https://www.trulia.com/pictures/thumbs_4/zillowstatic/fp/9ed683c3b7d413681ad48af6d78bc0b0-full.webp","https://www.trulia.com/pictures/thumbs_4/zillowstatic/fp/8211da53e01ca7845a2f99be94dd9bd6-full.webp","Use arrow keys to navigate","NEW - 2 DAYS AGO","$485,000","https://www.trulia.com/images/icons/txl3/BedIcon.svg","3","Beds","https://www.trulia.com/images/icons/txl3/BathIcon.svg","2","Baths","https://www.trulia.com/images/icons/txl3/SquareFeetIcon.svg","1,220","sqft","5812 Keyntel St, Citrus Heights, CA 95621"
"https://www.trulia.com/home/6717-alden-ln-citrus-heights-ca-95621-2104856586","https://www.trulia.com/pictures/thumbs_4/zillowstatic/fp/906d67f89e328a6ab7e14fdf4a743268-full.webp","https://www.trulia.com/pictures/thumbs_4/zillowstatic/fp/d60094973f8008a4be568dac54b7690c-full.webp","https://www.trulia.com/pictures/thumbs_4/zillowstatic/fp/6473454348df389f74e8a6151ec09845-full.webp","Use arrow keys to navigate","OPEN SAT, 1-3PM","$168,500","https://www.trulia.com/images/icons/txl3/BedIcon.svg","2","Beds","https://www.trulia.com/images/icons/txl3/BathIcon.svg","2","Baths","https://www.trulia.com/images/icons/txl3/SquareFeetIcon.svg","1,368","sqft","6717 Alden Ln, Citrus Heights, CA 95621"
"https://www.trulia.com/home/6016-6016-cackler-ln-citrus-heights-ca-95621-460910091","https://www.trulia.com/pictures/thumbs_4/zillowstatic/fp/1a1fa117bbf89d6d1fb30c153e1cc733-full.webp","https://www.trulia.com/pictures/thumbs_4/zillowstatic/fp/bf2bbf838747f0fbe16fb7adbb2baf38-full.webp","https://www.trulia.com/pictures/thumbs_4/zillowstatic/fp/c61b1ee65b65635d71daee58ab3d628b-full.webp","Use arrow keys to navigate","","$134,900","https://www.trulia.com/images/icons/txl3/BedIcon.svg","2","Beds","https://www.trulia.com/images/icons/txl3/BathIcon.svg","1","Bath","https://www.trulia.com/images/icons/txl3/SquareFeetIcon.svg","800","sqft","6016-6016 Cackler Ln, Citrus Heights, CA 95621"
"https://www.trulia.com/home/7409-kalamazoo-dr-citrus-heights-ca-95610-26033370","https://www.trulia.com/pictures/thumbs_4/zillowstatic/fp/5f272d452d6fc907cd7604bb8afd91b1-full.webp","https://www.trulia.com/pictures/thumbs_4/zillowstatic/fp/44fbf185b7b263818b978af299d32b1f-full.webp","https://www.trulia.com/pictures/thumbs_4/zillowstatic/fp/8e4911a5cd07aa42dc10c809066ca163-full.webp","Use arrow keys to navigate","","$475,000","https://www.trulia.com/images/icons/txl3/BedIcon.svg","3","Beds","https://www.trulia.com/images/icons/txl3/BathIcon.svg","2","Baths","https://www.trulia.com/images/icons/txl3/SquareFeetIcon.svg","1,701","sqft","7409 Kalamazoo Dr, Citrus Heights, CA 95610"
"https://www.trulia.com/home/7548-twin-bridges-ln-citrus-heights-ca-95610-300345520","https://www.trulia.com/pictures/thumbs_4/zillowstatic/fp/f95804bd2b6387d3b6ae4051ab1f2a7a-full.webp","https://www.trulia.com/pictures/thumbs_4/zillowstatic/fp/4f763b8b75fb864f16e88b4b5fbc5ee0-full.webp","https://www.trulia.com/pictures/thumbs_4/zillowstatic/fp/d292c8df95e7033adc79374b0c0cdd1f-full.webp","Use arrow keys to navigate","","$575,000","https://www.trulia.com/images/icons/txl3/BedIcon.svg","3","Beds","https://www.trulia.com/images/icons/txl3/BathIcon.svg","2","Baths","https://www.trulia.com/images/icons/txl3/SquareFeetIcon.svg","1,845","sqft","7548 Twin Bridges Ln, Citrus Heights, CA 95610"
"https://www.trulia.com/home/6630-dunmore-ave-citrus-heights-ca-95621-26022705","https://www.trulia.com/pictures/thumbs_4/zillowstatic/fp/baba50b1e5aeb28997e9c9f915fead9a-full.webp","https://www.trulia.com/pictures/thumbs_4/zillowstatic/fp/2f3b9fe7e43812514508d53b35f131fd-full.webp","https://www.trulia.com/pictures/thumbs_4/zillowstatic/fp/f7f0e43d6429e340527a6e7e9628b0c4-full.webp","Use arrow keys to navigate","","$559,000","https://www.trulia.com/images/icons/txl3/BedIcon.svg","4","Beds","https://www.trulia.com/images/icons/txl3/BathIcon.svg","3","Baths","https://www.trulia.com/images/icons/txl3/SquareFeetIcon.svg","1,400","sqft","6630 Dunmore Ave, Citrus Heights, CA 95621"
"https://www.trulia.com/home/6286-cavan-dr-4-citrus-heights-ca-95621-26024251","https://www.trulia.com/pictures/thumbs_4/zillowstatic/fp/20e2d2a0852822b137ba752f4bbe93d9-full.webp","https://www.trulia.com/pictures/thumbs_4/zillowstatic/fp/d43d380d27018584e5ce0a9710e2caae-full.webp","https://www.trulia.com/pictures/thumbs_4/zillowstatic/fp/f921a5499602e3fd2f4834b359ea7fd2-full.webp","Use arrow keys to navigate","","$220,000","https://www.trulia.com/images/icons/txl3/BedIcon.svg","2","Beds","https://www.trulia.com/images/icons/txl3/BathIcon.svg","1","Bath","https://www.trulia.com/images/icons/txl3/SquareFeetIcon.svg","924","sqft","6286 Cavan Dr #4, Citrus Heights, CA 95621"
"https://www.trulia.com/home/7080-dolan-way-citrus-heights-ca-95621-25983370","https://www.trulia.com/pictures/thumbs_4/zillowstatic/fp/8b718e20fe34975695d6710d72aca7c2-full.webp","https://www.trulia.com/pictures/thumbs_4/zillowstatic/fp/b63a63e226e8ccc54a214e8f66dfa469-full.webp","https://www.trulia.com/pictures/thumbs_4/zillowstatic/fp/762410e51d3f51fb219acf0cf9a36cad-full.webp","Use arrow keys to navigate","0.25 ACRES","$499,900","https://www.trulia.com/images/icons/txl3/BedIcon.svg","4","Beds","https://www.trulia.com/images/icons/txl3/BathIcon.svg","2","Baths","https://www.trulia.com/images/icons/txl3/SquareFeetIcon.svg","2,115","sqft","7080 Dolan Way, Citrus Heights, CA 95621"
"https://www.trulia.com/home/7408-westgate-dr-citrus-heights-ca-95610-26046867","https://www.trulia.com/pictures/thumbs_4/zillowstatic/fp/de1b1286fed01c84222e68864d7f506c-full.webp","https://www.trulia.com/pictures/thumbs_4/zillowstatic/fp/536ed68a028ab1d2d50d11f7e8232154-full.webp","https://www.trulia.com/pictures/thumbs_4/zillowstatic/fp/c26f3fc99e71cbce9acacad591dd2274-full.webp","Use arrow keys to navigate","0.25 ACRES","$530,000","https://www.trulia.com/images/icons/txl3/BedIcon.svg","3","Beds","https://www.trulia.com/images/icons/txl3/BathIcon.svg","2","Baths","https://www.trulia.com/images/icons/txl3/SquareFeetIcon.svg","1,047","sqft","7408 Westgate Dr, Citrus Heights, CA 95610"
"https://www.trulia.com/home/8344-big-oak-dr-citrus-heights-ca-95610-59378065","https://www.trulia.com/pictures/thumbs_4/zillowstatic/fp/b875a8cc019376dc8057d319786a57c4-full.webp","https://www.trulia.com/pictures/thumbs_4/zillowstatic/fp/03e8e5e2fbd554e3045783ef5376857d-full.webp","https://www.trulia.com/pictures/thumbs_4/zillowstatic/fp/89407ff9f056f6abf1631c225136a066-full.webp","Use arrow keys to navigate","OPEN SAT, 2-4PM","$195,000","https://www.trulia.com/images/icons/txl3/BedIcon.svg","2","Beds","https://www.trulia.com/images/icons/txl3/BathIcon.svg","2","Baths","https://www.trulia.com/images/icons/txl3/SquareFeetIcon.svg","1,228","sqft","8344 Big Oak Dr, Citrus Heights, CA 95610"
"https://www.trulia.com/home/8041-alta-vista-ln-citrus-heights-ca-95610-26033126","https://www.trulia.com/pictures/thumbs_4/zillowstatic/fp/53b0582500269d1957c29b39a8484845-full.webp","https://www.trulia.com/pictures/thumbs_4/zillowstatic/fp/df9b3279c85277068032ac24de09887b-full.webp","https://www.trulia.com/pictures/thumbs_4/zillowstatic/fp/48eaa26043dbf0456e84222348c135ce-full.webp","Use arrow keys to navigate","","$485,000","https://www.trulia.com/images/icons/txl3/BedIcon.svg","3","Beds","https://www.trulia.com/images/icons/txl3/BathIcon.svg","2","Baths","https://www.trulia.com/images/icons/txl3/SquareFeetIcon.svg","1,654","sqft","8041 Alta Vista Ln, Citrus Heights, CA 95610"
"https://www.trulia.com/home/8391-cranford-way-citrus-heights-ca-95610-26067314","https://www.trulia.com/pictures/thumbs_4/zillowstatic/fp/f5a30d3843e35b95682affa1264c393f-full.webp","https://www.trulia.com/pictures/thumbs_4/zillowstatic/fp/aecb8aaf9a2b8cf999722281b1f6e730-full.webp","https://www.trulia.com/pictures/thumbs_4/zillowstatic/fp/8a468ea70cd4c83c449afe4616979206-full.webp","Use arrow keys to navigate","","$499,000","https://www.trulia.com/images/icons/txl3/BedIcon.svg","3","Beds","https://www.trulia.com/images/icons/txl3/BathIcon.svg","2","Baths","https://www.trulia.com/images/icons/txl3/SquareFeetIcon.svg","1,326","sqft","8391 Cranford Way, Citrus Heights, CA 95610"
"https://www.trulia.com/home/6845-caywood-ct-citrus-heights-ca-95621-59378660","https://www.trulia.com/pictures/thumbs_4/zillowstatic/fp/1e1ef78c92f233c0be47794448c5d398-full.webp","https://www.trulia.com/pictures/thumbs_4/zillowstatic/fp/4898303236be0846b8ca866f9078f467-full.webp","https://www.trulia.com/pictures/thumbs_4/zillowstatic/fp/854f140b812fe844059cad744a77b982-full.webp","Use arrow keys to navigate","","$165,000","https://www.trulia.com/images/icons/txl3/BedIcon.svg","2","Beds","https://www.trulia.com/images/icons/txl3/BathIcon.svg","2","Baths","https://www.trulia.com/images/icons/txl3/SquareFeetIcon.svg","1,536","sqft","6845 Caywood Ct, Citrus Heights, CA 95621"
"https://www.trulia.com/home/7217-springleaf-ct-citrus-heights-ca-95621-25985192","https://www.trulia.com/pictures/thumbs_4/zillowstatic/fp/0a3be547e565e79691fa4a33a3999a91-full.webp","https://www.trulia.com/pictures/thumbs_4/zillowstatic/fp/6039f5c044d4f6c8ef94b630fb129012-full.webp","https://www.trulia.com/pictures/thumbs_4/zillowstatic/fp/c597692824940fcde51cbc86a3a3341b-full.webp","Use arrow keys to navigate","","$535,000","https://www.trulia.com/images/icons/txl3/BedIcon.svg","3","Beds","https://www.trulia.com/images/icons/txl3/BathIcon.svg","2","Baths","https://www.trulia.com/images/icons/txl3/SquareFeetIcon.svg","1,298","sqft","7217 Springleaf Court, Citrus Heights, CA 95621"
"https://www.trulia.com/home/7036-catamaran-dr-citrus-heights-ca-95621-26004954","https://www.trulia.com/pictures/thumbs_4/zillowstatic/fp/31f35370fc38bf3880d3a68b694c113c-full.webp","https://www.trulia.com/pictures/thumbs_4/zillowstatic/fp/a0ac3cb3a4bd4cd41941b6c6b4190d71-full.webp","https://www.trulia.com/pictures/thumbs_4/zillowstatic/fp/2fdf39bf795295c7cec7eca74c73d8f3-full.webp","Use arrow keys to navigate","","$429,000","https://www.trulia.com/images/icons/txl3/BedIcon.svg","4","Beds","https://www.trulia.com/images/icons/txl3/BathIcon.svg","2","Baths","https://www.trulia.com/images/icons/txl3/SquareFeetIcon.svg","1,578","sqft","7036 Catamaran Dr, Citrus Heights, CA 95621"
"https://www.trulia.com/home/7443-heritage-meadow-pl-citrus-heights-ca-95610-26010265","https://www.trulia.com/pictures/thumbs_4/zillowstatic/fp/177b7b4211cfa4cf0a12208138a4eda3-full.webp","https://www.trulia.com/pictures/thumbs_4/zillowstatic/fp/fb47efb452f7c0e5218ca01caf7d933d-full.webp","https://www.trulia.com/pictures/thumbs_4/zillowstatic/fp/40ae6a7dd2b7e2de83cdad6774a19682-full.webp","Use arrow keys to navigate","","$475,000","https://www.trulia.com/images/icons/txl3/BedIcon.svg","3","Beds","https://www.trulia.com/images/icons/txl3/BathIcon.svg","2","Baths","https://www.trulia.com/images/icons/txl3/SquareFeetIcon.svg","2,460","sqft","7443 Heritage Meadow Pl, Citrus Heights, CA 95610"
"https://www.trulia.com/home/8227-cripple-oak-ct-citrus-heights-ca-95610-26009579","https://www.trulia.com/pictures/thumbs_4/zillowstatic/fp/e0583ba6588126518d9410b274c845b7-full.webp","https://www.trulia.com/pictures/thumbs_4/zillowstatic/fp/5fb131f4cdaaa412a9de429155eb2f99-full.webp","https://www.trulia.com/pictures/thumbs_4/zillowstatic/fp/8fda9f2538414971092040767f1dd90a-full.webp","Use arrow keys to navigate","","$640,000","https://www.trulia.com/images/icons/txl3/BedIcon.svg","4","Beds","https://www.trulia.com/images/icons/txl3/BathIcon.svg","3","Baths","https://www.trulia.com/images/icons/txl3/SquareFeetIcon.svg","2,322","sqft","8227 Cripple Oak Ct, Citrus Heights, CA 95610"
"https://www.trulia.com/home/7539-quail-nest-pl-citrus-heights-ca-95610-26011111","https://www.trulia.com/pictures/thumbs_4/zillowstatic/fp/a0faae63109d5c10d957bc73e3833295-full.webp","https://www.trulia.com/pictures/thumbs_4/zillowstatic/fp/1789fcb66ab9552e7d1813595eebee47-full.webp","https://www.trulia.com/pictures/thumbs_4/zillowstatic/fp/7894ecae4de1b4b58edbb0ee3e8cfb98-full.webp","Use arrow keys to navigate","","$485,000","https://www.trulia.com/images/icons/txl3/BedIcon.svg","3","Beds","https://www.trulia.com/images/icons/txl3/BathIcon.svg","2","Baths","https://www.trulia.com/images/icons/txl3/SquareFeetIcon.svg","1,523","sqft","7539 Quail Nest Pl, Citrus Heights, CA 95610"
"https://www.trulia.com/home/7411-black-tree-ln-3-citrus-heights-ca-95610-2086615492","https://www.trulia.com/pictures/thumbs_4/zillowstatic/fp/40ef06861259ea6f2be3f2e85b933424-full.webp","https://www.trulia.com/pictures/thumbs_4/zillowstatic/fp/48d19e864b74ca14471ae5fd50188093-full.webp","https://www.trulia.com/pictures/thumbs_4/zillowstatic/fp/29a4268f125e56ed34d2393e2aaf8a17-full.webp","Use arrow keys to navigate","","$525,000","https://www.trulia.com/images/icons/txl3/BedIcon.svg","3","Beds","https://www.trulia.com/images/icons/txl3/BathIcon.svg","2","Baths","https://www.trulia.com/images/icons/txl3/SquareFeetIcon.svg","2,098","sqft","7411 Black Tree Ln #3, Citrus Heights, CA 95610"
"https://www.trulia.com/home/7877-sayonara-dr-citrus-heights-ca-95610-26047051","https://www.trulia.com/pictures/thumbs_4/zillowstatic/fp/663f556d77e51916cdbd3c73e918b8bf-full.webp","https://www.trulia.com/pictures/thumbs_4/zillowstatic/fp/209aafbe7ebe4998f48072100e5821e0-full.webp","https://www.trulia.com/pictures/thumbs_4/zillowstatic/fp/f5a607cf53aac346696b0a0d6bd7d5d2-full.webp","Use arrow keys to navigate","FORECLOSURE","$850,000","https://www.trulia.com/images/icons/txl3/BedIcon.svg","8","Beds","https://www.trulia.com/images/icons/txl3/BathIcon.svg","4","Baths","https://www.trulia.com/images/icons/txl3/SquareFeetIcon.svg","3,576","sqft","7877 Sayonara Dr, Citrus Heights, CA 95610"
"https://www.trulia.com/home/6442-auburn-blvd-4-citrus-heights-ca-95621-26024355","https://www.trulia.com/pictures/thumbs_4/zillowstatic/fp/614463bafe6750f1fec331496bedb877-full.webp","https://www.trulia.com/pictures/thumbs_4/zillowstatic/fp/a50345e22e62b0d5246d5244956bcab3-full.webp","https://www.trulia.com/pictures/thumbs_4/zillowstatic/fp/7e328cab2965d885ad911b37f0ab5442-full.webp","Use arrow keys to navigate","","$225,000","https://www.trulia.com/images/icons/txl3/BedIcon.svg","2","Beds","https://www.trulia.com/images/icons/txl3/BathIcon.svg","1","Bath","https://www.trulia.com/images/icons/txl3/SquareFeetIcon.svg","924","sqft","6442 Auburn Blvd #4, Citrus Heights, CA 95621"
"https://www.trulia.com/home/77168-lauppe-ln-citrus-heights-ca-95621-59379213","https://www.trulia.com/pictures/thumbs_4/zillowstatic/fp/7e0ae179de7decdd151b37f52ec7d1a1-full.webp","https://www.trulia.com/pictures/thumbs_4/zillowstatic/fp/7c4ed97b560fd870b17b2b293437f503-full.webp","https://www.trulia.com/pictures/thumbs_4/zillowstatic/fp/0388b2af53f02c51826bf1af34d48f1e-full.webp","Use arrow keys to navigate","","$99,000","https://www.trulia.com/images/icons/txl3/BedIcon.svg","3","Beds","https://www.trulia.com/images/icons/txl3/BathIcon.svg","2","Baths","https://www.trulia.com/images/icons/txl3/SquareFeetIcon.svg","1,440","sqft","77168 Lauppe Ln, Citrus Heights, CA 95621"
"https://www.trulia.com/home/92-tallwood-cir-citrus-heights-ca-95621-240358846","https://www.trulia.com/pictures/thumbs_4/zillowstatic/fp/ef76ecd1b36c21caef3fe7c47aceaaf3-full.webp","https://www.trulia.com/pictures/thumbs_4/zillowstatic/fp/870559d9d8b9064a6407b19dee0a3e17-full.webp","https://www.trulia.com/pictures/thumbs_4/zillowstatic/fp/8f605f42c814bf0e9760968e717f9cc7-full.webp","Use arrow keys to navigate","","$89,000","https://www.trulia.com/images/icons/txl3/BedIcon.svg","2","Beds","https://www.trulia.com/images/icons/txl3/BathIcon.svg","1","Bath","https://www.trulia.com/images/icons/txl3/SquareFeetIcon.svg","784","sqft","92 Tallwood Cir, Citrus Heights, CA 95621"
"https://www.trulia.com/home/7862-paseo-de-daly-citrus-heights-ca-95610-337978083","https://www.trulia.com/pictures/thumbs_4/zillowstatic/fp/f3ad1f01ff0283b76082eb9606352aef-full.webp","https://www.trulia.com/pictures/thumbs_4/zillowstatic/fp/e43587e46a8fe5ee6b7da3cae7e391e7-full.webp","https://www.trulia.com/pictures/thumbs_4/zillowstatic/fp/63596986f07d6f487c54751e5e31ad39-full.webp","Use arrow keys to navigate","","$500,000","https://www.trulia.com/images/icons/txl3/BedIcon.svg","3","Beds","https://www.trulia.com/images/icons/txl3/BathIcon.svg","2","Baths","https://www.trulia.com/images/icons/txl3/SquareFeetIcon.svg","1,508","sqft","7862 Paseo De Daly, Citrus Heights, CA 95610"
"https://www.trulia.com/home/7248-minuet-way-citrus-heights-ca-95621-25983487","https://www.trulia.com/pictures/thumbs_4/zillowstatic/fp/69a9bfc7795f6239a53be501e6b4aabd-full.webp","https://www.trulia.com/pictures/thumbs_4/zillowstatic/fp/7f59e5cada11f9f7205a78b30f020e52-full.webp","https://www.trulia.com/pictures/thumbs_4/zillowstatic/fp/caf65781ff2846b49a4ccfc4dad778fe-full.webp","Use arrow keys to navigate","","Price Unknown","https://www.trulia.com/images/icons/txl3/BedIcon.svg","3","Beds","https://www.trulia.com/images/icons/txl3/BathIcon.svg","1","Bath","https://www.trulia.com/images/icons/txl3/SquareFeetIcon.svg","1,048","sqft","7248 Minuet Way, Citrus Heights, CA 95621"
"https://www.trulia.com/home/5765-sperry-dr-citrus-heights-ca-95621-26030896","https://www.trulia.com/pictures/thumbs_4/zillowstatic/fp/9e8805cada0e842e0172e71cc7768ec9-full.webp","https://www.trulia.com/pictures/thumbs_4/zillowstatic/fp/e09ff667ac8946de1ac3ca17e57e37f9-full.webp","https://www.trulia.com/pictures/thumbs_4/zillowstatic/fp/7a2df280574b953cefa139a352024e0f-full.webp","Use arrow keys to navigate","","$529,000","https://www.trulia.com/images/icons/txl3/BedIcon.svg","3","Beds","https://www.trulia.com/images/icons/txl3/BathIcon.svg","2","Baths","https://www.trulia.com/images/icons/txl3/SquareFeetIcon.svg","1,627","sqft","5765 Sperry Dr, Citrus Heights, CA 95621"
"https://www.trulia.com/home/8580-villaview-dr-citrus-heights-ca-95621-25981612","https://www.trulia.com/pictures/thumbs_4/zillowstatic/fp/21583ca6bc0e7f4e42cc233d8f32167c-full.webp","https://www.trulia.com/pictures/thumbs_4/zillowstatic/fp/112cd3f84b54628359e1a701fd661462-full.webp","https://www.trulia.com/pictures/thumbs_4/zillowstatic/fp/e4a54916dfbd71a0dbc4252002d60df5-full.webp","Use arrow keys to navigate","","$445,000","https://www.trulia.com/images/icons/txl3/BedIcon.svg","3","Beds","https://www.trulia.com/images/icons/txl3/BathIcon.svg","2","Baths","https://www.trulia.com/images/icons/txl3/SquareFeetIcon.svg","1,137","sqft","8580 Villaview Dr, Citrus Heights, CA 95621"
"https://www.trulia.com/home/6612-shamus-ct-citrus-heights-ca-95621-59378507","https://www.trulia.com/pictures/thumbs_4/zillowstatic/fp/bf6deca3e81eace5f618ffb7aa884355-full.webp","https://www.trulia.com/pictures/thumbs_4/zillowstatic/fp/7000d97a4d37c5fdf8ff742864d7f5b4-full.webp","https://www.trulia.com/pictures/thumbs_4/zillowstatic/fp/4d3a1bc47e44549314c84f5a0e7ca98f-full.webp","Use arrow keys to navigate","","$176,000","https://www.trulia.com/images/icons/txl3/BedIcon.svg","2","Beds","https://www.trulia.com/images/icons/txl3/BathIcon.svg","2","Baths","https://www.trulia.com/images/icons/txl3/SquareFeetIcon.svg","1,344","sqft","6612 Shamus Ct, Citrus Heights, CA 95621"
"https://www.trulia.com/home/7920-daffodil-way-citrus-heights-ca-95610-26008391","https://www.trulia.com/pictures/thumbs_4/zillowstatic/fp/148cde23601f33d27966ba1a1797d435-full.webp","https://www.trulia.com/pictures/thumbs_4/zillowstatic/fp/464bc2d7ff8ebc3bf341f32d7a03b58b-full.webp","https://www.trulia.com/pictures/thumbs_4/zillowstatic/fp/0755a2fabfe64d5091eca63a95e9f5b2-full.webp","Use arrow keys to navigate","","$499,950","https://www.trulia.com/images/icons/txl3/BedIcon.svg","4","Beds","https://www.trulia.com/images/icons/txl3/BathIcon.svg","2","Baths","https://www.trulia.com/images/icons/txl3/SquareFeetIcon.svg","1,385","sqft","7920 Daffodil Way, Citrus Heights, CA 95610"
"https://www.trulia.com/home/8321-driftwood-citrus-heights-ca-95610-2092132834","https://www.trulia.com/pictures/thumbs_4/zillowstatic/fp/83a10d0a07b8609169139611c7738d66-full.webp","https://www.trulia.com/pictures/thumbs_4/zillowstatic/fp/9ab52991290cdfc834931aea8ac70d59-full.webp","https://www.trulia.com/pictures/thumbs_4/zillowstatic/fp/80af1e3fabe058dd1ba92a6c721c5da6-full.webp","Use arrow keys to navigate","","$140,000","https://www.trulia.com/images/icons/txl3/BedIcon.svg","2","Beds","https://www.trulia.com/images/icons/txl3/BathIcon.svg","2","Baths","https://www.trulia.com/images/icons/txl3/SquareFeetIcon.svg","1,344","sqft","8321 Driftwood, Citrus Heights, CA 95610"
"https://www.trulia.com/home/6179-neff-ct-citrus-heights-ca-95610-337977872","https://www.trulia.com/pictures/thumbs_4/zillowstatic/fp/21179399b0e18a276c3f25b1a0d81b71-full.webp","https://www.trulia.com/pictures/thumbs_4/zillowstatic/fp/7213fc8c5ef1706708f187ca0f831cf9-full.webp","https://www.trulia.com/pictures/thumbs_4/zillowstatic/fp/d45f14586f118d5fd161bb99144ea92e-full.webp","Use arrow keys to navigate","","$748,888","https://www.trulia.com/images/icons/txl3/BedIcon.svg","4","Beds","https://www.trulia.com/images/icons/txl3/BathIcon.svg","3","Baths","https://www.trulia.com/images/icons/txl3/SquareFeetIcon.svg","2,389","sqft","6179 Neff Ct, Citrus Heights, CA 95610"
"https://www.trulia.com/home/6174-florence-aly-citrus-heights-ca-95610-337977996","https://www.trulia.com/pictures/thumbs_4/zillowstatic/fp/448ff94c5d018aab7d9c11acc1a6a0d7-full.webp","https://www.trulia.com/pictures/thumbs_4/zillowstatic/fp/aa4470cc7686f618259c20b34f1982d8-full.webp","https://www.trulia.com/pictures/thumbs_4/zillowstatic/fp/845d757f4b5083bcc80f8b1ce161adb3-full.webp","Use arrow keys to navigate","","$635,000","https://www.trulia.com/images/icons/txl3/BedIcon.svg","4","Beds","https://www.trulia.com/images/icons/txl3/BathIcon.svg","3","Baths","https://www.trulia.com/images/icons/txl3/SquareFeetIcon.svg","2,241","sqft","6174 Florence Aly, Citrus Heights, CA 95610"
"https://www.trulia.com/home/7237-cinnamon-cir-citrus-heights-ca-95621-26047523","https://www.trulia.com/pictures/thumbs_4/zillowstatic/fp/b9e0a34d08b2249653852476d5655f4d-full.webp","https://www.trulia.com/pictures/thumbs_4/zillowstatic/fp/d14f10eca7369602418a0472cac06a6e-full.webp","https://www.trulia.com/pictures/thumbs_4/zillowstatic/fp/f812a99a97ad2752c5ea886212f420a4-full.webp","Use arrow keys to navigate","","$355,000","https://www.trulia.com/images/icons/txl3/BedIcon.svg","3","Beds","https://www.trulia.com/images/icons/txl3/BathIcon.svg","2","Baths","https://www.trulia.com/images/icons/txl3/SquareFeetIcon.svg","1,364","sqft","7237 Cinnamon Cir, Citrus Heights, CA 95621"
"https://www.trulia.com/home/6903-vera-cruz-ct-citrus-heights-ca-95621-26024564","https://www.trulia.com/pictures/thumbs_4/zillowstatic/fp/65348c306cc09492dfc686dbb0a856ce-full.webp","https://www.trulia.com/pictures/thumbs_4/zillowstatic/fp/270d64bb44a2f2a0f4e0ea8224f7e75a-full.webp","https://www.trulia.com/pictures/thumbs_4/zillowstatic/fp/6c6c66b61790ad5727503b54d4dfb39c-full.webp","Use arrow keys to navigate","","$349,000","https://www.trulia.com/images/icons/txl3/BedIcon.svg","3","Beds","https://www.trulia.com/images/icons/txl3/BathIcon.svg","2.5","Baths","https://www.trulia.com/images/icons/txl3/SquareFeetIcon.svg","1,503","sqft","6903 Vera Cruz Court, Citrus Heights, CA 95621"
"https://www.trulia.com/home/7230-linda-sue-way-citrus-heights-ca-95621-26030305","https://www.trulia.com/pictures/thumbs_4/zillowstatic/fp/0b12b69f1eb811148f109a4590c5c858-full.webp","https://www.trulia.com/pictures/thumbs_4/zillowstatic/fp/90caf1c127aece7b22f4334c091684f2-full.webp","https://www.trulia.com/pictures/thumbs_4/zillowstatic/fp/9b267800858485cd1a5a8c1a185f0b13-full.webp","Use arrow keys to navigate","","$560,000","https://www.trulia.com/images/icons/txl3/BedIcon.svg","3","Beds","https://www.trulia.com/images/icons/txl3/BathIcon.svg","2","Baths","https://www.trulia.com/images/icons/txl3/SquareFeetIcon.svg","1,930","sqft","7230 Linda Sue Way, Citrus Heights, CA 95621"
"https://www.trulia.com/home/8232-patton-ave-citrus-heights-ca-95610-25991268","https://www.trulia.com/pictures/thumbs_4/zillowstatic/fp/b173d07cac64e607e3eb617b295c19b5-full.webp","https://www.trulia.com/pictures/thumbs_4/zillowstatic/fp/900cd28c18ed8c460303144a1a26a2c6-full.webp","https://www.trulia.com/pictures/thumbs_4/zillowstatic/fp/6f4c264f5883311902038b46fc5fb510-full.webp","Use arrow keys to navigate","","$549,900","https://www.trulia.com/images/icons/txl3/BedIcon.svg","2","Beds","https://www.trulia.com/images/icons/txl3/BathIcon.svg","2","Baths","https://www.trulia.com/images/icons/txl3/SquareFeetIcon.svg","1,202","sqft","8232 Patton Ave, Citrus Heights, CA 95610"
"https://www.trulia.com/home/6206-plymouth-rock-ln-110-citrus-heights-ca-95621-119685588","https://www.trulia.com/pictures/thumbs_4/zillowstatic/fp/1f174011bd87852a53ba60fa59e780c7-full.webp","https://www.trulia.com/pictures/thumbs_4/zillowstatic/fp/199801cf6b7544d533c3785d2d040b2b-full.webp","https://www.trulia.com/pictures/thumbs_4/zillowstatic/fp/4ff5ed64cfbd91f9953c314315a117d1-full.webp","Use arrow keys to navigate","","$169,950","https://www.trulia.com/images/icons/txl3/BedIcon.svg","3","Beds","https://www.trulia.com/images/icons/txl3/BathIcon.svg","2","Baths","https://www.trulia.com/images/icons/txl3/SquareFeetIcon.svg","1,536","sqft","6206 Plymouth Rock Ln #110, Citrus Heights, CA 95621"
"https://www.trulia.com/home/8366-8368-madison-ave-fair-oaks-ca-95628-457599870","https://www.trulia.com/pictures/thumbs_4/zillowstatic/fp/2238f378365922aef9c713b91cbca668-full.webp","https://www.trulia.com/pictures/thumbs_4/zillowstatic/fp/6740ea13490fab43c7c59e9885556e12-full.webp","https://www.trulia.com/pictures/thumbs_4/zillowstatic/fp/c81b7b7b536db4d4b768356dcb703973-full.webp","Use arrow keys to navigate","","$879,000","https://www.trulia.com/images/icons/txl3/BedIcon.svg","3","Beds","https://www.trulia.com/images/icons/txl3/BathIcon.svg","2","Baths","https://www.trulia.com/images/icons/txl3/SquareFeetIcon.svg","2,000","sqft","8366-8368 Madison Ave, Fair Oaks, CA 95628"
"https://www.trulia.com/home/8368-8366-madison-ave-fair-oaks-ca-95628-457572889","https://www.trulia.com/pictures/thumbs_4/zillowstatic/fp/2238f378365922aef9c713b91cbca668-full.webp","https://www.trulia.com/pictures/thumbs_4/zillowstatic/fp/6740ea13490fab43c7c59e9885556e12-full.webp","https://www.trulia.com/pictures/thumbs_4/zillowstatic/fp/c81b7b7b536db4d4b768356dcb703973-full.webp","Use arrow keys to navigate","0.34 ACRES","$879,000","https://www.trulia.com/images/icons/txl3/BedIcon.svg","3","Beds","https://www.trulia.com/images/icons/txl3/BathIcon.svg","2","Baths","https://www.trulia.com/images/icons/txl3/SquareFeetIcon.svg","2,000","sqft","8368-8366 Madison Ave, Fair Oaks, CA 95628"
"https://www.trulia.com/home/77012-lauppe-ln-citrus-heights-ca-95621-2062389444","https://www.trulia.com/pictures/thumbs_4/zillowstatic/fp/2d69b5de77de6088fb006b9987a25cf3-full.webp","https://www.trulia.com/pictures/thumbs_4/zillowstatic/fp/7fd0bf8b785e012bd17071c00946131f-full.webp","https://www.trulia.com/pictures/thumbs_4/zillowstatic/fp/6e5a27fc36d0dfba62646acb7e645d6a-full.webp","Use arrow keys to navigate","","$90,000","https://www.trulia.com/images/icons/txl3/BedIcon.svg","2","Beds","https://www.trulia.com/images/icons/txl3/BathIcon.svg","2","Baths","https://www.trulia.com/images/icons/txl3/SquareFeetIcon.svg","1,200","sqft","77012 Lauppe Ln, Citrus Heights, CA 95621"
"https://www.trulia.com/home/6457-silk-wood-way-citrus-heights-ca-95621-25985498","https://www.trulia.com/pictures/thumbs_4/zillowstatic/fp/86cfcd9cffc9f74727cfa6346886b118-full.webp","https://www.trulia.com/pictures/thumbs_4/zillowstatic/fp/fb3b3f08d08c227df4977ef24371ddb5-full.webp","https://www.trulia.com/pictures/thumbs_4/zillowstatic/fp/eb2ee5d13e538384855ad5da59dc12a3-full.webp","Use arrow keys to navigate","","$499,000","https://www.trulia.com/images/icons/txl3/BedIcon.svg","4","Beds","https://www.trulia.com/images/icons/txl3/BathIcon.svg","2","Baths","https://www.trulia.com/images/icons/txl3/SquareFeetIcon.svg","1,673","sqft","6457 Silk Wood Way, Citrus Heights, CA 95621"
"https://www.trulia.com/home/5935-auburn-blvd-189-citrus-heights-ca-95621-2059027862","https://www.trulia.com/pictures/thumbs_4/zillowstatic/fp/a07e7cf0b15cd71721395dca6c6f7323-full.webp","https://www.trulia.com/pictures/thumbs_4/zillowstatic/fp/f6546df0ec5d4cb26a44df89c8f11f3d-full.webp","https://www.trulia.com/pictures/thumbs_4/zillowstatic/fp/3c6742ee468b83acb8b3f06274c5528a-full.webp","Use arrow keys to navigate","","$29,900","https://www.trulia.com/images/icons/txl3/BedIcon.svg","2","Beds","https://www.trulia.com/images/icons/txl3/BathIcon.svg","2","Baths","https://www.trulia.com/images/icons/txl3/SquareFeetIcon.svg","690","sqft","5935 Auburn Blvd #189, Citrus Heights, CA 95621"
"https://www.trulia.com/home/6912-daisy-ln-citrus-heights-ca-95621-59378748","https://www.trulia.com/pictures/thumbs_4/zillowstatic/fp/80345fe25f7ec5f7691c4340fb9184d8-full.webp","https://www.trulia.com/pictures/thumbs_4/zillowstatic/fp/81b8b7225dccac8ac62862c4a4b1d659-full.webp","https://www.trulia.com/pictures/thumbs_4/zillowstatic/fp/5cd16aa779410e249fef70fb969a768b-full.webp","Use arrow keys to navigate","","$249,000","https://www.trulia.com/images/icons/txl3/BedIcon.svg","2","Beds","https://www.trulia.com/images/icons/txl3/BathIcon.svg","2","Baths","https://www.trulia.com/images/icons/txl3/SquareFeetIcon.svg","1,707","sqft","6912 Daisy Ln, Citrus Heights, CA 95621"
"https://www.trulia.com/home/5908-hickorywood-way-citrus-heights-ca-95621-26025245","https://www.trulia.com/pictures/thumbs_4/zillowstatic/fp/99e1c0ad9ea0a3f2a6992bcef8184408-full.webp","https://www.trulia.com/pictures/thumbs_4/zillowstatic/fp/ee90d8c4f3309829658bdb0538c97551-full.webp","https://www.trulia.com/pictures/thumbs_4/zillowstatic/fp/e797d61306f17fefd63e196a91178f4a-full.webp","Use arrow keys to navigate","","$499,000","https://www.trulia.com/images/icons/txl3/BedIcon.svg","3","Beds","https://www.trulia.com/images/icons/txl3/BathIcon.svg","2","Baths","https://www.trulia.com/images/icons/txl3/SquareFeetIcon.svg","1,478","sqft","5908 Hickorywood Way, Citrus Heights, CA 95621"
"","https://www.trulia.com/images/icons/txl3/illustrations/EmptyPhoto.svg","","","","","","","","","","","","","","",""
"https://www.trulia.com/home/7247-7249-castilian-ct-citrus-heights-ca-95621-459717408","https://www.trulia.com/pictures/thumbs_4/zillowstatic/fp/d4c60eb8ecdb4e9da54b202592101d85-full.webp","https://www.trulia.com/pictures/thumbs_4/zillowstatic/fp/7b27097cb599b12e112703fd5e6ed86d-full.webp","https://www.trulia.com/pictures/thumbs_4/zillowstatic/fp/d081faaa08e5bf68b01014f4660d5321-full.webp","Use arrow keys to navigate","0.32 ACRES","$700,000","https://www.trulia.com/images/icons/txl3/BedIcon.svg","Studio","","","","","https://www.trulia.com/images/icons/txl3/SquareFeetIcon.svg","2,041","sqft","7247-7249 Castilian Ct, Citrus Heights, CA 95621"
"https://www.trulia.com/home/7249-7247-castilian-ct-citrus-heights-ca-95621-2059047599","https://www.trulia.com/pictures/thumbs_4/zillowstatic/fp/d4c60eb8ecdb4e9da54b202592101d85-full.webp","https://www.trulia.com/pictures/thumbs_4/zillowstatic/fp/7b27097cb599b12e112703fd5e6ed86d-full.webp","https://www.trulia.com/pictures/thumbs_4/zillowstatic/fp/d081faaa08e5bf68b01014f4660d5321-full.webp","Use arrow keys to navigate","0.32 ACRES","$700,000","https://www.trulia.com/images/icons/txl3/BedIcon.svg","4","Beds","https://www.trulia.com/images/icons/txl3/BathIcon.svg","3","Baths","https://www.trulia.com/images/icons/txl3/SquareFeetIcon.svg","2,041","sqft","7249-7247 Castilian Ct, Citrus Heights, CA 95621"
"https://www.trulia.com/home/7569-baird-way-citrus-heights-ca-95610-25975140","https://www.trulia.com/pictures/thumbs_4/zillowstatic/fp/604dec45007163995d38b5dea3bcd27a-full.webp","https://www.trulia.com/pictures/thumbs_4/zillowstatic/fp/a575ce5ab283448e9d82a10a64c3f792-full.webp","https://www.trulia.com/pictures/thumbs_4/zillowstatic/fp/9ea57e7bf8ef989fd8ba64af7092a1c7-full.webp","Use arrow keys to navigate","0.35 ACRES","$769,900","https://www.trulia.com/images/icons/txl3/BedIcon.svg","3","Beds","https://www.trulia.com/images/icons/txl3/BathIcon.svg","1","Bath","https://www.trulia.com/images/icons/txl3/SquareFeetIcon.svg","1,343","sqft","7569 Baird Way, Citrus Heights, CA 95610"
"https://www.trulia.com/home/6531-greencreek-way-citrus-heights-ca-95621-26023496","https://www.trulia.com/pictures/thumbs_4/zillowstatic/fp/933890c7d2d6db8936e9567e8f7154ef-full.webp","https://www.trulia.com/pictures/thumbs_4/zillowstatic/fp/54765d7dacf3971d4cb6401352a5e215-full.webp","https://www.trulia.com/pictures/thumbs_4/zillowstatic/fp/c008bb5270ff6fc352e4b82399d0027d-full.webp","Use arrow keys to navigate","","$524,999","https://www.trulia.com/images/icons/txl3/BedIcon.svg","3","Beds","https://www.trulia.com/images/icons/txl3/BathIcon.svg","2","Baths","https://www.trulia.com/images/icons/txl3/SquareFeetIcon.svg","1,558","sqft","6531 Greencreek Way, Citrus Heights, CA 95621"
"https://www.trulia.com/home/6525-sunrise-blvd-73-citrus-heights-ca-95610-89163348","https://www.trulia.com/pictures/thumbs_4/zillowstatic/fp/54a2e8368d24a560781bfdf4de44b1b7-full.webp","https://www.trulia.com/pictures/thumbs_4/zillowstatic/fp/b068f680980963610b3d18e61f77d69b-full.webp","https://www.trulia.com/pictures/thumbs_4/zillowstatic/fp/3c04ef3ad6bfcd3efb5bd72134db4170-full.webp","Use arrow keys to navigate","","$39,000","https://www.trulia.com/images/icons/txl3/BedIcon.svg","2","Beds","https://www.trulia.com/images/icons/txl3/BathIcon.svg","1","Bath","https://www.trulia.com/images/icons/txl3/SquareFeetIcon.svg","672","sqft","6525 Sunrise Blvd #73, Citrus Heights, CA 95610"
"https://www.trulia.com/home/6545-greenback-ln-2-citrus-heights-ca-95621-26024170","https://www.trulia.com/pictures/thumbs_4/zillowstatic/fp/a2f5b7a6c4e1ca6ccdae3b9e266d291c-full.webp","https://www.trulia.com/pictures/thumbs_4/zillowstatic/fp/348f3041610d96e18dd91fb2e457ead6-full.webp","https://www.trulia.com/pictures/thumbs_4/zillowstatic/fp/f975d5dd68af36e1851a0f9901c98c6f-full.webp","Use arrow keys to navigate","","$220,000","https://www.trulia.com/images/icons/txl3/BedIcon.svg","2","Beds","https://www.trulia.com/images/icons/txl3/BathIcon.svg","1","Bath","https://www.trulia.com/images/icons/txl3/SquareFeetIcon.svg","840","sqft","6545 Greenback Ln #2, Citrus Heights, CA 95621"
"https://www.trulia.com/home/6605-vierna-ct-citrus-heights-ca-95621-26024631","https://www.trulia.com/pictures/thumbs_4/zillowstatic/fp/0dc568dad1c991ed04418c1e9bc521b5-full.webp","https://www.trulia.com/pictures/thumbs_4/zillowstatic/fp/5756b61f3bb133e5a2b0fee8d9f7ca48-full.webp","https://www.trulia.com/pictures/thumbs_4/zillowstatic/fp/0d84000259b2d564a447c52ac5f32d97-full.webp","Use arrow keys to navigate","","$424,900","https://www.trulia.com/images/icons/txl3/BedIcon.svg","3","Beds","https://www.trulia.com/images/icons/txl3/BathIcon.svg","2","Baths","https://www.trulia.com/images/icons/txl3/SquareFeetIcon.svg","1,417","sqft","6605 Vierna Ct, Citrus Heights, CA 95621"
"https://www.trulia.com/home/7852-old-auburn-rd-citrus-heights-ca-95610-459504343","https://www.trulia.com/pictures/thumbs_4/zillowstatic/fp/9ea6f48a58340503de1b22fc53692ef5-full.webp","https://www.trulia.com/pictures/thumbs_4/zillowstatic/fp/fe1fdb992c733065353dc3aeab44aae7-full.webp","https://www.trulia.com/pictures/thumbs_4/zillowstatic/fp/f9acd8fe257e890b9d9b522b50970ed7-full.webp","Use arrow keys to navigate","1.35 ACRES","$325,000","","","","","","","","","","7852 Old Auburn Rd, Citrus Heights, CA 95610"
"https://www.trulia.com/home/7844-old-auburn-rd-citrus-heights-ca-95610-459504259","https://www.trulia.com/pictures/thumbs_4/zillowstatic/fp/9ea6f48a58340503de1b22fc53692ef5-full.webp","https://www.trulia.com/pictures/thumbs_4/zillowstatic/fp/fe1fdb992c733065353dc3aeab44aae7-full.webp","https://www.trulia.com/pictures/thumbs_4/zillowstatic/fp/f9acd8fe257e890b9d9b522b50970ed7-full.webp","Use arrow keys to navigate","1.25 ACRES","$299,000","","","","","","","","","","7844 Old Auburn Rd, Citrus Heights, CA 95610"
"https://www.trulia.com/home/7836-old-auburn-rd-citrus-heights-ca-95610-459504158","https://www.trulia.com/pictures/thumbs_4/zillowstatic/fp/9ea6f48a58340503de1b22fc53692ef5-full.webp","https://www.trulia.com/pictures/thumbs_4/zillowstatic/fp/16e3af1543b90017cdef6cb1bd2739b5-full.webp","https://www.trulia.com/pictures/thumbs_4/zillowstatic/fp/f9acd8fe257e890b9d9b522b50970ed7-full.webp","Use arrow keys to navigate","1.15 ACRES","$269,000","","","","","","","","","","7836 Old Auburn Rd, Citrus Heights, CA 95610"
"https://www.trulia.com/home/6228-gettysburg-lane-gate-15-citrus-heights-ca-95621-459496208","https://maps.googleapis.com/maps/api/streetview?size=640x480&location=6228%20Gettysburg%20Lane%20Gate%2C%20Citrus%20Heights%2C%20CA%2095621&key=AIzaSyCzWKDOMLGYlR3C9dltAR7sbLvcQEWNcvc&signature=_c-bKF1UVDtljDHxOu7aJy10idQ%3D","","","","","$229,995","https://www.trulia.com/images/icons/txl3/BedIcon.svg","3","Beds","https://www.trulia.com/images/icons/txl3/BathIcon.svg","2","Baths","https://www.trulia.com/images/icons/txl3/SquareFeetIcon.svg","1,040","sqft","6228 Gettysburg Lane Gate #15, Citrus Heights, CA 95621"
"https://www.trulia.com/home/6549-briartree-way-citrus-heights-ca-95621-25980953","https://www.trulia.com/pictures/thumbs_4/zillowstatic/fp/d5ae638e77de1ab3981111f85bca0146-full.webp","https://www.trulia.com/pictures/thumbs_4/zillowstatic/fp/95ff126a4c43bb6d709bebe147d37fcc-full.webp","https://www.trulia.com/pictures/thumbs_4/zillowstatic/fp/4de685b18a39377166cbd9915d23ba74-full.webp","Use arrow keys to navigate","OPEN SAT, 11-1:30PM","$474,900","https://www.trulia.com/images/icons/txl3/BedIcon.svg","3","Beds","https://www.trulia.com/images/icons/txl3/BathIcon.svg","2","Baths","https://www.trulia.com/images/icons/txl3/SquareFeetIcon.svg","1,136","sqft","6549 Briartree Way, Citrus Heights, CA 95621"
"https://www.trulia.com/home/6324-port-gibson-ct-citrus-heights-ca-95621-26025925","https://www.trulia.com/pictures/thumbs_4/zillowstatic/fp/cb56e24fd046e67f1cdd424e5d5c7a67-full.webp","https://www.trulia.com/pictures/thumbs_4/zillowstatic/fp/b182ead270f89400db06d0bc603fe5cc-full.webp","https://www.trulia.com/pictures/thumbs_4/zillowstatic/fp/a150dbd1e3f990fdca31014dd226c44e-full.webp","Use arrow keys to navigate","","$319,900","https://www.trulia.com/images/icons/txl3/BedIcon.svg","3","Beds","https://www.trulia.com/images/icons/txl3/BathIcon.svg","1","Bath","https://www.trulia.com/images/icons/txl3/SquareFeetIcon.svg","1,283","sqft","6324 Port Gibson Ct, Citrus Heights, CA 95621"
"https://www.trulia.com/home/6217-plymouth-rock-ln-citrus-heights-ca-95621-59379022","https://www.trulia.com/pictures/thumbs_4/zillowstatic/fp/e4a568507d7f26bba987b873aedce597-full.webp","https://www.trulia.com/pictures/thumbs_4/zillowstatic/fp/d92c9e671b3df3cfad668af907af02c7-full.webp","https://www.trulia.com/pictures/thumbs_4/zillowstatic/fp/0e8f87431c0cf59597ca98bf3904a2a2-full.webp","Use arrow keys to navigate","","$48,888","https://www.trulia.com/images/icons/txl3/BedIcon.svg","2","Beds","https://www.trulia.com/images/icons/txl3/BathIcon.svg","1","Bath","https://www.trulia.com/images/icons/txl3/SquareFeetIcon.svg","684","sqft","6217 Plymouth Rock Ln, Citrus Heights, CA 95621"
"https://www.trulia.com/home/5701-chipping-way-citrus-heights-ca-95621-26030575","https://www.trulia.com/pictures/thumbs_4/zillowstatic/fp/80208ff9223de6e52484e87d81682918-full.webp","https://www.trulia.com/pictures/thumbs_4/zillowstatic/fp/a47b93a1a2b0be92c68a2fd8f6c435f9-full.webp","https://www.trulia.com/pictures/thumbs_4/zillowstatic/fp/3152b47e84a550dabc8889accffc1399-full.webp","Use arrow keys to navigate","","$532,500","https://www.trulia.com/images/icons/txl3/BedIcon.svg","3","Beds","https://www.trulia.com/images/icons/txl3/BathIcon.svg","2","Baths","https://www.trulia.com/images/icons/txl3/SquareFeetIcon.svg","1,489","sqft","5701 Chipping Way, Citrus Heights, CA 95621"
"https://www.trulia.com/home/8223-longden-cir-citrus-heights-ca-95610-26009087","https://www.trulia.com/pictures/thumbs_4/zillowstatic/fp/eb5840062621c71ab1758d247bea2f82-full.webp","https://www.trulia.com/pictures/thumbs_4/zillowstatic/fp/418965af10c4840bcdd481d6d589fc1e-full.webp","https://www.trulia.com/pictures/thumbs_4/zillowstatic/fp/f1591330b598544a848d840482672219-full.webp","Use arrow keys to navigate","AUCTION","Est. $641,200","https://www.trulia.com/images/icons/txl3/BedIcon.svg","3","Beds","https://www.trulia.com/images/icons/txl3/BathIcon.svg","2","Baths","https://www.trulia.com/images/icons/txl3/SquareFeetIcon.svg","2,452","sqft","8223 Longden Cir, Citrus Heights, CA 95610"
"https://www.trulia.com/home/5924-mallard-ln-231-citrus-heights-ca-95621-59379504","https://www.trulia.com/pictures/thumbs_4/zillowstatic/fp/10b708fefedf66eccea675bcd45255c4-full.webp","https://www.trulia.com/pictures/thumbs_4/zillowstatic/fp/1701401d87e26f7029fd32eb09c46e4d-full.webp","https://www.trulia.com/pictures/thumbs_4/zillowstatic/fp/c61b1ee65b65635d71daee58ab3d628b-full.webp","Use arrow keys to navigate","","$149,800","https://www.trulia.com/images/icons/txl3/BedIcon.svg","2","Beds","https://www.trulia.com/images/icons/txl3/BathIcon.svg","2","Baths","https://www.trulia.com/images/icons/txl3/SquareFeetIcon.svg","1,440","sqft","5924 Mallard Ln #231, Citrus Heights, CA 95621"
"https://www.trulia.com/home/6522-6520-mauana-way-citrus-heights-ca-95610-458960246","https://www.trulia.com/pictures/thumbs_4/zillowstatic/fp/07b2cbea01f5a6c71edc8fdf37eaa6bf-full.webp","https://www.trulia.com/pictures/thumbs_4/zillowstatic/fp/71a9d4bf371e6ef92a34b14ec1425aac-full.webp","https://www.trulia.com/pictures/thumbs_4/zillowstatic/fp/064e1a2844a2f3822c99d418a0f0c753-full.webp","Use arrow keys to navigate","","$699,000","https://www.trulia.com/images/icons/txl3/BedIcon.svg","4","Beds","https://www.trulia.com/images/icons/txl3/BathIcon.svg","3","Baths","https://www.trulia.com/images/icons/txl3/SquareFeetIcon.svg","1,657","sqft","6522-6520 Mauana Way, Citrus Heights, CA 95610"
"https://www.trulia.com/home/5712-san-juan-ave-citrus-heights-ca-95610-26032357","https://www.trulia.com/pictures/thumbs_4/zillowstatic/fp/120f60a7d66a1dc1de7f91ffb0502d16-full.webp","https://www.trulia.com/pictures/thumbs_4/zillowstatic/fp/8790a8e33cb02b859d11d64713bc9d92-full.webp","https://www.trulia.com/pictures/thumbs_4/zillowstatic/fp/d4111c19b6662efaab35609d3f34b01f-full.webp","Use arrow keys to navigate","0.27 ACRES","$525,000","https://www.trulia.com/images/icons/txl3/BedIcon.svg","3","Beds","https://www.trulia.com/images/icons/txl3/BathIcon.svg","2","Baths","https://www.trulia.com/images/icons/txl3/SquareFeetIcon.svg","1,836","sqft","5712 San Juan Ave, Citrus Heights, CA 95610"
"https://www.trulia.com/home/6965-radiance-cir-citrus-heights-ca-95621-458828497","https://www.trulia.com/pictures/thumbs_4/zillowstatic/fp/3934b51858fa3aa3cdf29c102be0cb8e-full.webp","https://www.trulia.com/pictures/thumbs_4/zillowstatic/fp/6223cdbce0f081f4d60ded2eac50240c-full.webp","https://www.trulia.com/pictures/thumbs_4/zillowstatic/fp/db77c08774331f5a46c27842153b48d3-full.webp","Use arrow keys to navigate","","$179,950","https://www.trulia.com/images/icons/txl3/BedIcon.svg","2","Beds","https://www.trulia.com/images/icons/txl3/BathIcon.svg","2","Baths","https://www.trulia.com/images/icons/txl3/SquareFeetIcon.svg","1,440","sqft","6965 Radiance Cir, Citrus Heights, CA 95621"
"https://www.trulia.com/home/7417-auburn-oaks-ct-h-citrus-heights-ca-95621-25975569","https://www.trulia.com/pictures/thumbs_4/zillowstatic/fp/46d60748a32545cb16cad1031c06ea6f-full.webp","https://www.trulia.com/pictures/thumbs_4/zillowstatic/fp/241a0dc7c948848ffe339467e2c84ccd-full.webp","https://www.trulia.com/pictures/thumbs_4/zillowstatic/fp/2cc35577de41450d9171afc983f04888-full.webp","Use arrow keys to navigate","","$284,500","https://www.trulia.com/images/icons/txl3/BedIcon.svg","2","Beds","https://www.trulia.com/images/icons/txl3/BathIcon.svg","2","Baths","https://www.trulia.com/images/icons/txl3/SquareFeetIcon.svg","1,014","sqft","7417 Auburn Oaks Ct #H, Citrus Heights, CA 95621"
"https://www.trulia.com/home/5922-cackler-ln-83-citrus-heights-ca-95621-449349761","https://www.trulia.com/pictures/thumbs_4/zillowstatic/fp/27577c6cd1cda298af1cff5c7f63013e-full.webp","https://www.trulia.com/pictures/thumbs_4/zillowstatic/fp/6dba00c1b15183a3d391e72ae779ebff-full.webp","https://www.trulia.com/pictures/thumbs_4/zillowstatic/fp/dd852ddce9adc28e8d905edcd3c0ebae-full.webp","Use arrow keys to navigate","","$229,885","https://www.trulia.com/images/icons/txl3/BedIcon.svg","3","Beds","https://www.trulia.com/images/icons/txl3/BathIcon.svg","2","Baths","https://www.trulia.com/images/icons/txl3/SquareFeetIcon.svg","1,344","sqft","5922 Cackler Ln #83, Citrus Heights, CA 95621"
"https://www.trulia.com/home/6313-port-gibson-ct-citrus-heights-ca-95621-26025911","https://www.trulia.com/pictures/thumbs_4/zillowstatic/fp/2dc520b73e3033cb2c920db626fe5c2d-full.webp","https://www.trulia.com/pictures/thumbs_4/zillowstatic/fp/f930456148ab7c9397e12f25979154d4-full.webp","https://www.trulia.com/pictures/thumbs_4/zillowstatic/fp/58b9914299d0fb7f2b47c1ad62783f8d-full.webp","Use arrow keys to navigate","","$309,000","https://www.trulia.com/images/icons/txl3/BedIcon.svg","2","Beds","https://www.trulia.com/images/icons/txl3/BathIcon.svg","1","Bath","https://www.trulia.com/images/icons/txl3/SquareFeetIcon.svg","1,228","sqft","6313 Port Gibson Ct, Citrus Heights, CA 95621"
"https://www.trulia.com/home/8085-glen-alta-way-citrus-heights-ca-95610-25992032","https://www.trulia.com/pictures/thumbs_4/zillowstatic/fp/3e9de094c2b08db59dca7b5f5c64cda8-full.webp","https://www.trulia.com/pictures/thumbs_4/zillowstatic/fp/743ff1c91bc76da6162fcc9ffa69d123-full.webp","https://www.trulia.com/pictures/thumbs_4/zillowstatic/fp/f7bda66c2d585f12e8f0503235925938-full.webp","Use arrow keys to navigate","","$705,000","https://www.trulia.com/images/icons/txl3/BedIcon.svg","4","Beds","https://www.trulia.com/images/icons/txl3/BathIcon.svg","2","Baths","https://www.trulia.com/images/icons/txl3/SquareFeetIcon.svg","2,313","sqft","8085 Glen Alta Way, Citrus Heights, CA 95610"
"https://www.trulia.com/home/6072-6070-peoria-dr-citrus-heights-ca-95621-2059056431","https://www.trulia.com/pictures/thumbs_4/zillowstatic/fp/3e9942ff42a967032cb532b5930f8c97-full.webp","https://www.trulia.com/pictures/thumbs_4/zillowstatic/fp/5e1ae6c0cda63508e92aeea1bad4f277-full.webp","https://www.trulia.com/pictures/thumbs_4/zillowstatic/fp/b69235d81b94ff770ef10bcdfc3c230f-full.webp","Use arrow keys to navigate","0.28 ACRES","$785,000","https://www.trulia.com/images/icons/txl3/BedIcon.svg","Studio","Baths","https://www.trulia.com/images/icons/txl3/BathIcon.svg","3","","https://www.trulia.com/images/icons/txl3/SquareFeetIcon.svg","2,787","sqft","6072-6070 Peoria Dr, Citrus Heights, CA 95621"
"https://www.trulia.com/home/6529-greenback-ln-1-citrus-heights-ca-95621-26024153","https://www.trulia.com/pictures/thumbs_4/zillowstatic/fp/aa867e6c3c2a1dae20332e01e9969cd6-full.webp","https://www.trulia.com/pictures/thumbs_4/zillowstatic/fp/e36e2f5de118cf0f056a32f2bc7270b2-full.webp","https://www.trulia.com/pictures/thumbs_4/zillowstatic/fp/045d1876e36fad65cced61445939e452-full.webp","Use arrow keys to navigate","","$199,999","https://www.trulia.com/images/icons/txl3/BedIcon.svg","2","Beds","https://www.trulia.com/images/icons/txl3/BathIcon.svg","1","Bath","https://www.trulia.com/images/icons/txl3/SquareFeetIcon.svg","795","sqft","6529 Greenback Ln #1, Citrus Heights, CA 95621"
"https://www.trulia.com/home/8031-lichen-dr-citrus-heights-ca-95621-25979460","https://www.trulia.com/pictures/thumbs_4/zillowstatic/fp/d222f440a58847b71136d8a556de8354-full.webp","https://www.trulia.com/pictures/thumbs_4/zillowstatic/fp/6fff3f341ce08caace1e11e21f77c417-full.webp","https://www.trulia.com/pictures/thumbs_4/zillowstatic/fp/5f46c9a48f6fa56ea9cb51b391b47200-full.webp","Use arrow keys to navigate","","$365,000","https://www.trulia.com/images/icons/txl3/BedIcon.svg","3","Beds","https://www.trulia.com/images/icons/txl3/BathIcon.svg","1","Bath","https://www.trulia.com/images/icons/txl3/SquareFeetIcon.svg","888","sqft","8031 Lichen Dr, Citrus Heights, CA 95621"
"https://www.trulia.com/home/8357-cedarwood-ln-citrus-heights-ca-95610-250745073","https://www.trulia.com/pictures/thumbs_4/zillowstatic/fp/89145bfaa1f3ee6218da0dc3c5dcee2f-full.webp","https://www.trulia.com/pictures/thumbs_4/zillowstatic/fp/09ae6b519830a1b4421289ec14ee88b2-full.webp","https://www.trulia.com/pictures/thumbs_4/zillowstatic/fp/254df85bd45ab2a27eb1edb585b13885-full.webp","Use arrow keys to navigate","","$224,000","https://www.trulia.com/images/icons/txl3/BedIcon.svg","2","Beds","https://www.trulia.com/images/icons/txl3/BathIcon.svg","2","Baths","https://www.trulia.com/images/icons/txl3/SquareFeetIcon.svg","1,344","sqft","8357 Cedarwood Ln, Citrus Heights, CA 95610"
"https://www.trulia.com/home/7025-auburn-blvd-citrus-heights-ca-95621-25983270","https://www.trulia.com/pictures/thumbs_4/zillowstatic/fp/3073debdac6ccbbd7dc0c02ba3e6e901-full.webp","https://www.trulia.com/pictures/thumbs_4/zillowstatic/fp/ca618794451cfc666a693850c7801849-full.webp","https://www.trulia.com/pictures/thumbs_4/zillowstatic/fp/cc1b3c23c86e2bc8b6b02201bf19d4b9-full.webp","Use arrow keys to navigate","","$499,999","https://www.trulia.com/images/icons/txl3/BedIcon.svg","3","Beds","https://www.trulia.com/images/icons/txl3/BathIcon.svg","2","Baths","https://www.trulia.com/images/icons/txl3/SquareFeetIcon.svg","1,610","sqft","7025 Auburn Blvd, Citrus Heights, CA 95621"
"https://www.trulia.com/home/6543-crosswoods-cir-citrus-heights-ca-95621-26025039","https://www.trulia.com/pictures/thumbs_4/zillowstatic/fp/8fd9bb10b69dcea388251ae9bbf17933-full.webp","https://www.trulia.com/pictures/thumbs_4/zillowstatic/fp/78be8c485900f8c7709c767be59178d1-full.webp","https://www.trulia.com/pictures/thumbs_4/zillowstatic/fp/8935159aa91188477804781726d6574d-full.webp","Use arrow keys to navigate","","$325,000","https://www.trulia.com/images/icons/txl3/BedIcon.svg","2","Beds","https://www.trulia.com/images/icons/txl3/BathIcon.svg","2","Baths","https://www.trulia.com/images/icons/txl3/SquareFeetIcon.svg","1,066","sqft","6543 Crosswoods Cir, Citrus Heights, CA 95621"
"https://www.trulia.com/home/7533-pintail-cir-citrus-heights-ca-95621-124738836","https://www.trulia.com/pictures/thumbs_4/zillowstatic/fp/c4fd2c324c27d19f0719e59b01ab4e7f-full.webp","https://www.trulia.com/pictures/thumbs_4/zillowstatic/fp/c4efdb32a62d5d035ee38fb1097d018d-full.webp","https://www.trulia.com/pictures/thumbs_4/zillowstatic/fp/51302598feaf7167aacba6372e23359b-full.webp","Use arrow keys to navigate","","$249,900","https://www.trulia.com/images/icons/txl3/BedIcon.svg","3","Beds","https://www.trulia.com/images/icons/txl3/BathIcon.svg","2","Baths","https://www.trulia.com/images/icons/txl3/SquareFeetIcon.svg","1,620","sqft","7533 Pintail Cir, Citrus Heights, CA 95621"
"https://www.trulia.com/home/muth-ln-citrus-heights-ca-95621-449540856","https://www.trulia.com/pictures/thumbs_4/zillowstatic/fp/fd8b222d7cfde9d17cd8431270dc785d-full.webp","https://www.trulia.com/pictures/thumbs_4/zillowstatic/fp/244142e9f3184e84cd06b01cf86d65a5-full.webp","https://www.trulia.com/pictures/thumbs_4/zillowstatic/fp/ea50b09a0ee617f5cb732be9c21081ee-full.webp","Use arrow keys to navigate","1.62 ACRES","$299,000","","","","","","","","","","Muth Ln, Citrus Heights, CA 95621"
"https://www.trulia.com/home/7600-golden-eye-ln-43-citrus-heights-ca-95621-452674044","https://www.trulia.com/pictures/thumbs_4/zillowstatic/fp/44cee9269caf1c515581227401f904f2-full.webp","https://www.trulia.com/pictures/thumbs_4/zillowstatic/fp/647a454c245d0e97c79372171dfb27d5-full.webp","https://www.trulia.com/pictures/thumbs_4/zillowstatic/fp/40fb44c8fd745e9a4aab61b6e1a47baf-full.webp","Use arrow keys to navigate","","$199,900","https://www.trulia.com/images/icons/txl3/BedIcon.svg","3","Beds","https://www.trulia.com/images/icons/txl3/BathIcon.svg","2","Baths","https://www.trulia.com/images/icons/txl3/SquareFeetIcon.svg","1,136","sqft","7600 Golden Eye Ln #43, Citrus Heights, CA 95621"