"jcs-JobTitle href","jcs-JobTitle","mosaic-provider-jobcards-1f1q1js","css-19eicqx","css-1f06pz4","css-zydy3i","css-zydy3i 2","css-zydy3i 3","css-zydy3i 4","css-zydy3i 5","css-zydy3i 6","css-zydy3i 7","css-zydy3i 8"
"https://www.indeed.com/pagead/clk?mo=r&ad=-6NYlbfkN0AEFElgJvH0khGA9zFQnp2BxzQ0kZOw7TdbpWENTeb18Hk82MYBYUAF7ONnkexcjBK9JJ7I4jEJLOAlXySS1BjTGZntesI2CbkYKfIhGisW6EEv5JUaxKbYaRWsUPMpu97mOoJF-tIBuE5B-bhxq-OU3yMeJIo-uHkOjBKQLXfcAmK94xUk6XOfnna6Ti4CLZptVhYmxaPC4Nm4IYCA1l_pzqNPtW3qLQGZGjfZfOtoOjsRPXJpiOCjDqD8xY4ug40t6VXVp2XzMgDNKsZVETRyLdntHhPeUK3xN56NmtazFHAJL69gemXiktEUl6DsU6W3n7O-mjesnD17nFtm1XSZ8-UsIVlp9__GiXGaj7pnqSaUuiaPeVeEDSTJD7cj5-J3fXbPini96d4ggGXqYnY8jZK2iaZsvlG5ow4Aw5YkM5hY4Yml2Oa5LtYGKEs_GKx9e9FYJ6-FTkJYRgqteYnSTkhPW1SIYYdQL5CIl7WPbi59vwYrBRnM-O3DW0vjr6xBQIUDMm7zs-M4mILiZaP967cOBh8tykjz4oqwBA157h1IcF_9X-chJBHOlukTb4qzU_TBgc9mShfxn1l5LCc0tJv_lXp8XIWs5cgXlqzLkvMC2ugbrPm5RmZs2R6_xuYFXNEi8dF4h96a5uZUYsV_HlDjfF7liYo2kzF_8TapS_iMMbwx7uAo&xkcb=SoBx6_M3mvNdcVykMB0LbzkdCdPP&camk=ethIe0s0hed4pI8YCliZWw==&p=0&fvj=0&vjs=3","Data Analyst 3","Easily apply","Experis","Remote in Redmond, WA 98052","Pay information not provided","Contract","Health insurance","401(k) matching","Vision insurance","Health savings account","Dental insurance","Flexible spending account"
"https://www.indeed.com/pagead/clk?mo=r&ad=-6NYlbfkN0BogWl1GsdK1FbuIrhx_stWWceYqLGaHxBUeSy2q42LAeyI4rV86zBgHgilICm2iFdfB_yNajo2HI1P6zp_4eLR-lqk8Boq-whHkTlf74AV1Yy5OQ_w302py2aOawjzrIYhKYmvHHIGqtyQ_LOulnAta3CU2HseGAGPZInbYMR51_BnkRHXd8PZcv4tebK79DKWw-NwE5STAqJ6x1pKjTLLk5Z3t0rH5JZF0FcYcqpLhy3-1rqveNcwnQBD0gcvF280UxAmsF3AxN18t_GpYcAU6SvBIbocB2friHgtQdzd0tX_yJf8py-8RUzZ8mr27pdz1DVxqXT4EuJ6cgZWOVWAwwrTlGZvZZoBD0EFDGwk9qT6jCf2U7R7NQC7yOIO6AzKMhNBSXfUbC3OywbUfRcorwTlV2nuuVCdfWqxNJUY64MW2wWsA8k8aWo1kfuhVsWwYWC5YTM8FfYKk9quonYeS30nSC5gB19HOv_yl0cM0_lI7MYXbT7zAzaQQFwPsTXcup6vye71kbrrQBLFmbcVP3GkWRXyjBH5xhpwd-V9E1auumujilco8-7s2FYD14-kIOk6vFjEmOfa7w-ccPzUn1s5w3neg4w8B9J9qZlFAK_Tzn3z5nj8vmbAGH2z1okv85FMqR2-DeXjuX1iGZTLZlGZ9qw8F1Q=&xkcb=SoDF6_M3mvNdcVykMB0KbzkdCdPP&camk=UoKtGZLa3XLQCQ8vY9rRcA==&p=1&fvj=0&vjs=3","Data Analyst - Insurance","New","WAHVE","Remote in Miami, FL","Pay information not provided","Full-time","401(k) 4% Match","401(k)","Health insurance","401(k) matching","Work from home",""
"https://www.indeed.com/pagead/clk?mo=r&ad=-6NYlbfkN0BogWl1GsdK1FbuIrhx_stWWceYqLGaHxBUeSy2q42LAeyI4rV86zBgHgilICm2iFdfB_yNajo2HM5E23E9v5-REfzLrcIS61_fZaW5tquTLZrKozQh1WqC8FD0HVgv3uFYlwf7Dy0w9oqV21MHyo8y98bFk0HLp4Fo4S6V4xsL8z9op3FZ5wMdcKhkLJsyFzY5W-7HZTuPRzF6lM4ymZiGSH6NTLex9FBCQ8qpQOP_KW6il7XJrmFCGckXGA54Uhts5KXZLD60-PMyJqDuvHiE4YACMVtCm2P7vrlrF6CYLkkDql18WLRkLezouOkQ0nb0gC96X2d9iAxCz58YQ5jfaJ0c-Su6qKJgRyKj2kPtOc4x22zUc0KMipEoNQ0Ex0AfBQ4SWy9OjunSPfbp0UuDilY5XfxQXpfnnIXOlkbRbDvOWEmpbQ4FXykGHEB0D5Ewgi6UiLzd4UIe35UnnZm4Z8peZZTzj4TeYbyGsYErbpWAH0mryAPZu_jKgC8Or9TCQJwC3pzcw8XfNNRgA8RSUufMl3DLOcpMQ40E_S5ifSL9VtHBXS_4JN4xwdTENzgU6RI0q3B8MMPS9UA5CM0M8qRC9em3JMKy5fvsDQM7vJa6Rt-3lvwQquhKMfORadf3g_sQoRFcqocHbVYiVrFya9urhZZeeE8=&xkcb=SoBY6_M3mvNdcVykMB0JbzkdCdPP&camk=UoKtGZLa3XLQCQ8vY9rRcA==&p=2&fvj=0&vjs=3","Data Analyst - Insurance","New","WAHVE","Remote in Indianapolis, IN","Pay information not provided","Full-time","401(k) 4% Match","401(k)","Health insurance","401(k) matching","Work from home",""
"https://www.indeed.com/pagead/clk?mo=r&ad=-6NYlbfkN0DWkVhHl7ZSQYxqj0uMYh7JT7pqOKIoBRUf0f2k3DiHhjlq1qWGfFzqNzh2oK3aAr6ln1YueC4bZgWNnSAk_jNUWqLkuioNDoFtiksRd-o6m_GT1-ptRdT53iJx9u6moW5ptIBykl-f20Ivu2aroMSNwAwYC9VQzseXRzsf5Mn3K0-NF5yBZywny_L5L0SdVVQaf1Mt7ixnsgaqx6lB2eXiXFLCFkZbWhQHUONW02y2Nk7hhXcMwlU5bdOgrM5BTZKI4YJhRCXj03ykCLJlxYgtSVkVQaSpNWlCUqlwBcf5ufy2hF8igu-qKNLW0cpsUtS64SjBQImX6hWrU2jD4kbewh4Sdw0cXVc-fYNJyZOLMwaZtobvwv6QgRwLBS9uh3Fd6ZMZi8UwUAjUjRZeXuVZi6Wvnb6mvkkMwikflgKdCifGDNJXoDjrnU-gSRXljurfyuaaZY9RfZs2cTsSdH2UfcQWidgOB7U_NWzCsInYDrVxB0C1gIz78RYHb4P6v-3bERLFAwNwzMKVyXuw-DmlJ1J4qix5mJc40GXw-JpQV4G0LhVnGxf8oNYhGsK9b1ePKW5uv09mQlBZzQE7iS-2yMeqNi1oSQSGp9Bz7MfcXjd6UrOMR2QrmZyTbnUo49b0axJnLqsXjQttBGLvyoNJDlNFPk4MqdK9GLM83QOwyQ==&xkcb=SoDs6_M3mvNdcVykMB0IbzkdCdPP&camk=UoKtGZLa3XJ_PzIELw-caQ==&p=3&fvj=0&vjs=3","Senior IT Epic Analyst (Revenue Cycle Reporting)","","Boston Children's Hospital","Remote in Boston, MA 02298","$99,154 - $158,631 a year","License reimbursement","403(b)","Health insurance","Vision insurance","Dental insurance","Flexible schedule",""
"https://www.indeed.com/rc/clk?jk=531054561e71f531&bb=aAo2ASixDzpjA6OnMZ8GpnbnOiWyKTd6XibSAyOJPQWNzOdWS6o8FDB7iSVj_B2ejIakdyJZ32TcGdu8ZmrCHXuYN6mho9gjSmLfVshwvDaEFYSrOOmGl1Y3dKnrZDZe&xkcb=SoCW67M3mvNdcVykMB0PbzkdCdPP&fccid=5240abc593b7a436&vjs=3","IT Asset Management Analyst","","ATC","Remote in Troy, MI","Pay information not provided","Contract","","","","","",""
"https://www.indeed.com/pagead/clk?mo=r&ad=-6NYlbfkN0B1ZbfVf7XvpipYmKXQ3cmYu6geBfSzj3PCw--A6E-k6UvgcMqy2racAOeLzQAvnGHj16R7Y8OBi9P3f0VtFhERu0fP-mkr6EWQzJmT6Qm5iDliWOWAQv-UBnLnEQ34SNp-YpnL9qHTe4W8E9-tAtABjTsbEWAGUfa_UX9e2ekigA6Y-wgFAiSlUSpKZo2QyvcgDkDMMJQI2jPreM9oYqKAK1WydLNepZOv7cD_GXHmiiDd9z7v84MFESEtyRUoa4TAKfETBTVsuuOewymxiJwlrN0IihTIRaxJBwwfCxoab3dghHq2z1oiqzTltvoVAEYeD0fXQ0IctOuAv0YKcfBHbNDQ06fAj7GqN9X6avhKH0F1zoCfyd6ERRMvUHJCFnMmCokoaHnuy1Nbs5wY2BMPBsS3vcIlLcIIqlS3Z2YFVvtQ5LBVtENqhExR3KIyQvqQHSTGmT245zkERGmGvYY-7N8ibBrSJ9qed-vwJAgiG3X_jerysnIfnk8ziRer-nrc1sdJkxAIOV2Hfnp_Kc7keSmCAYcvTOF5wR5y5LyeMZyExPEs91Yb3N6at3qwd_VjZA4-wkCsjcztp2F5JdUo3ajUC4tabVtfoKyANKaR34f_DdmgfcIpTcd5jvIk_6It0YpmBi7ZudI8ILWMn0oIP3BX5pvZ-pw=&xkcb=SoDW6_M3mvNdcVykMB0ObzkdCdPP&camk=4HOcmqOLYrCuAR3lPiWu5A==&p=5&fvj=0&vjs=3","Analytics Engineer","","Dwyer Instruments Inc","Remote","$70,000 a year","Full-time","","","","","",""
"https://www.indeed.com/rc/clk?jk=bbc87ac6b5060ce9&bb=aAo2ASixDzpjA6OnMZ8GpqQZqAs9cNnnsAwoqeqeVU-bSghEIMFZFDUKyLtVEEzNX-O-qml4quRkJp0gbFva16_Xe8X_lqTibyNoYycojlvub6N0dagfgQrq8zDQjiL6&xkcb=SoC_67M3mvNdcVykMB0NbzkdCdPP&fccid=d220a032cf5c130b&vjs=3","Senior Business Analyst - 26-02179","Easily apply","NavitasPartners","Remote in Cedar Park, TX","From $90 an hour","","","","","","",""
"https://www.indeed.com/rc/clk?jk=c8e55fb45edf9285&bb=aAo2ASixDzpjA6OnMZ8Gpjm1DvXYGOhal3Ws1PLJ5sWFr_EhWv7m-aCdVzegFCgfZOZap7cc4_S6NsI9w_nmIjvOVjcSnAUtoyI2y69HakVwtcwBb9hf4p7p3zRSs8N0&xkcb=SoAL67M3mvNdcVykMB0MbzkdCdPP&fccid=e082683e6e0bb617&vjs=3","Business Analyst","","Gallagher","Remote in Torrance, CA 90501","$60,000 - $70,000 a year","Full-time","Paid parental leave","Parental leave","401(k)","Vision insurance","Health savings account","Dental insurance"
"https://www.indeed.com/rc/clk?jk=b1a1d56f73505a70&bb=aAo2ASixDzpjA6OnMZ8GpjNlT5_nLRcQlrHFEYSyS6KJKzciU9M4fi6-rSqUvcolPCJLPMBS-Cd0XUv4WsAXX25GfhdHSeP-nK7JqWC371Ymm3BwzhnKROYHi5P-A5-u&xkcb=SoDi67M3mvNdcVykMB0DbzkdCdPP&fccid=b982448f78da2fe5&vjs=3","Data Analytics Manager | Remote (Bensalam, PA) | Fulltime","Easily apply","Two95 International Inc.","Remote in Bensalem, PA","Pay information not provided","Full-time","","","","","",""
"https://www.indeed.com/rc/clk?jk=6f1b42da992e478f&bb=aAo2ASixDzpjA6OnMZ8GphkVFXlvX1q-hiDUYUtVXw0pp5yAUKEPczW3gu9F47woLk0-oaPaJkCRMxEqbifae7m-NPqXMzfRRqQ47Ho2uWZGflCPM4Nmim0MrQJmdKKe&xkcb=SoBW67M3mvNdcVykMB0CbzkdCdPP&fccid=dfc44f3b8c44a6db&vjs=3","Business Analyst I (Full Time) United States","","Cisco Systems","Remote in San Jose, CA","$70,700 - $117,200 a year","Full-time","Paid parental leave","Parental leave","401(k)","Health insurance","401(k) matching","Vision insurance"
"https://www.indeed.com/viewjob?jk=cdef0123456789ab","Business Analyst I (Full Time) United States","","Cisco Systems","Remote in San Jose, CA","$70,700 - $117,200 a year","Full-time","Paid parental leave","Parental leave","401(k)","Health insurance","401(k) matching","Vision insurance"
"https://www.indeed.com/rc/clk?jk=5b7fd6ed4eb0fe9e&bb=aAo2ASixDzpjA6OnMZ8Gpp5RnqwZ-lvCJJ6Doou260lXBhltea2V8r-B_GRhsN6GrloKyfXWCBCOIvkys61t7TW-PIIqxz2St4lo8hqnO5AvTUlxnb7I-Ej6VF_HQ5Pm&xkcb=SoDL67M3mvNdcVykMB0BbzkdCdPP&fccid=3ed0572c448b2368&vjs=3","Sr Data Analyst(SQL,Tableau) - Remote","","Intone Networks","Remote in Minneapolis, MN","Pay information not provided","Contract","","","","","",""
"https://www.indeed.com/rc/clk?jk=b3b7d73995e83bb3&bb=aAo2ASixDzpjA6OnMZ8GplEHkCxCNFM1FTgdaReU8hVcdXAkoixEdUkYm3zYfFZnNAp6wxZU3QBW75meispgyHHA51BQ5hP46Nf1m6ulsDCmQ3vAJpylCSk-usmq7ZaR&xkcb=SoB_67M3mvNdcVykMB0AbzkdCdPP&fccid=bc4b3271ce7474f2&vjs=3","Data Scientist, Product Analytics","","Whatnot","Remote in Seattle, WA","$185,000 - $240,000 a year","Full-time","Paid parental leave","Parental leave","Health insurance","Vision insurance","Dental insurance","Adoption assistance"
"https://www.indeed.com/rc/clk?jk=80658e730f0f0fc8&bb=aAo2ASixDzpjA6OnMZ8GpooU3bvFWjVdB_TJwMO3CQqqLzXSOVaPUYi1Y2CEhnrUg5uPR4J-4vy1jT1AhmEV0A6gXEUwCEZt52M0wjavanYlSq2wgYMFyx43gLXQFL05&xkcb=SoDx67M3mvNdcVykMB0HbzkdCdPP&fccid=bd7c01355bd34084&vjs=3","Bilingual Business Analyst","Easily apply","TechBiz Global GmbH","Remote in San Jose, CA","Pay information not provided","Full-time","","","","","",""
"https://www.indeed.com/rc/clk?jk=0368588d73fb9ae3&bb=aAo2ASixDzpjA6OnMZ8GphvzLpYCMlfDVj4fhAU7znFrnTJE3zvr73qXcuKB0EQ4Zwm780niwR-Jp76DjmRkxod04_F-UiRH67eSZ2QcmZ6bPGafBC7-B4ISvoukRJut&xkcb=SoBF67M3mvNdcVykMB0GbzkdCdPP&fccid=37cef4caaab26e6f&vjs=3","Technical Analyst","Easily apply","People Technology And Processes Llc","Remote in Alexandria, VA 22312","Pay information not provided","","","","","","",""
"https://www.indeed.com/rc/clk?jk=0ed2dd185c0e8d9b&bb=aAo2ASixDzpjA6OnMZ8Gph6fQDcuofEtFa8vlxUUH5p1uqcKplwWmGgs3WKBrYLjz3JacWJabXI3zhuC5cFSd6wbFZHr-BqW2nQky93n8c7dHxCR41ObjbFI4dob6ncM&xkcb=SoDY67M3mvNdcVykMB0FbzkdCdPP&fccid=bf8d0f5b45d49fcf&vjs=3","Senior Data and Operations Analyst, Revenue Cycle","","Visiting Nurse Service of New York d/b/a VNS...","Remote in New York, NY 10001","$85,000 - $127,500 a year","Full-time","Referral program","Continuing education credits","Tuition reimbursement","Health insurance","Paid time off","Vision insurance"
"https://www.indeed.com/rc/clk?jk=c409d87e724dfed8&bb=MuBLLHa-j96Mt9q31VX1vfdjRcEECDEM4OBD2YpkLnTizFaIJidR_ZdOSrjsegvZf33AGpjDrf07aynGLSTZqjStN10cFSAtubq9dsZPnJtt1A4yg0yY0w3jyr-QXgkO&xkcb=SoCT67M3mvNX48ylwR0LbzkdCdPP&fccid=75d99932a8599205&vjs=3","Sr. Insights Analyst - Hybrid","Often replies in 3 days","Circana","Remote in Bentonville, AR 72712","$56,000 - $70,000 a year","Full-time","401(k)","Health insurance","Paid time off","Vision insurance","Dental insurance",""
"https://www.indeed.com/rc/clk?jk=c44403fe91e8fb0c&bb=MuBLLHa-j96Mt9q31VX1vQOWG79TPDMtapJI36GlZxpE82cJnxYAh4QTafY2Y9McyzQA485UFG9L75kN0BhbH_NfCOvoL_I_STEW7VXG63eWuxdXbpXOlXqqtKcsJq2Y&xkcb=SoAn67M3mvNX48ylwR0KbzkdCdPP&fccid=97d46d4a26de6c67&vjs=3","Senior Marketing & Data Analyst","Easily apply","The Misch Group","Remote","$175,000 - $240,000 a year","Full-time","","","","","",""
"https://www.indeed.com/rc/clk?jk=3383336ead46139f&bb=MuBLLHa-j96Mt9q31VX1vfcWjHy20Wx-q9cegBrg88gur9QAu3lUq2NkhMDp067jou1psjOgSYgi9OWv8kTo0afVvZLaUxqkGUsX7YYcYhm0PZNmeUFW-kK2jzHGvAGY&xkcb=SoC667M3mvNX48ylwR0JbzkdCdPP&fccid=fd6e544a14461e46&vjs=3","Senior Business Process Analyst","","Illumina","Remote in San Diego, CA","$90,000 - $135,000 a year","Full-time","Retirement plan","Paid time off","Vision insurance","Dental insurance","",""
"https://www.indeed.com/rc/clk?jk=a706aebcd3e84508&bb=MuBLLHa-j96Mt9q31VX1vZhHobdCMgnopTrRGdKsJ7vDOXmtmgu7pXAyOOm-lBUb4BSHNqnpDM8m3sXEaihZAmGPC4pD71ejQez8L0VdgGp4NIJMoZ_cHaikSdpiNP-J&xkcb=SoAO67M3mvNX48ylwR0IbzkdCdPP&fccid=faa55b37ef687a4e&vjs=3","Sr. Data Analyst (Operations)","Easily apply","VAST Data","Remote","Pay information not provided","","","","","","",""
"https://www.indeed.com/rc/clk?jk=66060d500867887e&bb=MuBLLHa-j96Mt9q31VX1ve5B8P49GJBzCTh9DBoKnd_Ek8s6_aZyIGbzz6h8OxbZzLA-J5MtC3QZk0HD8dot14eSQfWLjsqDkoCJlDCy5qWJX6GL4Gl_VM-OIHuBsyeV&xkcb=SoCA67M3mvNX48ylwR0PbzkdCdPP&fccid=5cf4e54c5ef78aa7&vjs=3","Analyst II, Quantitative Modeling & Forecasting","","Affirm","Remote","$124,000 - $190,000 a year","Employee stock purchase plan","Health insurance","Vision insurance","Dental insurance","","",""
"https://www.indeed.com/rc/clk?jk=da8aeb34f6eb6f76&bb=MuBLLHa-j96Mt9q31VX1vam2ScpADHEEWdmFFt5XwJUjrUWy8UkAzOkogiKxoz3z5oSRofSe0qkVS9lnSj5o0MSaqV45KlURgdrEUwXXM17M9lxk8txnMrAOpq4U_m2_&xkcb=SoA067M3mvNX48ylwR0ObzkdCdPP&fccid=1f46c8b913449a16&vjs=3","Global Data Cost Analyst","","Socure","Remote in Carson City, NV","$160,000 - $190,000 a year","Full-time","401(k)","Disability insurance","Work from home","","",""
"https://www.indeed.com/rc/clk?jk=f9d6ae136071b34e&bb=MuBLLHa-j96Mt9q31VX1vWYdrjHrkh0orAuaxOhzk7OMFJYpmROY4MNi_ohzSfYOJvtKfxVpUmjxX_vb0E77lDqWhEaGS4lSCj3-yWR5Ey_TCaXQnEQTMGoIMX8cZ8e4&xkcb=SoCp67M3mvNX48ylwR0NbzkdCdPP&fccid=bcdf8a343f2e0e45&vjs=3","Business Analyst – Pharmacy & Patient Experience Insights","Easily apply","Gifthealth Inc","Remote in Columbus, OH 43215","Pay information not provided","Full-time","","","","","",""
"https://www.indeed.com/rc/clk?jk=d77cbab534f81691&bb=MuBLLHa-j96Mt9q31VX1vUdccqzm9u4Mwp4MIQBJLA70zFOPHyYQO1LDVMxgBx3449AhF0hzyoZgt5iXwtj-PTCO-WLS2wiLs9vM-0g7bqAGiK71h1Ei8nYLpsMLRlEa&xkcb=SoAd67M3mvNX48ylwR0MbzkdCdPP&fccid=8dd64fb2c494d944&vjs=3","Market Research Analyst","Easily apply","NIGHTSEA INC","Remote in New York, NY 10018","$60,000 - $90,000 a year","Health insurance","401(k) matching","Paid time off","Vision insurance","Health savings account","Dental insurance",""
"https://www.indeed.com/viewjob?jk=123456789abcdef0","Market Research Analyst","Easily apply","NIGHTSEA INC","Remote in New York, NY 10018","$60,000 - $90,000 a year","Health insurance","401(k) matching","Paid time off","Vision insurance","Health savings account","Dental insurance",""
"https://www.indeed.com/rc/clk?jk=03b281167ff9f290&bb=MuBLLHa-j96Mt9q31VX1vdYR2gZZRjXU2A24drlsCIGUwTLixcm6v_gWsfJkCYzqJtghb_CIWFqCO4SOMLBIT0H4bvhS4aARSFBFWXtwIWz4ABcCoo3xBtF2z1xF9CPU&xkcb=SoD067M3mvNX48ylwR0DbzkdCdPP&fccid=6ad1865c32442ac2&vjs=3","Data Analyst (East Coast Remote)","","HockeyStack","Remote","$90,000 - $120,000 a year","Full-time","","","","","",""
"https://www.indeed.com/rc/clk?jk=cae9334ed64d611c&bb=MuBLLHa-j96Mt9q31VX1vXGn38YoSUpkC7yWHXTBCNu39rRkwR_R3mV_3QEohHq9SLz8P8IVu5GNsEItgogP3jN63ej-Z1kEvYJzmnpipGEg5WLkG6K5n_cl--rbhSy_&xkcb=SoBA67M3mvNX48ylwR0CbzkdCdPP&fccid=874a2cfca52d5937&vjs=3","Sr Fraud Data Analyst","","HealthEquity","Remote","$72,000 - $91,500 a year","Full-time","Tuition reimbursement","Paid parental leave","Parental leave","Health insurance","401(k) matching","Paid time off"
"https://www.indeed.com/rc/clk?jk=6c412452140dd40b&bb=MuBLLHa-j96Mt9q31VX1vQk8VqMuWOfV31ckqK3XBUiUwC3htz-SNDdzsIzpdvGfTVEVb2e-IsMqJ3CvsIqTrdQtnCVsy3r5QhVkeg04rBjeg1hJmerc3ZW25tINk8oT&xkcb=SoDd67M3mvNX48ylwR0BbzkdCdPP&fccid=89620ba60243ed30&vjs=3","CLIENT EXPERIENCE ANALYST","Easily apply","Empyrean Benefit Solutions","Remote in Minneapolis, MN 55402","Pay information not provided","Full-time","","","","","",""
"https://www.indeed.com/rc/clk?jk=8f264761abee25ad&bb=MuBLLHa-j96Mt9q31VX1vZhHobdCMgnodP_LJy9nNm329nlB60g23IVdvxlmnZNAdzx3uS1l2CLAJiJ42Nmsf0K4ycV7BhCZtLBpIl-ZRM0hU0M6nPJx3HIz0JYLn18a&xkcb=SoBp67M3mvNX48ylwR0AbzkdCdPP&fccid=4d9f2f5d89f22011&vjs=3","Data Analytics Consultant (Credit Specialist)","","MeridianLink","Remote","$74,300 - $108,000 a year","Full-time","Health insurance","401(k) matching","Paid time off","Vision insurance","Dental insurance","Life insurance"
"https://www.indeed.com/rc/clk?jk=b427be900759e1f7&bb=MuBLLHa-j96Mt9q31VX1vfs0emeEgXGxKYwdlZehwUXLL07slMgENX3R0ZdI70CZpKy3zwB8wDELpmOZR-z7N13LDDEa2PaKaYk-RJrPZkkLAs7GfgtI6UuJ0r5JAt3v&xkcb=SoDn67M3mvNX48ylwR0HbzkdCdPP&fccid=1457c6a062c7289f&vjs=3","Advanced Analytics Supply Chain Analyst","Easily apply","LayerZero Power Systems Inc","Remote in Aurora, OH 44202","$80,000 - $90,000 a year","Full-time","Health insurance","401(k) matching","Paid time off","Vision insurance","Dental insurance","Paid holidays"
"https://www.indeed.com/rc/clk?jk=5bd0b949e7a46843&bb=MuBLLHa-j96Mt9q31VX1vbn_LYcaUi-Ojy62X6T5dvkkSUvLiALaShoQ_TpBRel_n_W8RiqgsHIfATug8foRWTHWCe2ruhZ4R6aseoOLX_yZUeDP9BKEQZreNt2HLs7k&xkcb=SoBT67M3mvNX48ylwR0GbzkdCdPP&fccid=2dccc46ed862d8a3&vjs=3","Marketing Data Analyst, Accolades","","Forbes","Remote in Jersey City, NJ","$85,000 - $90,000 a year","","","","","","",""
"https://www.indeed.com/rc/clk?jk=b5ce6f40bb4337e5&bb=MuBLLHa-j96Mt9q31VX1vdjxl6YtWgcAIBYnolk6IiW9tUfU8ZmhM2bPOehZ7SmygcRtybfGKijprQgOSi5dVsK4aL5oWX8gPM4ZhBrygj6FPdFKmagVjpQWVxEg0rL7&xkcb=SoDO67M3mvNX48ylwR0FbzkdCdPP&fccid=3e29003285775ee0&vjs=3","Strategic Account Data Analyst (US Remote)","","First Advantage","Remote","$60,000 - $80,000 a year","Full-time","Employee stock purchase plan","Health insurance","401(k) matching","Paid time off","Vision insurance","Dental insurance"
"https://www.indeed.com/rc/clk?jk=3f4cab94c2f3872a&bb=aIFAxo9d9TL3WboFKkG60WHfVOIMtboMeZB88oeCFgRJzPlMXQoKiF8EBgaGbFUGQrcuADwDiQNGPpKoCZuMUVMwCHgIAahYcc7QZ9k-ZkCPiphk61AWLiJEXA1YBxpr&xkcb=SoD567M3mvNW2TQVtB0LbzkdCdPP&fccid=498f37f614f0b84c&vjs=3","Economic Data Analyst","Easily apply","Corner Alliance","Remote","$90,000 - $110,000 a year","Full-time","401(k) 4% Match","Paid parental leave","Parental leave","401(k) matching","Paid time off","Vision insurance"
"https://www.indeed.com/rc/clk?jk=7b531a172d71b8b3&bb=aIFAxo9d9TL3WboFKkG60WSvgV8ML5_zdlnLFQ9JNgfU5ukDM2F499RwzBvYjvKwB4kmx5dSJu_sDFG1UooppjWfEzTNdP4SHyjbv08y1niwP5ouReoEP4Sb7UTUkfi5&xkcb=SoBN67M3mvNW2TQVtB0KbzkdCdPP&fccid=6c630c500f1499cd&vjs=3","Military Medical Data Analyst","Easily apply","Oasys Inc.","Remote in San Diego, CA","$130,000 - $170,000 a year","Full-time","Tuition reimbursement","401(k)","401(k) matching","Vision insurance","Dental insurance","Flexible spending account"
"https://www.indeed.com/rc/clk?jk=95f7e885076f5145&bb=aIFAxo9d9TL3WboFKkG60Y-h-8JHT9t1eY46WoT7-MIYhpwEJXkli2_Ul1aJm-IEBo8gZOczYrtEPh1iRCGl8x3eisc4qavkK2Bi2drhwKL7rcwzVLM5-vxhL3rMXecx&xkcb=SoDQ67M3mvNW2TQVtB0JbzkdCdPP&fccid=1a025eb59799109c&vjs=3","Senior FP&A Data Analyst","Easily apply","Storable","Remote in Austin, TX","$110,000 - $150,000 a year","8 hour shift","Paid parental leave","Parental leave","Health insurance","401(k) matching","Health savings account","Life insurance"
"https://www.indeed.com/rc/clk?jk=291b50b6ecd0b9b2&bb=aIFAxo9d9TL3WboFKkG60aIeJuwAHWViuO_sHjOTCUTZcT3GfG3YgkZI30yfseTgHAzHu-RunDS8w6t9VA39ReRO5wiKLnttS4SQ_xuvUiZuwo8TdCBwS1-ItVxc5gXC&xkcb=SoBk67M3mvNW2TQVtB0IbzkdCdPP&fccid=d25e98cd4a33d7d9&vjs=3","Business Intelligence Manager","Easily apply","Rocket Lawyer","Remote in Denver, CO","$126,000 - $186,000 a year","Pet insurance","Health insurance","401(k) matching","Vision insurance","Health savings account","Dental insurance",""
"https://www.indeed.com/rc/clk?jk=4f5a70abb76cd775&bb=aIFAxo9d9TL3WboFKkG60T4MYcGLXBwC1LatQRojkQMz24f2KaDe6_AeXq8UvC_FfXF7jq1LoFH2ntp9WOTvHUg_EjE2Shrt3yFx9YjtRTSuUiAwC6nsNOHQo6q0Ugdb&xkcb=SoDq67M3mvNW2TQVtB0PbzkdCdPP&fccid=de2a910cf95906e3&vjs=3","Marketing Data Analyst","Easily apply","Cellebrite","Remote","Pay information not provided","Full-time","","","","","",""
"https://www.indeed.com/pagead/clk?mo=r&ad=-6NYlbfkN0A2W2m01KQhid57UBV0mq-PBKm_hiUTmSzByh-e77p5XtA77MHSRvJl261NN6TWQ-dqE_aEj8C1aNAN7fvGw8HZj6fHiPmrgNm5dJgGHNRUaRaoiJFwWCBq03vUq--i-nv0aSO-uSXH_HqbUC_P_G73AEtKDUNx2x4jB7EwydtvwEsC6C7Pr4zb7GO8NBs11Tk4erq4fK9VQkhgidCzGP7xDHn6TmTn73mrIW02uqS8vaVnisN1BZvwMBICDShQSz0ZGdNa8zyryTxVjdsJyPCfa9JYczQAdIs6__tvuIDuZoDoskN-8Bx7sWeYyF0U2qBDOSRDR9pNzmIUXB-Ix-XVCfbZ39ls9lM6x4SioGiEsIavSyLNrmlgkARZcyc2ETNqtE5GhUoPhL0anqPB0PMznZEgh_SKpLe3l_i97CtGTbQtL4lno_Bzl9pLlV6ZU_b3Xp7GdHIW0-BA0b1-F2Nopi0qo-0D5WsLQ5RCbH9rjn1WNirMnKYtkOnyrB5TWeJOInBWPZUy1RffFni4Q-5DbB5sc8CtfXAdOq2rTtgGlvcNPfI6dZQ2EiRCj-d0TMp36jZ9vAMrD2rDhYJbjEPMUQaYh1VO5QkJFy1MzM1_nA0uOxsgIGIE7YqLkf2Ahb1y94nL1TPxZuRDcHQZCODicfBUHxoUvFgQnXTKQwy6jGfqZmC6Dv69AVxivXXAuHS4KbXKnPUKFQCtKrX2oATA&xkcb=SoCq6_M3mvNW2TQVtB0ObzkdCdPP&camk=CPChkbYSGj_XXoWEHVSh-g==&p=5&fvj=0&vjs=3","340B Program Analytics Manager","Easily apply","Senderra Specialty Pharmacy","Remote","$90,000 - $120,000 a year","Full-time","401(k)","Health insurance","Paid time off","Vision insurance","Dental insurance",""
"https://www.indeed.com/rc/clk?jk=13da3f0798df1d51&bb=aIFAxo9d9TL3WboFKkG60Uw_YNHfp5JFdoZ-6fDm8xuYpDARiyZoIC02HHI-rDedtRP68cQMs3jReMIts3bJJY3SeQuatqMJmVD5z5E9XH7bSH5XmbuEO8jkChnbySy_&xkcb=SoDD67M3mvNW2TQVtB0NbzkdCdPP&fccid=33d5cafaa81b4d7e&vjs=3","Executive Director Enterprise Reporting and Analytics","","Cone Health","Remote in Greensboro, NC 27401","Pay information not provided","Full-time","","","","","",""
"https://www.indeed.com/rc/clk?jk=45f0ab4bb7aa012b&bb=aIFAxo9d9TL3WboFKkG60T15SkG10abz7gsK1UU0Gw9PKEZLoN-K_hawB6DNldsYonutr_x0EWAFZxtVkM1CSAdnq5rqBFWXFJ38ovT0GGQd3jn5wUHXx6xIyVvMIdg5&xkcb=SoB367M3mvNW2TQVtB0MbzkdCdPP&fccid=b2ee8bbb75adfce3&vjs=3","Sports Specialist - Freelance AI Trainer Project","","Invisible Agency","Remote","$8 - $65 an hour","Freelance","Health insurance","","","","",""
"https://www.indeed.com/rc/clk?jk=b7de313a6cb54ccb&bb=aIFAxo9d9TL3WboFKkG60QVpNEnX2kfxm9sXpk-tVszoxKyPvo-AnQ67dMequ5CPewGe277zpERaGWRSc1pXZrWp1SoSdxPMe-oSgrzEf5nKotBNBbsCAxJknnxQ_Xne&xkcb=SoCe67M3mvNW2TQVtB0DbzkdCdPP&fccid=f3c7ebaf736cc222&vjs=3","Quality Optimization Analyst","Easily apply","Vimo Inc","Remote in Atlanta, GA 30339","$21 an hour","Full-time","Paid training","401(k) 4% Match","Paid time off","","",""
"https://www.indeed.com/rc/clk?jk=a21b6524336dfcfa&bb=aIFAxo9d9TL3WboFKkG60XGGX2kGnXa1ThA_ESSGRfO3v-psrRlODmD2UWJ5K7NlKeqiCFYyC7zyTli_FxJr1R_5sG2qcwkHiJNS5TbfFzRc9ir3GPbgc7RbZ4y3cm8l&xkcb=SoAq67M3mvNW2TQVtB0CbzkdCdPP&fccid=fb72bf94b853fcc4&vjs=3","Data Analyst - BIHA - Member Analytics/Marketing","","Vida Health","Remote","$85,000 - $100,000 a year","Full-time","","","","","",""
"https://www.indeed.com/rc/clk?jk=c1867aa95d1b10ae&bb=aIFAxo9d9TL3WboFKkG60Uka2hIMoaEtFcSzOg4_ZcAisVS6_1bBq0UrteH9IzgHww-nqQwKsg2X6nOtecXr2eg9Fzgt6056ZP8ew6rPJS7P6sKKVvykS4x0oCEF-Epf&xkcb=SoC367M3mvNW2TQVtB0BbzkdCdPP&fccid=62563b09c17d61e0&vjs=3","Business Intelligence Analyst","Easily apply","Lulu and Georgia","Remote","Pay information not provided","Full-time","","","","","",""
"https://www.indeed.com/rc/clk?jk=aa1f8378d4b0e2cc&bb=aIFAxo9d9TL3WboFKkG60UwhpeG8EepROq22ZsqoGUY7dPlFTtAHlgNckIi0Dvt1eh_8AxHbqd4t7GUVHKUixesnVaUgjwqh5VOEJWKenxb-Is1rjLyNEvqlJEizGi3c&xkcb=SoAD67M3mvNW2TQVtB0AbzkdCdPP&fccid=dc76bfb0aba8096e&vjs=3","HR Operations Analyst","Easily apply","Tebra","Remote","$101,000 - $115,500 a year","Childcare","Health insurance","Employee assistance program","Work from home","","",""
"https://www.indeed.com/rc/clk?jk=e264962949bfb462&bb=aIFAxo9d9TL3WboFKkG60QGotnNsoMW2zw8blPohjlZBARdAQkfinK4nYYxwigRuGHgy6XIq3z3JzeYI1NkAmKRSdrCe-iT1FH4c4zUEea7tmjycN4eNumvRDVgYFnbp&xkcb=SoCN67M3mvNW2TQVtB0HbzkdCdPP&fccid=e5f741bf43df9079&vjs=3","Senior BI Testing Analyst","","Trilogy Federal LLC","Remote in Arlington, VA","Pay information not provided","Full-time","Overtime","Tuition reimbursement","Pet insurance","Paid parental leave","AD&D insurance","Parental leave"
"https://www.indeed.com/viewjob?jk=789abcdef0123456","Senior BI Testing Analyst","","Trilogy Federal LLC","Remote in Arlington, VA","Pay information not provided","Full-time","Overtime","Tuition reimbursement","Pet insurance","Paid parental leave","AD&D insurance","Parental leave"
"https://www.indeed.com/rc/clk?jk=d2dd8554fbcdf89d&bb=aIFAxo9d9TL3WboFKkG60ePr1kP2KZrp4GQovZIORHZsTF7Two_rkdK0wsLMhlD1F2y0Ehfbkt8LlbXm5auT4lPfmfKciVTDWWpmLMfYgDf5Rd_DtOvOsCui8Po1Edmb&xkcb=SoA567M3mvNW2TQVtB0GbzkdCdPP&fccid=fd991841e140b85f&vjs=3","Revenue Data & Insights Analyst","Easily apply","Nearmap","Remote in Lehi, UT 84043","Pay information not provided","Full-time","Parental leave","Health insurance","","","",""
"https://www.indeed.com/rc/clk?jk=007ba1b265bd1ea1&bb=aIFAxo9d9TL3WboFKkG60WlvlCrIhVzDl9YKdiyRvhCD0l-K-kOZFNF6Wo_R5dNuauYxIZ8gMMj7hzDSRSECG35CryM8w80EHY0Gh3GEMyUfopO_jaFnt-rugD4_cUfo&xkcb=SoCk67M3mvNW2TQVtB0FbzkdCdPP&fccid=a4d7691b22d11b25&vjs=3","Lead Insights Analyst","Easily apply","Billtrust US Careers","Remote in Nashville, TN","$115,000 - $145,000 a year","Paid parental leave","AD&D insurance","Parental leave","Health insurance","401(k) matching","Paid time off",""
"https://www.indeed.com/rc/clk?jk=a53ac9b8996fb54b&bb=ntiosjHvNgo5nB6CDJnEYJa4kxcmTwHuQGWuIJj96yB4Vjf-btL5gbUchYGzFSGAiKlAI2Mc-ji4a6_uBRBh2sT5HfLsdWe6WYfLLB8a1NaBf1CJVGfoO8nocLd-hdNj&xkcb=SoBL67M3mvNWFyynFJ0LbzkdCdPP&fccid=181ae1a6390e21b5&vjs=3","Strategy & Analytics Manager","","Dataminr","Remote","$85,200 - $125,500 a year","Full-time","Professional development assistance","Paid time off","","","",""
"https://www.indeed.com/rc/clk?jk=a67cae11935e9b31&bb=ntiosjHvNgo5nB6CDJnEYAFzrtMIWGFr39Aa7nvspacGjHFZ0bJ2snwQwr3QiDIikbkujDi-iu-WdYkZnycLax6QA99CHel-EWihxpf4jeOhyUApUa05YDE7W8hR9aUX&xkcb=SoD_67M3mvNWFyynFJ0KbzkdCdPP&fccid=f018c54bf1832574&cmp=Effone-Software-Inc&ti=IT+Analyst&vjs=3","IT Business Analyst","Easily apply","Effone software inc","Remote","$51 - $55 an hour","Contract","","","","","",""
"https://www.indeed.com/rc/clk?jk=55003078582aa55f&bb=ntiosjHvNgo5nB6CDJnEYHtsrjQwRmRO1XuL3xHKsPCcuolcwdTfEm8S1keNfyzgXP45s5eCBGbgMg3a3VO6S9eUr2BxKKXB4H8PfrELiaBOjxvc8j6x4fBdMibPphAs&xkcb=SoBi67M3mvNWFyynFJ0JbzkdCdPP&fccid=19c41d71daed9164&vjs=3","Digital Solutions - Data Engineer","Easily apply","LightBox","Remote","$80,000 - $95,000 a year","Full-time","Weekends as needed","","","","",""
"https://www.indeed.com/rc/clk?jk=fe0834628c817c5c&bb=ntiosjHvNgo5nB6CDJnEYIsGGUdcihzklrLTkJU15RDjwBQriuKox61w0H6J9-HEs1dPwp_o5F-0BntvQbU2eyFRJ1uBb3o2t7dwRZODZI0hVCQoV99IjqxEFDasf3jQ&xkcb=SoDW67M3mvNWFyynFJ0IbzkdCdPP&fccid=28f237dde23bc670&vjs=3","Business Analyst","Easily apply","AEM Corporation","Remote in Reston, VA","$75,000 - $85,000 a year","Full-time","","","","","",""
"https://www.indeed.com/rc/clk?jk=96aba8883845197f&bb=ntiosjHvNgo5nB6CDJnEYCWxIN0sZcOIdOOxkiqEicM8JjNKREVJJTgrrU_Cu2BdpgTYvFMzMwi7v4jW4--tHHFLdorhyHkssxlHYk9Vkn3zjuQeKmhVYr6hMOSIwn4i&xkcb=SoBY67M3mvNWFyynFJ0PbzkdCdPP&fccid=17e4ea83267aeb55&vjs=3","Senior Data Analyst (Marketing Experience)","Easily apply","Improvado","Remote","$80,000 - $100,000 a year","Full-time","Professional development assistance","401(k)","Health insurance","Dental insurance","Unlimited paid time off","Paid holidays"
"https://www.indeed.com/rc/clk?jk=9c606a75af37cea8&bb=ntiosjHvNgo5nB6CDJnEYDCeWyXSSfai0G_XaLc0-_jjM50e4ID5EhIre3rMd6v5XxDBVj0jPn0EOksMjMVXOS8rGlMghKmzh1RPBNDolhk1TBs6VMR_gMzfwpKiBhz5&xkcb=SoDs67M3mvNWFyynFJ0ObzkdCdPP&fccid=feeb6b316d50abff&vjs=3","Data Analyst, Revenue Operations","","OnBoard","Remote","Pay information not provided","AD&D insurance","Health insurance","Paid time off","Vision insurance","Health savings account","Dental insurance",""
"https://www.indeed.com/rc/clk?jk=d0f494723e509096&bb=ntiosjHvNgo5nB6CDJnEYBk1V_rmWQR6xdIVVzI1L6ySKCIy2NM4Iq50aIPSts73t0BiHgmyoHTCW0oCCpuRH1w062eHgD-wrlVJVLbAu1NaQ1f76bt3mXra3qqjN7qG&xkcb=SoBx67M3mvNWFyynFJ0NbzkdCdPP&fccid=dd616958bd9ddc12&vjs=3","Principal Asset Optimization Analyst","","Peregrine Energy Solutions","Remote in Boulder, CO","$120,000 - $150,000 a year","401(k)","Health insurance","Vision insurance","Dental insurance","Life insurance","Disability insurance",""
"https://www.indeed.com/rc/clk?jk=8f3be9a43f211270&bb=ntiosjHvNgo5nB6CDJnEYCnQAKa9WZuwreVbpr0BR5S0Ch98UDrGsqCp9Ti_4xSJDIn3Ro9A432xAqj5my7F4pj_3ZwXKWtc1ly4VlFIraq1cXIqjgx9wIy3AVIzchpL&xkcb=SoDF67M3mvNWFyynFJ0MbzkdCdPP&fccid=ba285a90ea9ca2b4&vjs=3","Power BI Expert","","DataSelf Corporation","Remote in Santa Clara, CA","Pay information not provided","","","","","","",""
"https://www.indeed.com/rc/clk?jk=df6a93e7d731c758&bb=ntiosjHvNgo5nB6CDJnEYHHC-zEeAaGjX4plOTHwU2lbFxgMc0ap95uw8ibvRPzmBWjkTomjlnJR4-nIDs0exXhdRfMfT8GVPC8gh7SWnvl2sHsyI0qGeiISwOjz-Fc0&xkcb=SoAs67M3mvNWFyynFJ0DbzkdCdPP&fccid=b2dc4d33d2b793cd&cmp=Infoville-Inc&ti=Technical+Analyst&vjs=3","Technical Analyst","Easily apply","Infoville Inc","Remote","Pay information not provided","Contract","","","","","",""
"https://www.indeed.com/viewjob?jk=fedcba9876543210","Technical Analyst","Easily apply","Infoville Inc","Remote","Pay information not provided","Contract","","","","","",""
"https://www.indeed.com/rc/clk?jk=f6826a4be168af3f&bb=ntiosjHvNgo5nB6CDJnEYIIp4JFj_w4fCHpQYJHcK7geVp2PrDJcHX__XYtdspExh50Xe6qVyts7I6a3lsRRLBQY_KuFHwUal12nEamd8DJbg3eNLfu9KV946A3Zodie&xkcb=SoCY67M3mvNWFyynFJ0CbzkdCdPP&fccid=45a8c69a907dcf54&cmp=THUNDERYARD-SOLUTIONS&ti=Data+Analyst&vjs=3","Data Analyst (SCRUM Focus) -Veterans Affairs (REMOTE)","Easily apply","THUNDERYARD SOLUTIONS","Remote","$100,000 - $110,000 a year","Full-time","Professional development assistance","401(k)","Health insurance","401(k) matching","Paid time off","Vision insurance"
"https://www.indeed.com/rc/clk?jk=7558aea7d5b19fc6&bb=ntiosjHvNgo5nB6CDJnEYK7R275goF6ZkTQl5Wy6kgpY13M1mKUTfr5P2INdITNBK47qx4zOXhOTtQiNTkBDtZzQeJ7K44qlZ0DTZ9RtmzV4WtbV9GF4YOfTyJxnnaTZ&xkcb=SoAF67M3mvNWFyynFJ0BbzkdCdPP&fccid=dd616958bd9ddc12&vjs=3","Financial Modeling Analyst","Easily apply","Boldin","Remote","$105,000 - $140,000 a year","Full-time","","","","","",""
"https://www.indeed.com/rc/clk?jk=e2cfa620ef6d1724&bb=ntiosjHvNgo5nB6CDJnEYMIXrbfNpXb0V0UzrPozqGo2P3jxrRX0ZI3dTwPITAoeCPDcgsRtRuC94ODV3TPV-aPxtauoC-Nd3AVwvOCmwnBqwaeizFk6f8R6fXEtaSu4&xkcb=SoCx67M3mvNWFyynFJ0AbzkdCdPP&fccid=cd29d1ee49d5e992&vjs=3","Senior Business Intelligence Analyst – Digital Marketing Analytics Lead","Easily apply","360training","Remote","Pay information not provided","AD&D insurance","Health insurance","401(k) matching","Vision insurance","Health savings account","Dental insurance",""
"https://www.indeed.com/rc/clk?jk=5209a4cd2dab9e75&bb=ntiosjHvNgo5nB6CDJnEYD6VHdCMD6FqP2ItieAaCMda4bLyZcfNOtL6z__KxqWgfj07k1avjilRW8LlFo0x_z0cVoVacKmgUcxCUmctUcIq51ZyKTxHMcTL1bSIWGr1&xkcb=SoA_67M3mvNWFyynFJ0HbzkdCdPP&fccid=8f3c0373bcfa5520&vjs=3","Senior SEO Data Analyst","","Spokeo","Remote in Pasadena, CA 91101","$127,800 - $147,600 a year","401(k)","Health insurance","Paid time off","Vision insurance","Dental insurance","Stock options",""
"https://www.indeed.com/rc/clk?jk=7a13ab7e04daab31&bb=ntiosjHvNgo5nB6CDJnEYALX6m-x4tDjYHkxnlxZ_lKqg07KwoBMHrVPlM6sxBEAEn24DyvyIOPPsAo6qBRlfnSujjSntTGRihZDGGpB0CkOqkOJ_7IUhXKI5Clx9YbW&xkcb=SoCL67M3mvNWFyynFJ0GbzkdCdPP&fccid=67b44aba11908e12&cmp=Sfklogix-LLC&ti=Ai%2Fml+Engineer&vjs=3","Business Analyst with AI/ML exposure (Healthcare & Public Sector)","Easily apply","Sfklogix LLC","Remote","$90,000 - $110,000 a year","Contract","","","","","",""
"https://www.indeed.com/rc/clk?jk=db95ab133f2c951a&bb=ntiosjHvNgo5nB6CDJnEYK6XESL6LFnhK43ynIgOc4ocQl4dF3VObY3NJmduhjo_z7ccKKZf8oZArrk-obI5Gikj2TgFAt-h4awVbEr7AFZ5krluAYV6EocICp633TH_&xkcb=SoAW67M3mvNWFyynFJ0FbzkdCdPP&fccid=e0a2dfbee247b44d&cmp=Alterwood-Health&ti=Senior+Data+Analyst&vjs=3","Health Data Analyst II","Easily apply","Alterwood Health","Remote","$82,000 - $95,000 a year","Full-time","401(k)","Health insurance","401(k) matching","Paid time off","Vision insurance","Health savings account"
"https://www.indeed.com/rc/clk?jk=4b912f6cbcff5841&bb=rF6KATrJR_SG15nW0tt0JQ-cIsTzMUw-kvBuGtSW5FB2mIJhTpV7JnIJmn3HTYJEl9MiNd0RaWj6UhD05Mglo8JGRHB9zHKdmzfx2dr0vX7SIREzZIyD0Jv-rRNl3jCV&xkcb=SoDR67M3mvNVTWAN570LbzkdCdPP&fccid=3ba95f123ac3615f&vjs=3","Data Engineer, Web & Social Scraping","","OpenBrand","Remote","Pay information not provided","","","","","","",""
"https://www.indeed.com/rc/clk?jk=a5f4289fe9d3f311&bb=rF6KATrJR_SG15nW0tt0JVICmeWSzjmgdDNyp1klMZSiXdJDKvIA0YoqWnK2kIK1NF4bbFeTPV1k_dnjP1UTpyFkrVkyZkGU4R_M3Mx-8GxEkxgYSS22F3lUwiOWBA_G&xkcb=SoBl67M3mvNVTWAN570KbzkdCdPP&fccid=8d2cca5212efeb7f&cmp=Savvy-Technology-Solutions-LLC&ti=Child+Welfare+Specialist&vjs=3","Senior Child Welfare Analyst","Easily apply","Savvy Technology Solutions","Remote","$75,000 - $85,000 a year","Full-time","","","","","",""
"https://www.indeed.com/rc/clk?jk=f38f876b7f8cafd6&bb=rF6KATrJR_SG15nW0tt0JUk15DYThj30UBD1_1tIksxa89ZjWltBrv34CpZRCagTcFXTY9-1BSCR1jUsA5P0qlsXjUjbOovPIu8NwPhiOybBgDig9jKxrmjPJs0wd6Ke&xkcb=SoD467M3mvNVTWAN570JbzkdCdPP&fccid=9075136cad066570&cmp=Integra-Connect&ti=Senior+Data+Analyst&vjs=3","Sr. Data Analyst","Easily apply","Integra Connect","Remote","$120,000 - $130,000 a year","Full-time","Health insurance","401(k) matching","Paid time off","Vision insurance","Dental insurance","Paid holidays"
"https://www.indeed.com/viewjob?jk=123456789abcdef0","Sr. Data Analyst","Easily apply","Integra Connect","Remote","$120,000 - $130,000 a year","Health insurance","401(k) matching","Paid time off","Vision insurance","Dental insurance","Paid holidays","Full-time"
"https://www.indeed.com/rc/clk?jk=1225dd8a91f9d155&bb=rF6KATrJR_SG15nW0tt0JSea-SuF9C-jyv8o8sj8VzVBOaQmfSepKBrw16vGZAMdA68kzg9o7YEh9RFjWqtbvubrZTgEOCwv8wpGmwzrdj2BtVAiBMfEvYa9t9XJRYUj&xkcb=SoBM67M3mvNVTWAN570IbzkdCdPP&fccid=5de1fafcbe6b6997&cmp=CloudServiceTek&ti=Entry+Level+Analyst&vjs=3","Entry Level Business Analyst","Easily apply","CloudServiceTek","Remote","$63,115.01 - $76,009.48 a year","Full-time","401(k)","Health insurance","Paid time off","Vision insurance","Health savings account","Dental insurance"
"https://www.indeed.com/rc/clk?jk=34c113809bf50ccd&bb=rF6KATrJR_SG15nW0tt0Jbo9t65r6nJQk-QaEyPea3GZFPLgKmyHfXI99p54ErxsoHo36XuT1qVvWAc3Yh64ePMIb5yXz70i8VFXLwADNpRvQutB3Amw8WMpwBvAwanp&xkcb=SoDC67M3mvNVTWAN570PbzkdCdPP&fccid=65d34d1e442cde50&cmp=WORKFORCE-Institute&ti=Data+Analyst&vjs=3","Generative AI Data Analyst – Online Instructor","Easily apply","WORKFORCE Institute","Remote","Pay information not provided","Part-time","Monday to Friday","","","","",""
"https://www.indeed.com/rc/clk?jk=128f4952b62d28d8&bb=rF6KATrJR_SG15nW0tt0Ja3CRXHy2MeRR7DIWfOLBmb3bguy1-cBEcJHpK4F7Ax6grjNbtxxNRr55BlVgRnwhkpvGTh4mw1bTgAZAtGdHkupwPHxuIGCdrV2VFiQriW7&xkcb=SoB267M3mvNVTWAN570ObzkdCdPP&fccid=5ae54157ccaa866e&vjs=3","Lead Healthcare Analyst","Easily apply","Cohere Health","Remote in Boston, MA","$115,000 - $130,000 a year","Pet insurance","Paid parental leave","Parental leave","401(k)","Health insurance","401(k) matching",""
"https://www.indeed.com/rc/clk?jk=05add0c7c6a85ab1&bb=rF6KATrJR_SG15nW0tt0JY230eitSIn53Hz4IFNyGGQDIpb5HABmOQMJQ5DxfaBJz6ETRG9WnzLtnW54DK6XIJ5jPxPJWM1pp_EWxRyT4zHMSU4QUR5tz9Vw4vyGvs4g&xkcb=SoDr67M3mvNVTWAN570NbzkdCdPP&fccid=ef0710f9d5ff9321&cmp=Weboptimix&ti=Business+Analyst&vjs=3","Business Analyst - Fresher","Easily apply","Weboptimix","Remote","$62,597.89 - $75,386.70 a year","Full-time","401(k)","Health insurance","Paid time off","Vision insurance","Health savings account","Dental insurance"
"https://www.indeed.com/rc/clk?jk=278fe31d255f8e12&bb=rF6KATrJR_SG15nW0tt0JT7WzTQjZr0eAxB3H5nHikma8V_Nx2nBfCKouO9D8b8NU29OdwOkSnB_G2xGy9DbOP8VLDkHmk_RUTRXRQvV0EMm89zCkFVDy-YqVZqpcAB8&xkcb=SoBf67M3mvNVTWAN570MbzkdCdPP&fccid=d46a8bf2d4e8cdc6&vjs=3","Marketing Data & Attribution Analyst","Easily apply","Restaurant Supply","Remote","$160,000 - $220,000 a year","Health insurance","Vision insurance","Dental insurance","Flexible schedule","","",""
"https://www.indeed.com/rc/clk?jk=84e280b7e5c881ba&bb=rF6KATrJR_SG15nW0tt0JXrDQzVFUnvFgq0VXaMRIYtOAoANIoEkrievP_iE3aJ_IeWzppMH-CbBEeLKMGEpVAd-Wx85utAgOiqbfpLN_zqzzjOMgjouPSSgnJleZRsC&xkcb=SoC267M3mvNVTWAN570DbzkdCdPP&fccid=992d2c79b1c4c066&vjs=3","Plan Administration Solutions Analyst","","Andesa Services","Remote in Allentown, PA","Pay information not provided","Full-time","40 hours per week","On call","Employee stock ownership plan","","",""
"https://www.indeed.com/rc/clk?jk=da706c242ae851f8&bb=rF6KATrJR_SG15nW0tt0JTuqcKeIg5oQn87s1iaRc4MQ6BVaowXcVHM79VGM4dlt-3THFEZHer8klqjOXMEbubN7qhumx4oc-08gNGTF2PRn7tREkVdMb8PWq1d0YPln&xkcb=SoAC67M3mvNVTWAN570CbzkdCdPP&fccid=f42d35aa1c7dacb4&cmp=Otcmarketpro&ti=Entry+Level+Analyst&vjs=3","Entry Level Business Analyst","Easily apply","Otcmarketpro","Remote","$60,000 - $65,000 a year","Full-time","","","","","",""
"https://www.indeed.com/rc/clk?jk=0e908cd79ff7be99&bb=rF6KATrJR_SG15nW0tt0JXRs_Hbxz752Ae3vGOivlJ-V-_1c1FapkIH97SmUZRg9Istyqdx7c0bOpgiORil4J1Vt_vUrLMILHcFAL3gEco64ONh7AAHgiwNLMVXQz6yR&xkcb=SoCf67M3mvNVTWAN570BbzkdCdPP&fccid=841592ce83f6d50b&cmp=CL-Hebron-Enterprises&ti=Business+Analyst&vjs=3","Business Analyst (5263184)","Easily apply","CL HEBRON ENTERPRISES INC","Remote","$40 - $55 an hour","Full-time","","","","","",""
"https://www.indeed.com/rc/clk?jk=0232638673bd77b8&bb=rF6KATrJR_SG15nW0tt0JaINfgK5I8Wn_LxPcT1okeYjzH48HKEoqwwWSFPf99XR2eKq5xNCI9DsOUyfuHDVzSWSlD367ecfifBOqkkisrfEe0godzCJCVJGvgtDXTEn&xkcb=SoAr67M3mvNVTWAN570AbzkdCdPP&fccid=2c5035c24e09b497&cmp=SlateRx-LLC&ti=Business+Intelligence+Developer&vjs=3","PBM Senior Business Intelligence Developer (Tableau)","Easily apply","SlateRx LLC","Remote","$90,000 - $100,000 a year","Full-time","401(k)","Health insurance","Paid time off","Vision insurance","Dental insurance",""
"https://www.indeed.com/rc/clk?jk=c6b8577b15410a32&bb=rF6KATrJR_SG15nW0tt0JbH8jK02mVGohNZrxiZ7-d3nSNwcN0stUD_79kAbux7NxigL8lxBTd0tBRCGXxnrvppx7AXUGyYV7b6DpM16TNH6iKljwgndsn3ndQmtdOTq0LvHxM52EOwrZp7zHbvMxA%3D%3D&xkcb=SoCl67M3mvNVTWAN570HbzkdCdPP&fccid=33935d57ed03d57b&cmp=Fvlcrum-Fund%2C-LLC&ti=Community+Impact+Analyst&vjs=3","Community Impact Analyst","Easily apply","Clearinghouse CDFI","Remote","$30 - $40 an hour","Full-time","40 hours per week","401(k)","Health insurance","401(k) matching","Paid time off","Vision insurance"
"https://www.indeed.com/rc/clk?jk=f3ddebc0b873a445&bb=rF6KATrJR_SG15nW0tt0JZAhv_AT3roNIinEFh0lIInNoQHI4_4yrBtxux-24U--DSvAzTE8v-XfWb0tLsqWz0bHxc7aw_8evLvbGTfnMAl6wpJQcDAF7p53r9CEuMAl1vycQRuXIbw%3D&xkcb=SoAR67M3mvNVTWAN570GbzkdCdPP&fccid=5dc7db9463de53a2&cmp=Leo%2527s-Italian-Social&ti=Senior+Data+Analyst&vjs=3","Senior Human Resources Data Analyst","Easily apply","Leo's Italian Social","Remote","$70,094.41 - $84,414.77 a year","Part-time","","","","","",""
"https://www.indeed.com/rc/clk?jk=35afaaf87173dc87&bb=rF6KATrJR_SG15nW0tt0JV6zUQCjkZ9pRqZVhhBzezI-aNTNKDlMCS68y4HzvUzfiIpxW9L-W8FCsUh6zX9zcz1Apjkwqarzo3TmF81YmYTKHND5rCSB4MOjTzs072EKZufEysFuI78%3D&xkcb=SoCM67M3mvNVTWAN570FbzkdCdPP&fccid=c07814f687c9663e&cmp=CTC-Technology-%2526-Energy&ti=Staff+Services+Analyst&vjs=3","Staff Analyst","Easily apply","CTC Technology & Energy","Remote","$50,000 - $70,000 a year","Full-time","Tuition reimbursement","401(k)","Health insurance","Paid time off","Vision insurance","Dental insurance"
"https://www.indeed.com/rc/clk?jk=97a103b766395227&bb=94an1t6EdHpWVDWUME5wHbuE5T0dy4jhAAIptoYPbhemvnX7qypjc7ip8HedlJl3zLwvJjmNIpif88S-RWLW_RmTwlMUOnl27QwYCzJtMjT0jFMnm4N48Wm8sO9AayGw&xkcb=SoBt67M3mvNUu5QVtB0LbzkdCdPP&fccid=bbe653526aa856d2&cmp=Vivalnk%2C-Inc&ti=Business+Associate&vjs=3","Biology & Business Intelligence Associate","Easily apply","Vivalink","Remote","$25 - $45 an hour","Internship","","","","","",""
"https://www.indeed.com/rc/clk?jk=b7cffa2168972da7&bb=94an1t6EdHpWVDWUME5wHe1SHx-htR4GMzJBWLkWrm3VbCNhHDgrmkpIaJhPcKF3-i2iXhhXOmCU8_mno_3VOra3TrypPY-z8R1PdH6QpSrr-bwD5BtRYoKeel_KjOlU&xkcb=SoDZ67M3mvNUu5QVtB0KbzkdCdPP&fccid=ab002763cb6a2e87&vjs=3","Senior Customer Insights Analyst","Easily apply","Coleto Brands","Remote in Greenville, SC","Pay information not provided","Full-time","","","","","",""
"https://www.indeed.com/rc/clk?jk=3b630b30d0654713&bb=94an1t6EdHpWVDWUME5wHTkMoYZlhrwuv-Uxc0fMViUGwEXYRnJBU4u3-WdhSNmT3MAltxxt0gchkebgOSovFvrXKLe29cWJq5zFzlLxdM3aqpsi5moBjbHSmbSkZeXN&xkcb=SoBE67M3mvNUu5QVtB0JbzkdCdPP&fccid=e045ddb94f243e0d&vjs=3","Senior Data Systems Analyst","Easily apply","Wellbe Senior Medical","Hybrid work","Pay information not provided","Full-time","","","","","",""
"https://www.indeed.com/rc/clk?jk=5578f46735c33d9e&bb=94an1t6EdHpWVDWUME5wHZx9XRbO6RT9dIxvgSK67QnTyILB5AJBk4YaQB8Dw62ISg5k6TcUTFLEs16BkGgJd-E5OznB7oiEk3_KQmjjEbv3zhIF8BgpH0QFjcOgBRDt&xkcb=SoDw67M3mvNUu5QVtB0IbzkdCdPP&fccid=2a341562d64c7cdb&vjs=3","Research Data Analyst","","University of California San Francisco","Remote in San Francisco, CA","$34.48 - $74.04 an hour","Part-time","Day shift","","","","",""
"https://www.indeed.com/rc/clk?jk=06911c194ed7a62b&bb=94an1t6EdHpWVDWUME5wHQ1tAg6Q5KX8xrmPFn9m5KoBWI3awX4rf-tHKS9BhCN6BeKGA1Pj_sS-zj4jdoYOoJc1q4aRii4CwDvfoiIVSstctXe-l4glxDiFiTkgwaDc&xkcb=SoB-67M3mvNUu5QVtB0PbzkdCdPP&fccid=6b406999f79b7fe9&vjs=3","Business Intelligence Analyst","Easily apply","AdaptHealth LLC","Remote in Conshohocken, PA 19428","Pay information not provided","","","","","","",""
"https://www.indeed.com/rc/clk?jk=d32b2872411fd78c&bb=94an1t6EdHpWVDWUME5wHbhHaVNdBOxnCTeFK_JvSh1YiQSUnFlban3M2cfOiS2VfOsFMzAJRquq5ykp3Oz_mcMZrWBGYzQwX7tv6U-LJhU5YjwvrFBlQrnN00JoIS7y&xkcb=SoDK67M3mvNUu5QVtB0ObzkdCdPP&fccid=bfa6d10953c06583&vjs=3","IT - Enterprise Data Platform - Sr Business Systems Analyst","Easily apply","Golden 1 Credit Union","Remote in Sacramento, CA 95826","$102,000 - $110,000 a year","Full-time","Extended hours","","","","",""
"https://www.indeed.com/viewjob?jk=890abcdef0123456","IT - Enterprise Data Platform - Sr Business Systems Analyst","Easily apply","Golden 1 Credit Union","Remote in Sacramento, CA 95826","$102,000 - $110,000 a year","Full-time","Extended hours","","","","",""
"https://www.indeed.com/rc/clk?jk=ea373e5d89d902e3&bb=94an1t6EdHpWVDWUME5wHUxdqNYMaUYrlLP7_dkXV58vj1pbAI98wg03722eFcMRy8SW6DB9sK5srjE8ZGehRwpSwxZGVhWMWKVmZinSz_wyVxUrNZ_Zx_X5NVOZrBMN&xkcb=SoBX67M3mvNUu5QVtB0NbzkdCdPP&fccid=18a5d2d18db93fbd&cmp=Cambridge-Advisory-Group&ti=Data+Evaluator&vjs=3","Analyst Consultant- Data Analytics and Network Evaluation","Easily apply","Risk Strategies Consulting","Remote","$65,000 - $90,000 a year","Full-time","","","","","",""
"https://www.indeed.com/rc/clk?jk=1216558c53c4c898&bb=94an1t6EdHpWVDWUME5wHQUQM1ULYKSM85jqGGERwbgmf6yTqPcuorfCr1NWCpMjDPNFFBvY_ArTz3WtJ4g2or4-xasBKtBdXb-xZY_uyo9kCQJg1HU-Wh4o6wCC5Vpn&xkcb=SoDj67M3mvNUu5QVtB0MbzkdCdPP&fccid=f94c1e6f4acdf9f2&vjs=3","Admissions Business Analyst","Easily apply","SSA Group","Remote in Denver, CO 80238","$70,000 - $90,000 a year","Full-time","Weekends as needed","Paid parental leave","Parental leave","Health insurance","401(k) matching","Vision insurance"
"https://www.indeed.com/rc/clk?jk=90de217540bcadec&bb=94an1t6EdHpWVDWUME5wHWpDLQ9Yz9xEcOrrWSYrlAYsfJiNo4_T54ep3SgoDtuk4nSe-0GCFOQnOR4mFM3xsk9bGQBm5JwninqKEUOrAIu42fESizC_OVgpnIAkYb4P&xkcb=SoAK67M3mvNUu5QVtB0DbzkdCdPP&fccid=db2f72c0e9a80cc9&vjs=3","Senior Financial Reporting Analyst - Fully Remote!","","KinderCare Education","Remote in Beaverton, OR 97007","Pay information not provided","Full-time","Health insurance","Paid time off","Vision insurance","Dental insurance","Employee assistance program",""
"https://www.indeed.com/rc/clk?jk=c7d3259ff6cb7fac&bb=94an1t6EdHpWVDWUME5wHbhHaVNdBOxnux3GG0WdAWklTF06jTydjkpFjE7_kaRP1Dac2z02HrfpACwV4KU2HYjC8_aRVOfiSFYce8pkpN1K2xk4mY8AmMOgSJ4io4ty&xkcb=SoC-67M3mvNUu5QVtB0CbzkdCdPP&fccid=0ec40db0afd3def5&vjs=3","Sr Data Analyst","Easily apply","Lincare Inc.","Remote in Clearwater, FL 33764","Pay information not provided","Full-time","Monday to Friday","","","","",""
"https://www.indeed.com/rc/clk?jk=9e29ce99cd2054d6&bb=94an1t6EdHpWVDWUME5wHXfe25OHfDJ3akpv2A-nWmmp08EwQ08U2N6omHkXhTUQLzdGqq5iqfm4qAstgq5JHGeachwwLGI4kk09R6BbvpIaEJl7gyRdFicN2HZhAl6n51CvRHQ7RW0%3D&xkcb=SoAj67M3mvNUu5QVtB0BbzkdCdPP&fccid=05d05855bf2f4ed4&cmp=American-Dairy-Goat-Association&ti=Systems+Analyst&vjs=3","Information Systems and Operations Data Analyst","Easily apply","American Dairy Goat Association","Remote","$80,000 - $95,000 a year","Full-time","Health insurance","Paid time off","Life insurance","","",""
"https://www.indeed.com/rc/clk?jk=7d14d5200d137599&bb=94an1t6EdHpWVDWUME5wHZHp1sFPU48pwLjEIPJdgkQrxt334lkvyNqBgkm6gEW7HDuQMlT1DgmHENjQa_rxJ9tl2x9diOlIaveYE-qWaM8jOzjjOTOKeTznf1UN3eat&xkcb=SoCX67M3mvNUu5QVtB0AbzkdCdPP&fccid=492545f4ad8a4cbb&vjs=3","Analytics Engineer, People Analytics","Easily apply","EquipmentShare","Remote in St. Louis, MO","Pay information not provided","Health insurance","401(k) matching","Paid time off","Vision insurance","Dental insurance","Gym membership",""
"https://www.indeed.com/rc/clk?jk=7c0bbd83bbd053c5&bb=94an1t6EdHpWVDWUME5wHZ054ifUUe0EMhvSS85E88Mwi4h4JuRFo6oJBcPNlI2Dw8M7N8weg-5JJOHPMUA-xplXCNiKqg6o59Med1woilJAx4WoTssrEb2D8_0rYjaI&xkcb=SoAZ67M3mvNUu5QVtB0HbzkdCdPP&fccid=dd616958bd9ddc12&vjs=3","Business Analyst","","OMS Consulting Services, LLC","Remote","$26.88 - $36.76 an hour","Full-time","Referral program","401(k)","Health insurance","Paid time off","Employee discount","Vision insurance"
"https://www.indeed.com/rc/clk?jk=bc5197b612acc910&bb=94an1t6EdHpWVDWUME5wHe-9iEMZJ8i9HziIO9WDUSXZi0B6BNwlAyXgF3_EaHt_2Twmz4m8bOjOS7KuINcgw0ELpXhT1deqB7nMDIgZDHsYrXyQezn2fQdK-aKpJs2Y&xkcb=SoCt67M3mvNUu5QVtB0GbzkdCdPP&fccid=dce16d3eba100f4b&vjs=3","Payor Data Analyst- Remote","","Sharecare","Remote","Pay information not provided","Full-time","","","","","",""
"https://www.indeed.com/rc/clk?jk=046df410f2e69e24&bb=94an1t6EdHpWVDWUME5wHZwY2_CUhRug0mLvtCe2xzfzpxRnNCL-6ax_hqLorjzeGcvwwqZU--OLaV91mY0Y7Dlpz4vF7yDdu1APBJihPgZS9AfuCX_wpTBGkzvsKHPb&xkcb=SoAw67M3mvNUu5QVtB0FbzkdCdPP&fccid=b9c108789387136e&vjs=3","Senior Business Data Analyst","","First Citizens Bank","Remote in Santa Clara, CA 95054","Pay information not provided","Full-time","","","","","",""
"https://www.indeed.com/rc/clk?jk=31216bcea2af8be7&bb=RhwNSZ69dWJeJXsVy8dtk5UuI2G1BG0j5UUU82lACcocdpAPSIrbl96Hn1DmIUd9LZoIUX-oJRXYTVLCkoOdMajwNb-dJiFgRgcuQSatfkv1H4t925cvACVm4ZpJvLaa&xkcb=SoAk67M3mvNT8YSl0J0LbzkdCdPP&fccid=40ab2fb14f9a7354&vjs=3","Sr Analyst Clinical Report Writer (Remote)","","Cape Cod Healthcare","Remote in Hyannis, MA","$90,000 - $127,500 a year","Full-time","Monday to Friday","","","","",""
"https://www.indeed.com/rc/clk?jk=7539ae7654633e74&bb=RhwNSZ69dWJeJXsVy8dtkyouGLkddv5liuj8qGIAVogViiJN_HN-ImXcIYSSgfb-FWv-NZ5ISL68iS5rT4Sg5yxVEmQpOK0FvrzPwDVBjGUn0EOh741Gy0Z3i93ljzxP&xkcb=SoCQ67M3mvNT8YSl0J0KbzkdCdPP&fccid=576e1e9ae76b4557&vjs=3","Research Data Analyst 3","","University of California, Irvine","Remote in Irvine, CA 92697","$88,000 - $161,600 a year","Full-time","Health insurance","Retirement plan","","","",""
"https://www.indeed.com/rc/clk?jk=2c7ba2600438a66f&bb=RhwNSZ69dWJeJXsVy8dtkwWewNHijxO-bAcM9FQT2paICM4VzzCU_LSwk7SAr5a-MfITxe9xpG-8fYOeno1BLYaAaMQH3SdiHKu2ChPkIDdsFGeXa-FtQu86RHY351uL&xkcb=SoAN67M3mvNT8YSl0J0JbzkdCdPP&fccid=fcee73a6346b7a5b&vjs=3","Cost Reporting - Senior Reimbursement Analyst/Full Time/Remote","","Henry Ford Health","Remote in Detroit, MI","Pay information not provided","Full-time","Tuition reimbursement","Health insurance","Dental insurance","","",""
"https://www.indeed.com/rc/clk?jk=f06db3c2bd7b9c36&bb=RhwNSZ69dWJeJXsVy8dtk9M2E7S_xdFmEkS6lxL3HiAwBd8_IWWSpqMxHinHe5vWjFkc0U0245gCOocVyE0Ktrp1UpkG_zFx0lIZyBg19AMtSwLtOgpSU7EuFOEabC5S&xkcb=SoC567M3mvNT8YSl0J0IbzkdCdPP&fccid=1e009aefcf3e05ad&vjs=3","Business Analyst Strategic Workflow Optimization","Easily apply","St. David's Round Rock Medical Center","Remote in Round Rock, TX 78681","Pay information not provided","Full-time","Tuition reimbursement","Pet insurance","Employee stock purchase plan","Health insurance","401(k) matching","Paid time off"
"https://www.indeed.com/rc/clk?jk=a08e6f9b33e6d30f&bb=RhwNSZ69dWJeJXsVy8dtk1kcvkx9-pyQCp5HjrqkB_Dh1_cqYrN3ra5tEE83e3BjfP3ITmB4FhoRvoXf5FvkJNMx53OpnCOkDeaXPpobUn6QsFBcaK1VLMmouG-sa1Dw&xkcb=SoA367M3mvNT8YSl0J0PbzkdCdPP&fccid=a68ab0a8b5a98d9f&vjs=3","Business Technology Analyst, Finance","","Radford University","Remote in Radford, VA","$85,000 - $105,000 a year","Full-time","40 hours per week","Monday to Friday","","","",""
"https://www.indeed.com/viewjob?jk=abcdef0123456789","Business Technology Analyst, Finance","","Radford University","Remote in Radford, VA","$85,000 - $105,000 a year","Full-time","40 hours per week","Monday to Friday","","","",""
"https://www.indeed.com/rc/clk?jk=ebf4d3438fab6354&bb=RhwNSZ69dWJeJXsVy8dtk7zUHtgrfoXre_Qr2vkHUNXvMMLZJwlCJvbiD6FbCqQDBtlO1bmvkLJEuP1hgU4qwnkXDPWPxI6Q7lswMMJHu0f4EI1eytlssbGENIgmvzUy&xkcb=SoCD67M3mvNT8YSl0J0ObzkdCdPP&fccid=cfa3b97407dcdd5d&vjs=3","Senior Marketing Data Analyst","","The Zebra","Remote in Austin, TX","Pay information not provided","Full-time","Paid parental leave","Parental leave","401(k) matching","Paid time off","Vision insurance","Health savings account"
"https://www.indeed.com/rc/clk?jk=55495e6a771df859&bb=RhwNSZ69dWJeJXsVy8dtk0t1ubJTFYmyuARu2mvo5H0QK-966selwySJ-n-alkVqETI9Vsm_eCb6LfP6D4uNFrocDRU91rMnbl66C5oPK7IOvx4MGsNTNJgS0BBFYK5i&xkcb=SoAe67M3mvNT8YSl0J0NbzkdCdPP&fccid=4d297a7bcd1c7be4&vjs=3","Actuarial Data Engineer Analyst","","Lincoln Financial Group","Remote in Radnor, PA","$72,900 - $131,600 a year","Tuition reimbursement","Parental leave","Paid time off","Employee assistance program","Work from home","",""
"https://www.indeed.com/rc/clk?jk=c5c0f4d72402baa3&bb=RhwNSZ69dWJeJXsVy8dtkyLB_5KnSTO0-J_bHIY75Kz6Y5iP9zAdFhs0KEmyDbpnTXBEYu_cr4tTq8-qyTygfnZswRBNwJyEyD2SGMl_zXTElH-AxO7YAlDsBXiGHH5V&xkcb=SoCq67M3mvNT8YSl0J0MbzkdCdPP&fccid=4d297a7bcd1c7be4&vjs=3","Sr. Analyst, Actuarial Data Engineer","","Lincoln Financial Group","Remote in Radnor, PA","$93,300 - $169,700 a year","Tuition reimbursement","Parental leave","Paid time off","Employee assistance program","","",""
"https://www.indeed.com/rc/clk?jk=479155f6fd234679&bb=RhwNSZ69dWJeJXsVy8dtk7jTe8QetfeknobBGGV64cGdOdOzwyntXv_CuY9tqnt4M_U_xYfl7SDIZwZAXY9MjqwQRHDnHyqAFtpYRHhSEOP0qolzQ_KueJqHa6_DZ38C&xkcb=SoBD67M3mvNT8YSl0J0DbzkdCdPP&fccid=9dea9f44f7471a29&cmp=Little-Caesars-Pizza&ti=Senior+Business+Analyst&vjs=3","Senior Business Analyst (Spanish Speaking)","Easily apply","Little Caesars","Hybrid work","From $80,000 a year","Full-time","Monday to Friday","401(k)","Health insurance","Dental insurance","",""
"https://www.indeed.com/rc/clk?jk=6efcf041f9ce5a83&bb=RhwNSZ69dWJeJXsVy8dtk6Mfuki558Qv61njaZe5P8Isd3uUqYXg2EHsJZxWnNPrxSwYAJrvXL-xwU6RtrH6CrK96HrToZgxfmsmDfDci8g2jzBmj8YKUzpsv8SGNVLC&xkcb=SoD367M3mvNT8YSl0J0CbzkdCdPP&fccid=25d3835187829237&vjs=3","Workers Compensation - Business Consultant","","The Hartford","Remote in Hartford, CT 06112","$80,000 - $120,000 a year","Full-time","On call","","","","",""
"https://www.indeed.com/rc/clk?jk=fb5749ebbd675e13&bb=RhwNSZ69dWJeJXsVy8dtk-32bugnhNWQAv5mNIfG270qmqNcrGa33bYKWxfKD4DULKNbK8CRdfO1L2Wm_fG4OAUY_57M5Paw8pRBiywufAEV8wuWPjdGMrLDUtrNGwhu&xkcb=SoBq67M3mvNT8YSl0J0BbzkdCdPP&fccid=dd616958bd9ddc12&vjs=3","HR Compliance and Reporting Analyst","","Avalon Administrative Services LLC","Remote in Tampa, FL","Pay information not provided","Full-time","","","","","",""
"https://www.indeed.com/rc/clk?jk=d46c9e5be121dfa0&bb=RhwNSZ69dWJeJXsVy8dtk1xrjVHnH4AOLSq72_oGylmyk6nsgr6iA2fDCa5-b2FzDTHhxQylQKRTPZWVReDoSwFZWhR-al86C2wYHwdFKrRo7wqXCVsrHppySzG2-fdr&xkcb=SoDe67M3mvNT8YSl0J0AbzkdCdPP&fccid=402a1c36c3f1508f&vjs=3","Senior Analyst, Provider Data Operations","Easily apply","Oscar Health","Remote in Tempe, AZ","$61,851 - $81,180 a year","Full-time","Paid parental leave","Parental leave","Health insurance","Vision insurance","Dental insurance","Paid sick time"
"https://www.indeed.com/rc/clk?jk=6c8c7d47b03cca58&bb=RhwNSZ69dWJeJXsVy8dtk3rXR61dxcIE4S5Vvsv1S8mTDKzkdDsApni3QZWPOsr9zect4rid68woVTq4sJiWmX_Hl68vwVE_hW9TdrnRytdEBdnmXPzl-UeikFcCkRo3&xkcb=SoBQ67M3mvNT8YSl0J0HbzkdCdPP&fccid=402a1c36c3f1508f&vjs=3","Associate, Provider Data Analytics","Easily apply","Oscar Health","Remote in Dallas, TX","$87,188.40 - $114,434.78 a year","Full-time","Overtime","Paid parental leave","Parental leave","Health insurance","Vision insurance","Dental insurance"
"https://www.indeed.com/rc/clk?jk=50383d86c537d36a&bb=RhwNSZ69dWJeJXsVy8dtk-32bugnhNWQHJx2_FUZQ62_1oftcBWifq8Umu-Z76TLsF_m-Pyay_vIdg-ojStV_R3u2ToGT1xs1nYUhl3WxrqIKHab3rAhcGNqFIh0snWF&xkcb=SoDk67M3mvNT8YSl0J0GbzkdCdPP&fccid=d844fa152b5f8ad2&vjs=3","Senior Healthcare Data Analyst - Remote","","Sentara Health","Remote in Virginia Beach, VA","$80,204.80 - $133,681.60 a year","Full-time","Day shift","Health insurance","","","",""
"https://www.indeed.com/rc/clk?jk=c412451e201c59f9&bb=RhwNSZ69dWJeJXsVy8dtk4J_X4g9Gl0VZPYhh3nc8YxtXJ5eE5c8G30Y000ZQQF_F0O0x1YTYb1YplUZgbiI-A0DrtEEG7JMlITFGYLiHBHRDRcC8rq8aVeKKnYnJi4f&xkcb=SoB567M3mvNT8YSl0J0FbzkdCdPP&fccid=03c201acb21b642e&vjs=3","Business Analyst/QA Tester","","Steampunk","Remote in McLean, VA 22102","$75,000 - $140,000 a year","","","","","","",""
"https://www.indeed.com/rc/clk?jk=4d9203c2e6936565&bb=oxAg5_ySOXSKSmXKoNvkhiG1EaoxVnHBPZURLXb48GpMhYtIgnRdbV4ZJC5MhaX9LhZeBuVb9LCJKM5F5mID_5W8eoyvuFptx1DCh7QdjdmRpJv_lp-WspIhkr_aasY8&xkcb=SoBY67M3mvNTLfylxB0LbzkdCdPP&fccid=a4b7744a3ad9f28e&vjs=3","Quality Analyst (Remote)","Easily apply","SOLV Energy, LLC","Remote in San Diego, CA 92127","$79,235 - $99,044 a year","Full-time","401(k)","Health insurance","Vision insurance","Dental insurance","Disability insurance","Paid holidays"
"https://www.indeed.com/rc/clk?jk=c4c57ce27604dd46&bb=oxAg5_ySOXSKSmXKoNvkhnA_s84zJ8jtLZJ5PN8eGrny06cBkKFCF1m7jqDOJTvA1gGprPR_Imv1AFSa8mH9lvXq4rNxXh-7e53ylRm_wS04-nFc0eJV4wbtBcFBnzL8&xkcb=SoDs67M3mvNTLfylxB0KbzkdCdPP&fccid=f2d0ffe36bb2f0f4&vjs=3","Search Engine Optimization (SEO) Analyst","","Live Nation","Remote in Beverly Hills, CA","$101,712 - $106,800 a year","Full-time","","","","","",""
"https://www.indeed.com/rc/clk?jk=4ab7b41a345070bb&bb=oxAg5_ySOXSKSmXKoNvkhgpjDiURHgivmCIeJAavP-7AfpkBje0YIpRVliAUbYFzGm5oRv0QeoovxFgytaCP1IxLKdjL7F-u9ZYkdax3ylO6ZhvWF-LKdeJGqsLYf7c6&xkcb=SoBx67M3mvNTLfylxB0JbzkdCdPP&fccid=40dfd98dd34fec6a&vjs=3","Business Intelligence Analyst - Revenue Operations (RevOps)","Easily apply","Tidal Financial Group","Remote","Pay information not provided","Full-time","","","","","",""
"https://www.indeed.com/rc/clk?jk=8b98f2cd5b20ed64&bb=oxAg5_ySOXSKSmXKoNvkhvmmGhIyHI0CCAYGFeMWT7zrLnqXrSSGHHIfX_TIK0kSE7Bj_FXrtQPEXVR-3HRzJOCRf5y66EhOksgENU45ysuTFOpETF79WTUdPHPv2N5X&xkcb=SoDF67M3mvNTLfylxB0IbzkdCdPP&fccid=2435c7d8b1739cef&vjs=3","FHIR Data Analyst","","Derex Technologies Inc","Remote in Newark, NJ","Pay information not provided","Full-time","","","","","",""
"https://www.indeed.com/rc/clk?jk=684df896ecf938f7&bb=oxAg5_ySOXSKSmXKoNvkhlMjCHM83S_ReWc_vMuad6KF4zmgEoc9p-OcB1xhHYCUkOcTIvWaUCimz4T3xVT2EsizKGHFc6upoj4JMQwQFbyIHR01sLbtwuh69SteyibB&xkcb=SoBL67M3mvNTLfylxB0PbzkdCdPP&fccid=e290923a98afee94&vjs=3","Head Start Parent, Family and Community Engagement (PFCE) Specialist, Remote","","ICF","Remote in Reston, VA 20190","$67,355 - $114,503 a year","Full-time","","","","","",""
"https://www.indeed.com/viewjob?jk=f1e2d3c4b5a67890","Head Start Parent, Family and Community Engagement (PFCE) Specialist, Remote","","ICF","Remote in Reston, VA 20190","$67,355 - $114,503 a year","Full-time","","","","","",""
"https://www.indeed.com/rc/clk?jk=d0c4d6b72c4e9b0b&bb=oxAg5_ySOXSKSmXKoNvkhi3sQX122WRXK92ktupwsfXNxJFOco-5TpGud-bCSDYlDsyv9jo62rrMC9H5mcEzXUjIoPuePkjFhoCh98CRicCrjnmToPkQGncVJWK--8j5&xkcb=SoD_67M3mvNTLfylxB0ObzkdCdPP&fccid=51a0cd5c5529da30&vjs=3","Solutionhealth - Epic Applications Analyst (1-4): Cogito Business Analyst - Full Time - Remote","","SolutionHealth","Remote in Concord, NH 03301","Pay information not provided","Full-time","Tuition reimbursement","403(b)","Health insurance","Vision insurance","Dental insurance","Life insurance"
"https://www.indeed.com/rc/clk?jk=cd7fef73b056edbb&bb=oxAg5_ySOXSKSmXKoNvkhmjWpbOeN2FVT8aoq5weztmfXMqRqgl0JixurzwQMYIUvxNJvG3cPUq67Jx5Vsd5DTdy0T_Gr-kksEGHgcHNEh3hxuNz3qGHWT7T1X6tgwzZ&xkcb=SoBi67M3mvNTLfylxB0NbzkdCdPP&fccid=4be477157eeefc5b&vjs=3","Senior Growth Product Analyst (Digital Products)","Easily apply","Voice Systems Engineering, Inc.","Remote","$125,000 - $155,000 a year","Full-time","Tuition reimbursement","Health insurance","401(k) matching","Vision insurance","Dental insurance","Gym membership"
"https://www.indeed.com/rc/clk?jk=5ecb76fbf7c530ed&bb=oxAg5_ySOXSKSmXKoNvkhrfvlGPmIVHqk5Bo5Zamik2IINGz1OFvkyVCRnYEG1G9dfINDj50SGVAW3_OYx5sE_MWABdwRh2lTDYHrJSEUqIVeKjc7oEE-lCyvp8hPNN6&xkcb=SoDW67M3mvNTLfylxB0MbzkdCdPP&fccid=d5c75bfe3e67b9c5&vjs=3","Business Intelligence Analyst - Remote","Easily apply","Community 1st Credit Union","Remote in Ottumwa, IA 52501","Pay information not provided","Full-time","Tuition reimbursement","401(k)","Health insurance","Paid time off","Vision insurance","Dental insurance"
"https://www.indeed.com/rc/clk?jk=7c0bdd62587467a0&bb=oxAg5_ySOXSKSmXKoNvkhkOskGfEVjufbw-qdS5pTWLT99O8_e8JCFSvlw6wko_nA8IbO03aKVZ6lmZZ5xPN6JN934JUDqHWMtTe0n4XwtH0IPa59hEnLVK0rD-WzVUA&xkcb=SoA_67M3mvNTLfylxB0DbzkdCdPP&fccid=30eb012d7aff613a&vjs=3","Senior Business Intelligence Analyst","","Mercer Advisors","Remote in Denver, CO","$90,000 - $120,000 a year","Pet insurance","Paid parental leave","AD&D insurance","Parental leave","Health insurance","Paid time off",""
"https://www.indeed.com/rc/clk?jk=5581e4b63242a195&bb=oxAg5_ySOXSKSmXKoNvkhvV4VOj00-ZUr_8b1zhllTvc03V2LkrHmvNrN13-rMXa2BjJs52FgzcPGqiBJpo-o1ahpXbSpyuWzWo3tvhU4C5ZW7JPRwysDcmzHKgwTsvT&xkcb=SoCL67M3mvNTLfylxB0CbzkdCdPP&fccid=e2c65a765d4a2ef7&vjs=3","Sales Business Intelligence Analyst","Easily apply","Ethos Risk Services","Remote in Irving, TX 75063","$55,000 - $70,000 a year","Full-time","Referral program","Health insurance","401(k) matching","Paid time off","Vision insurance","Dental insurance"
"https://www.indeed.com/rc/clk?jk=48ce6456e7130cda&bb=oxAg5_ySOXSKSmXKoNvkhh-Syq-iUUYvTkN9pibl1N1rdIh15-Zln0df73FXNVcK7z9WHV05DJltKTl3b9xsDv6zfQnqnUJtBdQpkRpyvC1m1NF8GtkRVed9_STy8w8G&xkcb=SoAW67M3mvNTLfylxB0BbzkdCdPP&fccid=b0a166000ec9fc69&vjs=3","Junior Business Intelligence Analyst","","LetsGetChecked","Remote in Texas City, TX","$72,400 - $83,000 a year","Full-time","Paid parental leave","AD&D insurance","Parental leave","401(k)","Health insurance","Employee discount"
"https://www.indeed.com/rc/clk?jk=840370e3692512b3&bb=oxAg5_ySOXSKSmXKoNvkhsRHVbbLzqqNY9S0aEA_WxG77NaYofnZVkw_tn1rqGK6hzliI_LWZkgS_hFwxreGIRXvuAUJk2K_AuwJXBFMoFfUlTaQLhCizdpmcaBnBXdG&xkcb=SoCi67M3mvNTLfylxB0AbzkdCdPP&fccid=b0a166000ec9fc69&vjs=3","Business Intelligence Analyst","","LetsGetChecked","Remote","$91,000 - $114,000 a year","Full-time","Paid parental leave","AD&D insurance","Parental leave","401(k)","Health insurance","Employee discount"
"https://www.indeed.com/rc/clk?jk=e9611fe441b3b458&bb=oxAg5_ySOXSKSmXKoNvkhrW833HJOWgEsEd3x-F6cB968wVIMI7xUjRPR9oKuP4gx7wyOV78IeNNcuffEv8qC1q8_pxfL0Athsb6IACD6akFUMuLZDay2hNt-pewyT7s&xkcb=SoAs67M3mvNTLfylxB0HbzkdCdPP&fccid=c6c70b463c193ada&vjs=3","Data Analyst","Easily apply","SmartMedia Technologies","Remote","$65,000 - $90,000 a year","Full-time","","","","","",""
"https://www.indeed.com/rc/clk?jk=7983fbf26f6c13d9&bb=oxAg5_ySOXSKSmXKoNvkhiHskkOP14lgIUUqIKnpwe25btMXt7njYxTAc0Onq2UTX7AInnirZPwNLWrAVByqkA3BgjJXkwlxCTy8_VTddbf24WIlY13GX6DtPmkzED5_&xkcb=SoCY67M3mvNTLfylxB0GbzkdCdPP&fccid=93524bf0a6090bb2&vjs=3","Business Analyst","Easily apply","Datamanusa","Remote in Baton Rouge, LA 70801","$75 an hour","","","","","","",""
"https://www.indeed.com/rc/clk?jk=b59a8b83c345b0f2&bb=oxAg5_ySOXSKSmXKoNvkhjn7Y2A7kTZ_Z5NyqvwLujXSlsdxLl-kVRms6kO0JB_iow_Nz8AfxbgN9CzVt0j8eeZdz-Qm-BHAMTFc3Gc88gXvQtHNP1J-Fuk2xFcDDKuB&xkcb=SoAF67M3mvNTLfylxB0FbzkdCdPP&fccid=12d79f18bd0c9aba&vjs=3","Mercury Ignite: Growth Data Science & Data Governance Graduate Development Program (Remote)","","Mercury Insurance Services, LLC","Remote","$80,000 - $100,000 a year","Full-time","Health insurance","","","","",""
"https://www.indeed.com/rc/clk?jk=6eefe40907b8371d&bb=YBhzAiKPTq_0tWIkHwn-F7RVgLSRsx7lU6bgeZjJ5pHOaqS26C4sA980BytGqcl806QbJzKpe_4JrwfVjtgTDwTkr7LLar-rq8BpWTn2p7R_TeOocOXRjgky5pjd01bv&xkcb=SoDi67M3mvNSGuSl0J0IbzkdCdPP&fccid=12d79f18bd0c9aba&vjs=3","Mercury Ignite: Data Science & Machine Learning Graduate Development Program (Remote)","","Mercury Insurance Services, LLC","Remote","$80,000 - $100,000 a year","Full-time","Health insurance","","","","",""
"https://www.indeed.com/rc/clk?jk=e14469d95bd6072a&bb=YBhzAiKPTq_0tWIkHwn-F1u1I4VdfDlUb2_WtaYyooK5Ny76n_VR43qjZFTpvE_HeyK51qmb-eXlPWASRmYsM9SETjuKJX2euWDiechzO1heTY8xzXTLQ_YPd_zHzwKi&xkcb=SoBs67M3mvNSGuSl0J0PbzkdCdPP&fccid=3414836454185cb4&vjs=3","Data Integration Specialist I","","Cotiviti","Remote","$85,000 - $105,000 a year","Full-time","Health insurance","Paid time off","Vision insurance","Dental insurance","Family leave","Life insurance"
"https://www.indeed.com/rc/clk?jk=7e2d4fbcbde6c3c5&bb=YBhzAiKPTq_0tWIkHwn-F0YkKldFxq31cCslvnkDedXHpssTY5kx3ENrMUHJcgpEAg-UBgF8Gg5bAI5rcR5PL6_nsouEzupXpypC7Shil9IzKAOAVssRrZmUx4gDez15&xkcb=SoDY67M3mvNSGuSl0J0ObzkdCdPP&fccid=12416ebe6129a205&vjs=3","Data Center Product Sales - Analyst","Easily apply","Sprout","Remote","Pay information not provided","Full-time","","","","","",""
"https://www.indeed.com/viewjob?jk=fedcba9876543210","Data Center Product Sales - Analyst","Easily apply","Sprout","Remote","Pay information not provided","Full-time","","","","","",""
"https://www.indeed.com/rc/clk?jk=a484bd56709ba1aa&bb=YBhzAiKPTq_0tWIkHwn-F8rTyJiYWB3N5VubbtPg9CBHnccyeghsTbX2jdI8m0EZ-eoYNR0mHSsxhQkH2daqmBFIrFtqfU3Lu1aTtX6yFs4EpEaJc1D-OecQfvolO-gR&xkcb=SoBF67M3mvNSGuSl0J0NbzkdCdPP&fccid=dd616958bd9ddc12&vjs=3","Data Migration Engineer","","National Quality Systems Inc","Remote","Pay information not provided","Full-time","","","","","",""
"https://www.indeed.com/rc/clk?jk=d75dfbd3ce1f72a3&bb=YBhzAiKPTq_0tWIkHwn-FyOvBhvYYaQXumSuja6LBh2ONd0BzR0y32fE4M0gqDtd1ApemtnGS9nmSvc-08Lf_YaFdvmGjc2hfMAY-MjpJ8HNXBGPWafwjK_MTK0fk-TN&xkcb=SoDx67M3mvNSGuSl0J0MbzkdCdPP&fccid=c235d22e32022e8e&vjs=3","Business Process Analyst I/II","","EQT Corporation","Remote","Pay information not provided","","","","","","",""
"https://www.indeed.com/rc/clk?jk=868f08ca1c04d402&bb=YBhzAiKPTq_0tWIkHwn-F8umLE-w3ITq-kU3KbPuc9Sx0xIE1baSgA4FeoAdL9QAan0qmyON9662EO3dT7pqGVV5Cud-r7zwiANv7jAAkKgP8HgSGBXwR7DEX8x7AW_X&xkcb=SoAY67M3mvNSGuSl0J0DbzkdCdPP&fccid=bae098e9666bd225&vjs=3","Business Analyst - Direct Hire Conversion","","BAE Systems Inc.","Remote in Sterling Heights, MI","$82,779 - $140,723 a year","Full-time","Minimum of 20 hours per week","Pet insurance","Parental leave","401(k)","Paid time off","Vision insurance"
"https://www.indeed.com/rc/clk?jk=6073fa2bec0abdd4&bb=YBhzAiKPTq_0tWIkHwn-F45CzsBnvz-NPraEq4GrFQqv3Dh3ZJ-DzSsXf7wyd-JOKTpaPWPctk6keoRDTGKJV7la6Ihco6shcbHNdDVOpiQ1mRxh08A5to_pknwqoTD4&xkcb=SoCs67M3mvNSGuSl0J0CbzkdCdPP&fccid=7e3afe88e359d866&vjs=3","Senior Business Intelligence Analyst","Easily apply","Aspirion","Remote in Columbus, GA 31901","$115,000 a year","Health insurance","401(k) matching","Vision insurance","Dental insurance","Life insurance","Opportunities for advancement",""
"https://www.indeed.com/rc/clk?jk=306e01fedd53cc91&bb=YBhzAiKPTq_0tWIkHwn-F8FFMYLTwWqJ_Xy0fVxD6hwsjuFudmCIqkLiTTCNcQLgQCizL25oYQWmZy93GhHDqb6pcb8e21VxVi8-NNQMUfvk5qU36mzH0G6lMtApLPo9&xkcb=SoAx67M3mvNSGuSl0J0BbzkdCdPP&fccid=50eb935215e32902&vjs=3","CDI Bus Ops Analyst","","Piedmont Healthcare Inc.","Remote in Atlanta, GA 30363","Pay information not provided","Full-time","","","","","",""
"https://www.indeed.com/rc/clk?jk=3450e64f13707fec&bb=YBhzAiKPTq_0tWIkHwn-F_5gq3OmnZ5u2lAt31ru-3oEgwiQoxmAot0fsb2WDj4Ipi7rwxk_oZsfl0StTnLlan7-IfoSEGdYvf0tr2unC6EiCZd6BE11fZAe5gIgdjid&xkcb=SoCF67M3mvNSGuSl0J0AbzkdCdPP&fccid=055b3f391d76d49a&vjs=3","Sr. Analyst I - Insight Enablement & Scale","Easily apply","Included Health","Remote","$103,710 - $175,266 a year","Full-time","Paid parental leave","Parental leave","401(k)","Health insurance","Paid time off","Vision insurance"
"https://www.indeed.com/rc/clk?jk=c564e6df4f3f95e8&bb=YBhzAiKPTq_0tWIkHwn-F8rTyJiYWB3NfaOTADQdSfbscqBh_bd0esL6XbDdbmtcFrT4RPDm_W5O4mCceuMRADT0uSPfkxWZs_Yzm1-su-YdzVFQLyeM_tqUXweC2Tjf&xkcb=SoAL67M3mvNSGuSl0J0HbzkdCdPP&fccid=37e4fc4b87c513eb&vjs=3","Sr. Master Data Management Analyst","Easily apply","Council for Affordable Quality Healthcare","Remote in Washington, DC","$110,000 - $130,000 a year","Full-time","Tuition reimbursement","Paid parental leave","Parental leave","401(k)","Health insurance","Paid time off"
"https://www.indeed.com/rc/clk?jk=b300c311b6fc1152&bb=YBhzAiKPTq_0tWIkHwn-F-_uF2hNVbTav2AadEcvF3Diei1sYHJBKfo9FIbamORrN1YYZPF-Fr4j52Paegr8SbFzkkmqrMynLHipDwrr-66IfiWHcUkYBhcXO5xjDRUD&xkcb=SoC_67M3mvNSGuSl0J0GbzkdCdPP&fccid=37e4fc4b87c513eb&vjs=3","Sr. Data Quality Analyst","Easily apply","Council for Affordable Quality Healthcare","Remote in Washington, DC","$110,000 - $130,000 a year","Full-time","Tuition reimbursement","Paid parental leave","Parental leave","401(k)","Health insurance","Paid time off"
"https://www.indeed.com/rc/clk?jk=cb379a812e18260c&bb=YBhzAiKPTq_0tWIkHwn-FxC9p2SRqFOZvc59VKRm20H_yeLcZp6kwCoBr4IAOnGZdbtuTLOa-PM_8N4YiDlenGwJu0htMwXVjFqIbWwWQivt3kQMBcEEEIqTAELm52H4&xkcb=SoAi67M3mvNSGuSl0J0FbzkdCdPP&fccid=dd616958bd9ddc12&vjs=3","Data Analyst 4, Box PIMS-1017/64322","","State of New York - Education Department, State","Remote in Albany, NY 12234","$127,507 - $160,911 a year","Full-time","Monday to Friday","Loan forgiveness","403(b)","Paid parental leave","Parental leave","Health insurance"
"https://www.indeed.com/rc/clk?jk=09a2da619610deaa&bb=YBhzAiKPTq_0tWIkHwn-F-SxN3ZCaRHuwllU4J0asQjfH4sOTo-TBi-j62frPPzAxzcTtWSZvfNsgyHM8mLXVHJmizgsagZx5LdxAIHHzlk51R_6esksWVlj-YATmwzx&xkcb=SoCW67M3mvNSGuSl0J0EbzkdCdPP&fccid=77d175c672cb6c0b&vjs=3","Sales and Market Intelligence Analyst","","Clements Fluids","Remote","Pay information not provided","Full-time","","","","","",""
"https://www.indeed.com/rc/clk?jk=695fb2685f53cfc0&bb=YBhzAiKPTq_0tWIkHwn-F3tlCEWRja9GeChlsOji7OHOqqqtEIhZ3s95KxTq8avY20FcwP_21qiWfyEPr6UhbXyUHM_aB9lrpJYY5qrBePmTTcPDla5SMNEAAKX-cyPb&xkcb=SoCx67M3mvNSGuSl0J0bbzkdCdPP&fccid=10b1f58e33d8d2a8&vjs=3","Broker Reporting Analyst","","Cambia Health Solutions","Remote in Salt Lake City, UT","$65,000 - $107,000 a year","Full-time","Parental leave","Health insurance","401(k) matching","Paid time off","Vision insurance","Health savings account"
"https://www.indeed.com/rc/clk?jk=04864f79b87c9919&bb=YBhzAiKPTq_0tWIkHwn-F8Ir05lmJ5r-X90FBSLxZrmyFPm8Tc-Bi-2S9sTOPW7NGvxDhFhjJGaL7_DjDxXtnytRW8af7zHvKYZUIy4cZCwKV8TTMKaQBxuaVu5ef6G2&xkcb=SoAF67M3mvNSGuSl0J0abzkdCdPP&fccid=d220a032cf5c130b&vjs=3","Digital Analyst II - Everett, WA","Easily apply","NavitasPartners","Remote in Seattle, WA","$80 - $90 an hour","Contract","","","","","",""
"https://www.indeed.com/rc/clk?jk=bc75f32f4e6627e6&bb=b_SwQy2AEwZoTZ-LEvHacFDXcBwaz1S7HjTm15zr3qPntRZHo0pjo0DbYwnpDvaEYwRDVaWiXMR0eWp75Q-tQQ7HpQDUtg4lGNpq2w4c-u8DZh3FwxclcX2y6SH-vEkY&xkcb=SoAb67M3mvNRUXSl0J0LbzkdCdPP&fccid=d220a032cf5c130b&vjs=3","Digital Analyst II - Everett, WA","Easily apply","NavitasPartners","Remote in Everett, WA 98204","$80 - $90 an hour","Contract","","","","","",""
"https://www.indeed.com/rc/clk?jk=2246e7f23026a281&bb=b_SwQy2AEwZoTZ-LEvHacDPoBEL2i1TiY6cnMJRMIWBfMBM3HjqLiDFKdMhvGF1OdP9X89GSnVYkd_b1zc6NJVKzpYeAuaiPHzxpYt3lBjFRNT5LbW6pD4v4WbXSXwyc&xkcb=SoCv67M3mvNRUXSl0J0KbzkdCdPP&fccid=d220a032cf5c130b&vjs=3","Digital Analyst II - Everett, WA","Easily apply","NavitasPartners","Remote in Colorado City, CO","$80 - $90 an hour","Contract","","","","","",""
"https://www.indeed.com/rc/clk?jk=9483cf080b472a9c&bb=b_SwQy2AEwZoTZ-LEvHacBI0yVUhlsuo3qE8HgH9XExhJ0RI-nzM2LmosZxVHK_Nu8d75WmbIozbTZoUZW5CWRifUTV3xEVAWdsP8QVMU-fhD46pqAE0Sf2bYvm7nwZ1&xkcb=SoAy67M3mvNRUXSl0J0JbzkdCdPP&fccid=b89fa5528f20a754&vjs=3","Senior Reports Writer/Business Intelligence Analyst","","eSystems Inc.","Remote","$46 an hour","","","","","","",""
"https://www.indeed.com/rc/clk?jk=c91eab73a9d8a96d&bb=b_SwQy2AEwZoTZ-LEvHacEilYOhAmJs2UUjRDeC4_JEtubG4c1PG8rJszjdnmqimNxvmkck1XSlA7HHOeeMCKsf8Erl-PJweWyLSvsa7mx_l2knbOY25409OWnTCwtLE&xkcb=SoCG67M3mvNRUXSl0J0IbzkdCdPP&fccid=3a71a4d2f7990a25&vjs=3","Technology Data Analytics Apprentice","","Allstate","Remote","Pay information not provided","Internship","","","","","",""
"https://www.indeed.com/viewjob?jk=0f1e2d3c4b5a6978","Technology Data Analytics Apprentice","","Allstate","Remote","Pay information not provided","Internship","","","","","",""
"https://www.indeed.com/rc/clk?jk=f9d6797884248dfd&bb=b_SwQy2AEwZoTZ-LEvHacJJ3Frvhm-pD9kyMGSJJKSmCbOzO5itBhrHYWfZHwKINSf-Z-pqXmP2j9Tn3iFORL_Ow9njIWRtbm9zHaihtfl7Vgap__uvizfwCu0mR2zC-&xkcb=SoAI67M3mvNRUXSl0J0PbzkdCdPP&fccid=91d958181e42c1af&vjs=3","Impact & Data Systems Manager","Easily apply","Administer Justice","Remote in Elgin, IL","$23.50 - $27.50 an hour","Part-time","24 to 28 hours per week","Retirement plan","Paid time off","","",""
"https://www.indeed.com/rc/clk?jk=a034e507deeab2e5&bb=b_SwQy2AEwZoTZ-LEvHacIr3fuKQ9z4yTnoKhgCCk2d58rT40n_BsYBjgIiT0hyOZ6xskOvPJCKhfMG_6DZDDRhv98sOQjJRrsa56LXhVF5vknJuQNyyiTnF_15c07FZ&xkcb=SoC867M3mvNRUXSl0J0ObzkdCdPP&fccid=de1a31df6b67698c&vjs=3","Claims Analytics Manager","Easily apply","Rialtic, Inc.","Remote in Atlanta, GA","Pay information not provided","","","","","","",""
"https://www.indeed.com/rc/clk?jk=5da5c5fadc15150e&bb=b_SwQy2AEwZoTZ-LEvHacAyJzTQ7XgwZmXbXncn6FcgXtxOZ2qk13tgF7baWNlFFB7DegSX8GU6EUwnV-U2I19VMZ8ZDvXTsuK5-MkzoyknYds9zt77ktl8oC-ILnFFN&xkcb=SoAh67M3mvNRUXSl0J0NbzkdCdPP&fccid=526cff80660c9e76&vjs=3","Data and Reporting Analyst","Easily apply","Berkshire Hathaway Direct Insurance Company","Remote in Omaha, NE 68102","$60,000 - $95,000 a year","Full-time","Tuition reimbursement","Paid parental leave","Parental leave","401(k) matching","Paid time off","Employee discount"
"https://www.indeed.com/rc/clk?jk=dee3850a3cfa9b36&bb=b_SwQy2AEwZoTZ-LEvHacAyURmbCL3nE_igUeShc6R8rIgVazG38t0TCt-Hw4e9RXlTfgbusnxaWc0su5aI79mmSPDaUDOWWglxnWj-2dvCjuhfomvkN71dlQbrEjhzj&xkcb=SoCV67M3mvNRUXSl0J0MbzkdCdPP&fccid=8a398bccbc885904&vjs=3","Business Data Analyst","Easily apply","Red Cedar Consultancy","Remote in Randolph A F B, TX 78150","Pay information not provided","Full-time","","","","","",""
"https://www.indeed.com/rc/clk?jk=84710593d6b318ab&bb=b_SwQy2AEwZoTZ-LEvHacNmsnq9qRzMe5MAajw8f5_jQ-wxoonCTu6XU85yjv2X4WG0uIrDAQ_kuHLUfmuk2vQCSLYfoc5-r9MbQBRtZhWtqnIbvAvKJGSLDx37zOdxq&xkcb=SoB867M3mvNRUXSl0J0DbzkdCdPP&fccid=357b64633e3fee62&cmp=Aspire-Global-Tech&ti=SAP+Consultant&vjs=3","SAP Analytics Consultant","Easily apply","Aspire Global Tech","Remote","$90 - $100 an hour","Contract","","","","","",""
"https://www.indeed.com/rc/clk?jk=5ea2cd9eae4c7cc0&bb=b_SwQy2AEwZoTZ-LEvHacEomlE8jgVeJPPcTeqjj_cXC0lxFg8BxZ_sJYBkXvG_BOJgBr-MKgH0Y08FMXhm1QvRAx6ieNvVLItL6VQ-URb5kAP4PlCHsS7YcsAJ-uwHG&xkcb=SoDI67M3mvNRUXSl0J0CbzkdCdPP&fccid=c6d829417de4f27f&vjs=3","Data and Forecast Lead Analyst","Easily apply","Capsa Healthcare","Remote in Canal Winchester, OH 43110","$85,000 - $125,000 a year","Full-time","Paid parental leave","AD&D insurance","Parental leave","Health insurance","401(k) matching","Paid time off"
"https://www.indeed.com/rc/clk?jk=b4062124a4a1340e&bb=b_SwQy2AEwZoTZ-LEvHacOvJovuELsNjNRUx6QfBp89JCGrlz-eminLUqZeJjd3Z7Z8DcKcKEAQrhMh8W9-hTIEB6aYuKTQdUE77oI7dLK8LWl1d1XcHX-XrAW6xYI9Q&xkcb=SoBV67M3mvNRUXSl0J0BbzkdCdPP&fccid=30bc55349b48e10f&vjs=3","SHARED SERVICES DATA QUALITY ANALYST","","C2Q Health Solutions","Remote","$40,000 - $50,000 a year","Full-time","40 hours per week","Monday to Friday","","","",""
"https://www.indeed.com/rc/clk?jk=8daae6d63a8f52fa&bb=b_SwQy2AEwZoTZ-LEvHacBV7DQAuVFSgw3CaKb1E3uD7QlXW3qaPMNFlKF9ogPmZVMQ0SWgwEP56m5uXmRispmdLKG6qgy8gPKYbbWgwA4bVSTXkBwcKnWxn1lcg1Gm6&xkcb=SoDh67M3mvNRUXSl0J0AbzkdCdPP&fccid=75e847dfe1755a46&vjs=3","Senior Financial Reporting Analyst","Easily apply","GI Alliance","Remote in Southlake, TX 76092","Pay information not provided","Full-time","","","","","",""
"https://www.indeed.com/rc/clk?jk=2abbcfb0b385eef3&bb=b_SwQy2AEwZoTZ-LEvHacK_uJVvFGF5QAgaeVJZxVvJTPc9VUJTP_jIvSpPEjRN80kJMjEM4x0qgUjWlLElV1kajvwkSrfqEeRckt86sPqVH-qPMyxdeCvo0ohRJQivm&xkcb=SoBv67M3mvNRUXSl0J0HbzkdCdPP&fccid=be3b11aa573faee7&vjs=3","Learning & Development Business Analyst - HR Technology & AI Solutions","","CVS Health","Remote in Washington, DC","$83,430 - $222,480 a year","Full-time","40 hours per week","Tuition reimbursement","Employee stock purchase plan","Health insurance","401(k) matching","Paid time off"
"https://www.indeed.com/rc/clk?jk=22abdba0bfe3279f&bb=b_SwQy2AEwZoTZ-LEvHacH_Ks7P9m44Be64-QcfEyuo1M-IWS7170N2sAAVHejowwJfuCk3LwOayRWT_qvdJnRQdazJ5NUN-wRNpBrLwH8J5U9ciMNMcjri-VT-37mXK&xkcb=SoDb67M3mvNRUXSl0J0GbzkdCdPP&fccid=3b1fb450ef08be8e&vjs=3","Senior Business Analyst","","Digital Charter","Remote","From $110,000 a year","Full-time","","","","","",""
"https://www.indeed.com/rc/clk?jk=eb732b5b2ec8f208&bb=b_SwQy2AEwZoTZ-LEvHacHYBB9VCQh-JeQP3cL3t3ZAaqVT3LOz_TBqW1PJahgl8VmHP_TUP5-p36kiKfzXF5oiQjrxQU7A3GirGQov_y9K4p8Hr54J59cPaVNFPd1bD&xkcb=SoBG67M3mvNRUXSl0J0FbzkdCdPP&fccid=bb3e425518206146&vjs=3","Research & Assessment Analyst (Temporary)","","Loyola University Maryland","Remote","Pay information not provided","Full-time","","","","","",""
"https://www.indeed.com/rc/clk?jk=30d9c1251d019b7e&bb=rHc_pPMjCdKK1QLo1xgq9PRUoGMJa-87dBQywSvf6OfkkuW8wR3zYvb1ZvyvragEZqtC0pUDwJ2f7JjDkz9v1oweyoAj7eSxR58dLdg5UwFi0x6T6Do_h5DWLmMt0FgM&xkcb=SoCz67M3mvNQj8SlwR0KbzkdCdPP&fccid=aa53b551f9df0210&vjs=3","Principal Specialist, Data Analyst (Remote)","","Raytheon Technologies Corporate Headquarters","Remote in Boston, MA","$86,800 - $165,200 a year","Full-time","Tuition reimbursement","Parental leave","Health insurance","401(k) matching","Paid time off","Vision insurance"
"https://www.indeed.com/rc/clk?jk=c9280a4f87f81692&bb=rHc_pPMjCdKK1QLo1xgq9KamJ0DcUVwmL9TozpGxLJ7TzhKFzxfp57dIsCz5i62pQw_9Q0ymn67oRt8PKMzLfpR6B2n_RqwsS1WKWA9jycMVpZhxvlcemimspSbafBE3ZgXJ7h7KaEknbH8ONe3jaQ%3D%3D&xkcb=SoAu67M3mvNQj8SlwR0JbzkdCdPP&fccid=6b9159d2a2b300e6&cmp=12-Elements-Consulting&ti=Senior+Analyst&vjs=3","Senior Analyst III","Easily apply","12 Elements Consulting","Remote","$90,000 - $100,000 a year","Full-time","Day shift","401(k) 4% Match","401(k)","Health insurance","401(k) matching","Paid time off"
"https://www.indeed.com/rc/clk?jk=4d707892fe28a2ca&bb=rHc_pPMjCdKK1QLo1xgq9O4VnTz1TKc8aN5Gx386bphmwC3QpayOq3RDAzHlM7pyL1tKhC7JTvTBrHPz-RQAmP2iUY3xlLjigd15mZSg4fHzJv0pKK66eFy5m08SU5tS&xkcb=SoCa67M3mvNQj8SlwR0IbzkdCdPP&fccid=6803bea41688e709&vjs=3","Data Asset Management Consultant- Civil Infrastructure","Easily apply","Turner & Townsend","Remote in New York, NY","$115,000 - $130,000 a year","Full-time","","","","","",""
"https://www.indeed.com/rc/clk?jk=c9901054389dfbc9&bb=rHc_pPMjCdKK1QLo1xgq9Ov43Qiful3GCQk54AglbB3WeudaHvYUpDUW_QDanBk2dlD6cMSJ2V3LtWS5MKWpKCst-05Qc7hxFXKVQinWv2VhlFeQfCJp1M40aOMnLoME&xkcb=SoAU67M3mvNQj8SlwR0PbzkdCdPP&fccid=c235d22e32022e8e&vjs=3","EHS Data Analyst I/II/III/Sr","","EQT Corporation","Remote","Pay information not provided","","","","","","",""
"https://www.indeed.com/rc/clk?jk=abc1c9b62d8debed&bb=rHc_pPMjCdKK1QLo1xgq9H4XouMzw0mnpC8WrFt4fhOMaPTQ1ZW-gPhM8fk3Dm0w1UpkLVTo2tgE7N4118chqNeIa-jAlC6r7JWSM9sM-2X60pXWl0wEvqrRqaa-lzaO&xkcb=SoCg67M3mvNQj8SlwR0ObzkdCdPP&fccid=116680a29a847a70&vjs=3","Quality & Reporting Analyst","","General Motors","Remote","$71,300 - $109,400 a year","Full-time","Tuition reimbursement","Health insurance","Retirement plan","Vision insurance","Health savings account","Dental insurance"
"https://www.indeed.com/rc/clk?jk=b6bc122f245f025e&bb=rHc_pPMjCdKK1QLo1xgq9KHur4PIfbC8wNcOFYaxqrklBLcuiNLHGzHzLrXq7DVvtPplSnfdTeOC0D4Xvhu8IaE9muKWbj8pNOPw79ZAKCadME31fEwthQ0AqQpgyjuf&xkcb=SoA967M3mvNQj8SlwR0NbzkdCdPP&fccid=f55f2546cfc2349e&vjs=3","Junior Programmer, Healthcare Innovations New","","American Institutes for Research","Remote in Chicago, IL","$83,700 - $111,600 a year","Full-time","","","","","",""
"https://www.indeed.com/rc/clk?jk=8c3198a865cf7813&bb=rHc_pPMjCdKK1QLo1xgq9CEt2brutOBNljOjY57dyPVDEH_9wlTqm9hSrMWKzNIdwNoxBkzuDHP2nYZ6Y2fKyP4WrGARbqlX3qR6Pf4Ax8Dvc3Y8-z8EB8T1so5vC2Kb&xkcb=SoCJ67M3mvNQj8SlwR0MbzkdCdPP&fccid=f4c6ed63cbcfdc0d&vjs=3","Business Analyst, Customer Success Analytics & AI","","Thomson Reuters","Remote in Eagan, MN","$74,200 - $137,800 a year","Full-time","Tuition reimbursement","Employee stock purchase plan","AD&D insurance","Parental leave","401(k) matching","Paid time off"
"https://www.indeed.com/rc/clk?jk=93dcd4078f93de7d&bb=rHc_pPMjCdKK1QLo1xgq9N4kLpIRl5XpopZP2IZ8U5sFqL-7JurieiOnyvd4yrmGakjfXQCGwbw4aNOaK7qXHvNOEdc54zUZBfQ2sTty2uBgoU4cqxkm5ppX4YqZiFc4&xkcb=SoBg67M3mvNQj8SlwR0DbzkdCdPP&fccid=c9c04f6a30d9a264&vjs=3","Staff Data Analyst","Easily apply","SynaptiCure Inc.","Remote in Boston, MA","Pay information not provided","Full-time","Work from home stipend","Health insurance","401(k) matching","Paid time off","Vision insurance","Dental insurance"
"https://www.indeed.com/rc/clk?jk=24ea186d9496da69&bb=rHc_pPMjCdKK1QLo1xgq9EMAnWmd5ll4mp0IDZr2_5ozgBe7OkM_Ik82sx0rn0PWBLpbbpUjFd9T7o51SJF1Np8erBp-Aisjoi4hqhUAQOyqIfDDWNVM8s4gMAskhNEw&xkcb=SoDU67M3mvNQj8SlwR0CbzkdCdPP&fccid=a6ecc86d2f1e539c&vjs=3","Senior Clinical Data Analyst (Healthcare Analytics)","Easily apply","Tendo","Remote in Chicago, IL","$97,750 - $132,250 a year","Full-time","401(k)","Health insurance","Vision insurance","Health savings account","Dental insurance","Life insurance"
"https://www.indeed.com/rc/clk?jk=1b012eab3d723b05&bb=rHc_pPMjCdKK1QLo1xgq9CTQQ6FbTSwhIo8hEOeKjwBRIt8kq159xG6bKJZyjdI19XlU-znQzbJ3yXvyOChZLphvn2blWoI_JLrDeenlaYyHAYy-J8ai2tNvvOQaD3zh&xkcb=SoBJ67M3mvNQj8SlwR0BbzkdCdPP&fccid=5b6605e50d69dce0&vjs=3","Sr. Electronic Health Record Data Analyst","Easily apply","Access Information Management","Remote in Peabody, MA 01960","$100,000 - $110,000 a year","","","","","","",""
"https://www.indeed.com/viewjob?jk=0f1e2d3c4b5a6978","Sr. Electronic Health Record Data Analyst","Easily apply","Access Information Management","Remote in Peabody, MA 01960","$100,000 - $110,000 a year","","","","","","",""
"https://www.indeed.com/rc/clk?jk=845c877299967140&bb=rHc_pPMjCdKK1QLo1xgq9K84zyHKqb75RBcJHXh91Vvas1xOl5Rk004-fevgv9W1OwnuAZM4FHjvoJKLxuyhY_IOL33-krAg8sYZ1Dbz31dDUjGufYQy8QCZ_87eONx7&xkcb=SoD967M3mvNQj8SlwR0AbzkdCdPP&fccid=489429851cc7e476&vjs=3","Business Analyst","Easily apply","New England Life Care","Remote in Scarborough, ME 04074","$72,000 - $80,000 a year","Full-time","40 hours per week","Monday to Friday","403(b)","Health insurance","Vision insurance","Dental insurance"
"https://www.indeed.com/rc/clk?jk=e07ffe8dcd05ac1e&bb=rHc_pPMjCdKK1QLo1xgq9IK1BB3EAlo00QEahIvT91Hxcgyr7JB6VvxJQMMa1MEqcDdI1eCZkoTfLgp9J-iA7NmTeDBE_Jx6RJ7D59zd81-4rl4IU2CiVEOCGr6bg3Dv&xkcb=SoBz67M3mvNQj8SlwR0HbzkdCdPP&fccid=54f26af6e79bac2a&vjs=3","Business Intelligence Analyst - Remote","Easily apply","Crossroads Treatment Centers","Remote in Greenville, SC 29601","Pay information not provided","Full-time","Monday to Friday","Paid parental leave","Parental leave","Health insurance","401(k) matching","Paid time off"
"https://www.indeed.com/rc/clk?jk=db21a254ea7e0a2a&bb=rHc_pPMjCdKK1QLo1xgq9Cb429EDtsdbV5UzRkExKPXDJZwRsMdpU8w4y1YyEUh1nFtBKO_ZSCZ7R3JLV2MnL7sgQazeHneijKF1sjC0lNDUHMkzJB2g9exuBF5YhYTi&xkcb=SoDH67M3mvNQj8SlwR0GbzkdCdPP&fccid=1e182a128afed7f4&vjs=3","Healthcare Data Analyst","","Blanchard Valley Hospital","Remote in Findlay, OH","Pay information not provided","Full-time","","","","","",""
"https://www.indeed.com/rc/clk?jk=a13dfcf61b721aa5&bb=rHc_pPMjCdKK1QLo1xgq9FhIKYLZxkcHNvqbiUKTkVGnbeE7NKnsURXLRpRogp_kdUEcCwUT9vK91cGBDntjbAbqDvaqURL_oThocKQFEBR1KGyfTpCJf_Y2_AeEqETN&xkcb=SoBa67M3mvNQj8SlwR0FbzkdCdPP&fccid=4591d24972ae8f6f&vjs=3","Business Analyst, Strategic Insights","","DAVITA","Remote in Denver, CO 80202","$57,784 - $85,000 a year","Full-time","Parental leave","Health insurance","401(k) matching","Paid time off","Vision insurance","Dental insurance"
"https://www.indeed.com/rc/clk?jk=338c835ce19cbf54&bb=rHc_pPMjCdKK1QLo1xgq9InZnznFnG_bAYQ3RLfA-p6SgJkSmY_lMTqdjfHqulCOftnwVrK6xzl34lv6QeKcz5Lho29TjtRPm_UFny3o0fx6zuGLhXKETAQWfRWK2kuR&xkcb=SoDu67M3mvNQj8SlwR0EbzkdCdPP&fccid=443d0eb57d0b78dd&vjs=3","Analyst, Member Services","","ArchWell Health","Remote in Nashville, TN","Pay information not provided","Full-time","","","","","",""
"https://www.indeed.com/rc/clk?jk=2d2437ff5887da27&bb=j1mKrTs1BLderl0axxaX-A_Y78b96mEAEv3EicQM9R7XUzXQWy4_H8ydZSGwwD2M4rnex335N-W_x2wY1N5J47igAZ009RdkCzcbdgLB5nv-Q-LWhEy1kDNAHaqi4d0E&xkcb=SoAY67M3mvNv9-yl9B0LbzkdCdPP&fccid=b1bb2712af9578b5&vjs=3","Insights Analyst","Easily apply","Knotch, Inc.","Remote","Pay information not provided","Full-time","401(k)","Health insurance","Vision insurance","Dental insurance","Unlimited paid time off","Paid holidays"
"","","","","","","","","","","","",""
"https://www.indeed.com/pagead/clk?mo=r&ad=-6NYlbfkN0CnM4TERr6XuVBW3VTRACvDXDx9S3Pbn6a0SwhkmoLTiNI2ch15tovdGqxScmrPYOgCtWY5I_0E-vNsWDyLrSVugw0jnO6wgt6fc_k424eH3DxiLvfflicwNIe0Lb0VM0KZXdo5dLU7H3x25sYUKUR2LxgPJ59CWzQVmWC-YkbW1T48M8ib-bowSBAypacOMGBIDK9aZ9XKbC3H78gSXdu1AU6zC0awrxw46Dlk0a6QZLrRcTbFUo4qMP87DNVxRUyMuV6deaNUzB7mPjl8gMqRg-cpuIM2yF6IgtyAgKMcUSCcoR6wJ_Cu3ScV2-jFKD3DTCT59FBjVIfgCZkCOAqjtBk9bse0oLTjSYILyjsyu_Go7H3RtkEUyJgI8kdgd2C-UUJp5Of2jPjo_x1Rwd8dQjSWqpjuLyPFNr4nQ7bdRFMFjI1MofMYQYNlWlxHA3fPVZmNFI-7bJ_QLdZc8R_DMgx-4G8qwWD5Bvn2kFXffdiGSnAj6u8d2rCfLDFpHqphm0ENM3PJ323UAScQ1tl4A917dxk0sZJD3IsKPFv0kHPu_0Cccb8oLSp3fR3lDMYe76k5IfGmXWHFB8SI6VvLR3oomzcpOE3f5NRIB5Gk_dyY35ittC0IVtxWneEOZ4x7cJZbFsnZHiP6w9Lq2jb0Dg_uHRANMj-jsHbRCLnDyN8Fb_KLgQ3MlcKZT7PEj4KC9D6GNpPg48dpo6tkO2XrPNsLWMpSlxV3LpllD0pCSmaGH7TmP2H21K5DXBBpT5joT-dviNK_M8frnRJ5u-z0ROHBqIX6JAVErNtmkkY1pgV49tIZEOVzS1pzE6eGbLQng9E57AVo1LMtHGJGE62QY3O6m4dxtd4yi14yCbUIZX6nw5JfaoS3nVvKxQNxG42trrbC4YIWNDBdAaV2GrruJEjvdK64dBPZa60Dr06jOgJ3MyyZlP2o&xkcb=SoBY6_M3mvNv9-yl9B0KbzkdCdPP&camk=UoKtGZLa3XKSf7t2hZoFOg==&p=1&fvj=0&vjs=3","Developer - AI Trainer","Urgently hiring","DataAnnotation","San Francisco, CA 94114","From $40 an hour","Contract","Flexible schedule","","","","",""
"https://www.indeed.com/pagead/clk?mo=r&ad=-6NYlbfkN0BhfrGGbcblirJ0_oD-V1jJ9SBvie1turFDKTAe6KCgN76TzOztcJRJ2Fb7iBaGysnkVx4j9zZrGEE7JiX4xIu2s8UyGwsdwrg9jdeR5akKgo5hZQsVpyatgcXKDpUoQP5OHk1jc2TQ_CkUgQyIkcSvDmKLXgEyPD8_aPGiKDGEP0OXjCmLMFej7jHuf0_vgRqRL6ZgHyF_rQWWPA8U__ocOOWq6bM6Hu8zal1O0-jANhOYzOvGwotrxFln6CEBGRqq1qv4DuivXsE_N303fnFTIjPmF1qYHHPe8licidi4dppdYnpenGI13TmuujU3X-VVQaUhOLUqX2Ng2AsnQfwNkQ1VVfn9S-5mSQlboK8at2njbHyOWm1_Z3xNuZCRlqARENkSUl-c19WqLHnkyZ58nKAIJuqSoe-NSbvGL5ZqIdLJARAHkuUz2QSorCMLelO7x22HhuLE2tD0Gg-DYH6nPvKSCk40L_PY-LBwOJZUN3C_YD_mTkxudmI_jlVxbxBSi4j3u5_5HuSwxht6jawZ687EzXmVeGITrhOJxj5FnFWJmYO9s7ZosBGRqAsWqtRCdpauM7Dr33nJGgP2Cz_UWVbXTpxoTbmgYZAUL2HD-s72ahvDrxe_UvAE_1r0MLDWJxGfxDizl0vvRUdBkucTc9CcyaoB3HOfktERk9Vwz3JTz0W2qleRsViZzmBZUyKx3A3CjFH9pkGGugBGkVBwb_Z7wpYtqCNq-iWb4_RkYFiD47rgMI3S_hVYtMS2lPMX678GJI_0opcTGeBPvy1NP2CSwYa4DEtI0Q9mxTjmb3O6RN6wixX0rmk4ao7fhgUEydhDGW8Oo8vszqw0iCqJieXh54XkQ66n6mXUX5MZO3cUmQ8QsyzDLbZqzbonUB_BlaOKYkDkJXWC_ODB1V4OW8Z-L8t-W_w=&xkcb=SoDF6_M3mvNv9-yl9B0JbzkdCdPP&camk=UoKtGZLa3XKqkCwBoY6puw==&p=2&fvj=0&vjs=3","Data Analyst","Easily apply","Ledgent Technology","Alameda, CA 94502","Up to $69.66 an hour","Full-time","","","","","",""
"https://www.indeed.com/viewjob?jk=cdef0123456789ab","Data Analyst","Easily apply","Ledgent Technology","Alameda, CA 94502","Up to $69.66 an hour","Full-time","","","","","",""
"https://www.indeed.com/pagead/clk?mo=r&ad=-6NYlbfkN0A5YKnM3HVJ8Z0Sssh5KqoHwL5oKVTFYWgwi9HidKx1oqhFB7ggRZnsQJAZGh_H-t25UQAoRnPPfbNGqTYwE5fzmTg7AmEygQJmM3EngL9mIgWkaGx41ZADjOK16p7fspBW08xMdfOXIUBkR2C_kICs2-fe0X1_p3892E2gyQSHoM7i6f2jAktXxBfric66zS-MZpvGcth4zwmJqYKgBZPs3j3vpAAArnZodlTWeGWNzzfwp6rpJ7iSHgW7guUTd5YceHqdS3_oeWVeDw-HgDLBKQ1qLJujyqY5EMh4xN1TDmM09nlqH44nuoEsAsEJIrm57hLedbm58NtKsX129FZBInRgWiE0rWwKqHYJY8jyAgR4eruiKgKYjs5zNmkpLe9HjDYiCjw34ospDSFwixn5DKPNNXgFjxScg67S2T_eAiYt_1MQrwKK0fhCxz6hByAq0gm6ttm8_Ww6_2y6V_bVfyu5AoAB5Ghhiz82Ihdk0WHwsKLMKJgxHTyxWdFUBAenICWT4G7PMwh7FcWLsFNV7eZrQ7vepk62kLOelQeZSnJdl_6MlCdB5LI0-FSEgcFGinCWflxvMNa1UDRx7EpuN59JCXNqyrkmEY9hsrA1-uRa_GaGPQzYrkZzaJO_zo5k6ft8DvZKJOPPZ_UhSPboRaliMVWMx7Y121ZxY8HmxrQHUscKzStEL3NytcfMpR-xa0oaGXOmH3SA0olYWsnIJQngK9SYKHdcKfzQG3Pu30Hg_4C0EYAn_-zsStAy2R4XP7ImsXiMWmhbDCF5ByP0f8V7DndO159buw3o7W67ERi8VxuNTUkVAT_bt6-_PXRa1X1dpBadYYU-6s0YJnXguMuFPPF1dtaHadLOvriivIJe7W7B531sxrVLFJEikHbT3TpEd3zdrLqscOe0yI0p&xkcb=SoBx6_M3mvNv9-yl9B0IbzkdCdPP&camk=tQsC0y0u1LrYMcxG84W9QQ==&p=3&fvj=0&vjs=3","IT Asset Management Associate","New","Frank Rimerman and Co LLP","San Jose, CA 95113","$33.65 - $38.45 an hour","Full-time","Overtime","","","","",""
"https://www.indeed.com/pagead/clk?mo=r&ad=-6NYlbfkN0A_DDXJpBmDjNhNk0SonxKsswszHAivHatKsF66mYTBcvn0GweY-bobWCEiOlgfwP000gG7U_6q9XCEBb_SzkbUhrxes8CpVz-fVoyT53y3QPd2vxLnlDJwRmtl_7T-FnucPko42rCdh3iXtLoZLBf3N_xKwMUopMLer4HOLOGJnFUiQ0NHnf4XDdIWLZ-ttRKXNbwPZQgB9zSQ2FA65vXYZNKtPln-l24D_yOw3ribFDGHA_7uxXe6diIiHTOenw9QJN9zJiBZjQLj88UMZmjr72lFG_a7vddUchIpBOYT9SwNfyHxsVedQ3GltFiJ0KmpzmaH86mPjB84NB4I50alKgMJPEEkQpIwyClAfunz2i6U5fKyaMZPvH5Bec4UCexCLkVHunZAnD57OpzRcUN6qpXyKAofTagpaIgBLEXpx6gCyvqWKSQxXNtcJslMSrUzLelZpCgmzkIAxEBdkOBTT8BIS87-CJGd-u7UVfwyHYq3_eL5bI8ZCcLvqTY5YtuyMFtHFf3A-b9JKypuxD0yvNmhm6g0ytCcXt13jn6301ehl2GKb7EpsCEjssAHTMe8PIHSPadNcE1RU9gsnuo5xplaz4zgkXdzuNGfUbyQIts6rx183KYglcyrIQvNOnSaOM8b3mf1DN8BHuwlfkhTcpDsH9bwCtEzq13yIp-6nWUS7H-2AQP-xNHnIKY1mkWNgZdidcMCC1XIX25x5pfSe8Mgth4Zq_BjBf_hPq0e__G2esX1SShx-rz5vHy0nBHK-fFZ-c_emw==&xkcb=SoD_6_M3mvNv9-yl9B0PbzkdCdPP&camk=ethIe0s0hedEwbC3jdEuEw==&p=4&fvj=0&vjs=3","IT Applications Business Analyst","New","ASML","San Diego, CA 92127","$118,875 - $198,125 a year","Full-time","401(k)","Health insurance","Vision insurance","Dental insurance","Life insurance","Paid holidays"
"https://www.indeed.com/rc/clk?jk=838e78636a2b76fc&bb=j1mKrTs1BLderl0axxaX-JciRAg0swvhnkGgYtr3kM_EDJM_wcSbdEkuRs28flBsx4k-c3wQLYy7F2lGPc9rk82KUpZQqGJSICSpwlDekpiLB3Ai0gYFCXrCMVajpFJJ&xkcb=SoC_67M3mvNv9-yl9B0ObzkdCdPP&fccid=9784ae78e9834539&vjs=3","SeniorBusiness Systems Analyst - Workday Absence and Time Tracking","","Intuit","Mountain View, CA 94043","$124,500 - $182,500 a year","","","","","","",""