"anchor href","image src","image src 2","image src 3","w_100%","d_inline-flex","d_inline-flex 2","textStyle_subHeader","textStyle_body","textStyle_body 3","textStyle_body 4","textStyle_body 5","c_grey","d_inline-flex 3"
"https://www.trulia.com/home/11909-rising-sun-way-gold-river-ca-95670-65235266","https://www.trulia.com/pictures/thumbs_4/zillowstatic/fp/6fa4df937196486ced92694248bd3b5b-full.webp","https://www.trulia.com/pictures/thumbs_4/zillowstatic/fp/52784c84a292c5b80b8b4f2ea1c60185-full.webp","https://www.trulia.com/pictures/thumbs_4/zillowstatic/fp/a6fbccef0c2c13d51497a41e31f18044-full.webp","Use arrow keys to navigate","NEW","OPEN SUN, 1-4PM","$785,000","4","3","Baths","2,374","11909 Rising Sun Way, Gold River, CA 95670",""
"https://www.trulia.com/home/12685-ironbow-way-rancho-cordova-ca-95742-460230490","https://www.trulia.com/pictures/thumbs_4/zillowstatic/fp/73f096f4d0e6d3fe30db962ecd20d35d-full.webp","https://www.trulia.com/pictures/thumbs_4/zillowstatic/fp/ad3804fd46118649c0b489d219052c4b-full.webp","https://www.trulia.com/pictures/thumbs_4/zillowstatic/fp/c4bce824ff0a8e1cbd7088f528f16dfb-full.webp","Use arrow keys to navigate","NEW - 3 HRS AGO","NEW CONSTRUCTION","$740,990","4","3.5","Baths","2,789","12685 Ironbow Way, Rancho Cordova, CA 95742","QUICK MOVE-IN"
"https://www.trulia.com/home/12664-ironbow-way-rancho-cordova-ca-95742-460230516","https://www.trulia.com/pictures/thumbs_4/zillowstatic/fp/67d270864bcd0da9fb79c6c60f7de673-full.webp","https://www.trulia.com/pictures/thumbs_4/zillowstatic/fp/ede2eec935f924f1e78d3b21010286cc-full.webp","https://www.trulia.com/pictures/thumbs_4/zillowstatic/fp/c0c5755b3181d5745fb26daba7e83160-full.webp","Use arrow keys to navigate","NEW - 3 HRS AGO","NEW CONSTRUCTION","$595,347","4","2.5","Baths","1,879","12664 Ironbow Way, Rancho Cordova, CA 95742","QUICK MOVE-IN"
"https://www.trulia.com/builder-community-plan/riverblossom-at-montelena-plan-3-352855294","https://www.trulia.com/pictures/thumbs_4/zillowstatic/fp/63e256a553913e4d39b90302251ed80b-full.webp","https://www.trulia.com/pictures/thumbs_4/zillowstatic/fp/fbe5d9e1ead3489902599a8eede54fc2-full.webp","https://www.trulia.com/pictures/thumbs_4/zillowstatic/fp/65df3c171c8eb8d08cadecd995c2a80c-full.webp","Use arrow keys to navigate","","NEW CONSTRUCTION","$595,305+","4","3","Baths","2,181","Plan 3 in Riverblossom at Montelena, Rancho Cordova, CA 95742","BUILDABLE PLAN"
"https://www.trulia.com/home/2129-kellogg-way-rancho-cordova-ca-95670-25856907","https://www.trulia.com/pictures/thumbs_4/zillowstatic/fp/6767c53ce7766092543a923655bc9e38-full.webp","https://www.trulia.com/pictures/thumbs_4/zillowstatic/fp/899af595599b677493e94b043ee024b5-full.webp","https://www.trulia.com/pictures/thumbs_4/zillowstatic/fp/6a4e003a2f69ed09cdf5073fa70e72ef-full.webp","Use arrow keys to navigate","NEW - 21 HRS AGO","0.34 ACRES","$520,000","3","2","Baths","1,268","2129 Kellogg Way, Rancho Cordova, CA 95670",""
"https://www.trulia.com/home/3213-magicwoods-ct-sacramento-ca-95827-25895573","https://www.trulia.com/pictures/thumbs_4/zillowstatic/fp/61c0d90c755b0636bdbb6d346e648965-full.webp","https://www.trulia.com/pictures/thumbs_4/zillowstatic/fp/4602212bd3ca51cacf7b7b6f29eb5506-full.webp","https://www.trulia.com/pictures/thumbs_4/zillowstatic/fp/db17380fb824c2805140e3ce2e388b53-full.webp","Use arrow keys to navigate","NEW - 21 HRS AGO","","$439,000","3","2","Baths","1,137","3213 Magicwoods Ct, Sacramento, CA 95827",""
"https://www.trulia.com/home/12175-coal-creek-way-rancho-cordova-ca-95742-2057331987","https://www.trulia.com/pictures/thumbs_4/zillowstatic/fp/31f6eeea1f6dfbf92e0a4e41169f198c-full.webp","https://www.trulia.com/pictures/thumbs_4/zillowstatic/fp/e96ba9bedf4917c0054084d92223e5b5-full.webp","https://www.trulia.com/pictures/thumbs_4/zillowstatic/fp/7e6d977e9444690424add07f9c048835-full.webp","Use arrow keys to navigate","NEW - 1 DAY AGO","","$540,000","3","2","Baths","1,727","12175 Coal Creek Way, Rancho Cordova, CA 95742",""
"https://www.trulia.com/builder-community-plan/azure-at-the-preserve-residence-2612-452291418","https://www.trulia.com/pictures/thumbs_4/zillowstatic/fp/0b7e972c9e8d316aa59bfa1ff4ca8cc7-full.webp","https://www.trulia.com/pictures/thumbs_4/zillowstatic/fp/16fcefbf7586c24e304411ba8b3ac497-full.webp","https://www.trulia.com/pictures/thumbs_4/zillowstatic/fp/a825bd6079f89e8e7b5e3dbb8ea24f77-full.webp","Use arrow keys to navigate","NEW CONSTRUCTION","BUILDABLE PLAN","$680,990+","5","3","Baths","2,612","RESIDENCE 2612 Plan in The Preserve : Azure, Rancho Cordova, CA 95742",""
"https://www.trulia.com/home/10833-glenhaven-way-rancho-cordova-ca-95670-25860466","https://www.trulia.com/pictures/thumbs_4/zillowstatic/fp/29d6c61e961e9637ee6bcfe6437c6fcd-full.webp","https://www.trulia.com/pictures/thumbs_4/zillowstatic/fp/6fca5ad157cb12340f1f5bbd44da918c-full.webp","https://www.trulia.com/pictures/thumbs_4/zillowstatic/fp/19a8e4ae0ef1862d0bd57cf54230a738-full.webp","Use arrow keys to navigate","NEW","OPEN FRI, 3-6PM","$630,000","5","3","Baths","2,184","10833 Glenhaven Way, Rancho Cordova, CA 95670",""
"https://www.trulia.com/home/11833-blushing-cir-rancho-cordova-ca-95742-66671609","https://www.trulia.com/pictures/thumbs_4/zillowstatic/fp/24d4729fc4f3f8644b5366a2addd3bb7-full.webp","https://www.trulia.com/pictures/thumbs_4/zillowstatic/fp/4a9d5629c0223bf487fa09fc2040fb97-full.webp","https://www.trulia.com/pictures/thumbs_4/zillowstatic/fp/9069a830c75b8e55573b66aec710db3b-full.webp","Use arrow keys to navigate","NEW - 1 DAY AGO","","$685,000","4","3","Baths","3,070","11833 Blushing Cir, Rancho Cordova, CA 95742",""
"https://www.trulia.com/builder-community-plan/placer-at-rio-del-oro-plan-3127-2062237457","https://www.trulia.com/pictures/thumbs_4/zillowstatic/fp/51be7622e92da2b19d8eabd8b623200e-full.webp","https://www.trulia.com/pictures/thumbs_4/zillowstatic/fp/3eb9a3b056ca085a3de5a453a7040f1f-full.webp","https://www.trulia.com/pictures/thumbs_4/zillowstatic/fp/84d69fe88a3ea9d71ef6d93c4c3bdb90-full.webp","Use arrow keys to navigate","NEW CONSTRUCTION","BUILDABLE PLAN","$907,950+","4","4","Baths","3,127","Plan 3127 in Placer at Rio Del Oro, Rancho Cordova, CA 95742",""
"https://www.trulia.com/home/12754-ironbow-way-rancho-cordova-ca-95742-460230398","https://www.trulia.com/pictures/thumbs_4/zillowstatic/fp/8cc0974f312e4c20a8e3a329760167ec-full.webp","https://www.trulia.com/pictures/thumbs_4/zillowstatic/fp/28ae116f864a4938649a6b529e8f6d9a-full.webp","https://www.trulia.com/pictures/thumbs_4/zillowstatic/fp/a825bd6079f89e8e7b5e3dbb8ea24f77-full.webp","Use arrow keys to navigate","NEW CONSTRUCTION","QUICK MOVE-IN","$686,990","5","3","Baths","2,612","12754 Ironbow Way, Rancho Cordova, CA 95742",""
"https://www.trulia.com/home/3319-edington-dr-rancho-cordova-ca-95742-460230553","https://www.trulia.com/pictures/thumbs_4/zillowstatic/fp/1ee6696e3a0eba909b6d9b2b228d58a9-full.webp","https://www.trulia.com/pictures/thumbs_4/zillowstatic/fp/1fe6dd9897e23075dbc57a0bd3e1527d-full.webp","https://www.trulia.com/pictures/thumbs_4/zillowstatic/fp/9d579f7217aa5c13b2571cf6d1557992-full.webp","Use arrow keys to navigate","NEW CONSTRUCTION","QUICK MOVE-IN","$635,990","3","3","Baths","2,127","3319 Edington Dr, Rancho Cordova, CA 95742",""
"https://www.trulia.com/builder-community-plan/westcott-station-plan-1644-447461736","https://www.trulia.com/pictures/thumbs_4/zillowstatic/fp/ca78312c4f15d9fea5be345434583459-full.webp","https://www.trulia.com/pictures/thumbs_4/zillowstatic/fp/ce03da799dda24ab72f366ff60612298-full.webp","https://www.trulia.com/pictures/thumbs_4/zillowstatic/fp/d110f51ae4a148aa6e9366e3be94bcda-full.webp","Use arrow keys to navigate","NEW CONSTRUCTION","BUILDABLE PLAN","$472,990+","3","2.5","Baths","1,644","Plan 1644 in Westcott Station, Sacramento, CA 95827",""
"https://www.trulia.com/home/10273-agnes-cir-rancho-cordova-ca-95670-25893127","https://www.trulia.com/pictures/thumbs_4/zillowstatic/fp/f302470c5afc59d240122193c577a7c0-full.webp","https://www.trulia.com/pictures/thumbs_4/zillowstatic/fp/c18de077a8a646ff8a50c68f4d962b40-full.webp","https://www.trulia.com/pictures/thumbs_4/zillowstatic/fp/92feb86de8225e85145f86c9a479d12f-full.webp","Use arrow keys to navigate","OPEN SAT, 1-6PM","","$467,000","3","1","Bath","1,005","10273 Agnes Cir, Rancho Cordova, CA 95670",""
"https://www.trulia.com/home/10832-glenhaven-way-rancho-cordova-ca-95670-25860480","https://www.trulia.com/pictures/thumbs_4/zillowstatic/fp/a0ef88ffd221c4989e1c51bcd6cb4963-full.webp","https://www.trulia.com/pictures/thumbs_4/zillowstatic/fp/4f8b73debe30b6bff1749ddb791cbe39-full.webp","https://www.trulia.com/pictures/thumbs_4/zillowstatic/fp/9090af6b9b5ca6bdfcb51c4c60f65099-full.webp","Use arrow keys to navigate","","","$530,000","3","2","Baths","1,543","10832 Glenhaven Way, Rancho Cordova, CA 95670",""
"https://www.trulia.com/home/12545-kirklin-ct-rancho-cordova-ca-95742-96028971","https://www.trulia.com/pictures/thumbs_4/zillowstatic/fp/a07d3175eae02de75ff361a3e712a324-full.webp","https://www.trulia.com/pictures/thumbs_4/zillowstatic/fp/8dd0026227c4a912acd3cf3dfb6ab245-full.webp","https://www.trulia.com/pictures/thumbs_4/zillowstatic/fp/0ce368d4e8b6ceaeb1e787bd9eb9ff07-full.webp","Use arrow keys to navigate","","","$499,900","3","2","Baths","1,454","12545 Kirklin Ct, Rancho Cordova, CA 95742",""
"https://www.trulia.com/home/2262-railway-cir-gold-river-ca-95670-25872616","https://www.trulia.com/pictures/thumbs_4/zillowstatic/fp/891b0676179fc39a09ffea08c0484be9-full.webp","https://www.trulia.com/pictures/thumbs_4/zillowstatic/fp/094bd608de75987489b725d5fbdc0535-full.webp","https://www.trulia.com/pictures/thumbs_4/zillowstatic/fp/c9df77d4dde821d92e8ea6ddabeee808-full.webp","Use arrow keys to navigate","","","$590,000","4","2","Baths","2,004","2262 Railway Cir, Gold River, CA 95670",""
"https://www.trulia.com/home/1978-benita-dr-3-rancho-cordova-ca-95670-25857487","https://www.trulia.com/pictures/thumbs_4/zillowstatic/fp/7855a84dc244c8da2816811f340438a3-full.webp","https://www.trulia.com/pictures/thumbs_4/zillowstatic/fp/ec63dddf76533d247bfdfcd7ea5f2dc3-full.webp","https://www.trulia.com/pictures/thumbs_4/zillowstatic/fp/333055092726f02c20bfbd19bebb0b20-full.webp","Use arrow keys to navigate","","","$289,900","4","1","Bath","1,344","1978 Benita Dr #3, Rancho Cordova, CA 95670",""
"https://www.trulia.com/home/1663-klamath-river-dr-rancho-cordova-ca-95670-25857999","https://www.trulia.com/pictures/thumbs_4/zillowstatic/fp/772a3e84ae8769d73563f651b322c485-full.webp","https://www.trulia.com/pictures/thumbs_4/zillowstatic/fp/f06bddecb5abe9ba9f3659143262b821-full.webp","https://www.trulia.com/pictures/thumbs_4/zillowstatic/fp/50cf33cf0cec10bdbc1d9dfde45f7587-full.webp","Use arrow keys to navigate","","","$499,000","3","2","Baths","1,127","1663 Klamath River Dr, Rancho Cordova, CA 95670",""
"https://www.trulia.com/builder-community-plan/coloma-at-rio-del-oro-plan-1407-452594739","https://www.trulia.com/pictures/thumbs_4/zillowstatic/fp/b52f69edd035251e2d1d1731af659831-full.webp","https://www.trulia.com/pictures/thumbs_4/zillowstatic/fp/c0096a7c4af07da9895fd5f16c47cfbc-full.webp","https://www.trulia.com/pictures/thumbs_4/zillowstatic/fp/3cfb40069ae68696ca5b9c1c12b876c7-full.webp","Use arrow keys to navigate","NEW CONSTRUCTION","BUILDABLE PLAN","$492,950+","3","2","Baths","1,407","Plan 1407 in Coloma at Rio Del Oro, Rancho Cordova, CA 95742",""
"https://www.trulia.com/home/2605-queenwood-dr-rancho-cordova-ca-95670-25861077","https://www.trulia.com/pictures/thumbs_4/zillowstatic/fp/be982dbdcd8bfc5375ca04579b87af77-full.webp","https://www.trulia.com/pictures/thumbs_4/zillowstatic/fp/005b14bd27fa0f5bfd9cd7a0dcf56c49-full.webp","https://www.trulia.com/pictures/thumbs_4/zillowstatic/fp/1cc9ccbdb7f2ad312f36b9617c21d80b-full.webp","Use arrow keys to navigate","","","$515,000","4","2","Baths","1,530","2605 Queenwood Dr, Rancho Cordova, CA 95670",""
"https://www.trulia.com/home/11931-old-eureka-way-gold-river-ca-95670-25872087","https://www.trulia.com/pictures/thumbs_4/zillowstatic/fp/244d2a42da0cafb77778f26fc1fa5d29-full.webp","https://www.trulia.com/pictures/thumbs_4/zillowstatic/fp/e76aa6e55dba8267460cd139c14d2e56-full.webp","https://www.trulia.com/pictures/thumbs_4/zillowstatic/fp/937697021305d27d7bb46452880b5474-full.webp","Use arrow keys to navigate","","","$868,950","4","3","Baths","2,666","11931 Old Eureka Way, Gold River, CA 95670",""
"https://www.trulia.com/home/10512-glenview-way-rancho-cordova-ca-95670-25879432","https://www.trulia.com/pictures/thumbs_4/zillowstatic/fp/b02b6baca27760d87ff965971b833369-full.webp","https://www.trulia.com/pictures/thumbs_4/zillowstatic/fp/edcbaa2587f1a30565535c1821f2e757-full.webp","https://www.trulia.com/pictures/thumbs_4/zillowstatic/fp/4d932351f5acb56d7db002ef371ef727-full.webp","Use arrow keys to navigate","","","$510,000","3","2","Baths","1,524","10512 Glenview Way, Rancho Cordova, CA 95670",""
"https://www.trulia.com/home/4043-red-blush-way-rancho-cordova-ca-95742-325580227","https://www.trulia.com/pictures/thumbs_4/zillowstatic/fp/cc1c3f7a70fbd966493452f235b306e5-full.webp","https://www.trulia.com/pictures/thumbs_4/zillowstatic/fp/a2161f29a9a8788e984c7450a443e954-full.webp","https://www.trulia.com/pictures/thumbs_4/zillowstatic/fp/5c6a14354efbbe0583cc789432b81411-full.webp","Use arrow keys to navigate","","","$795,000","4","3","Baths","2,662","4043 Red Blush Way, Rancho Cordova, CA 95742",""
"https://www.trulia.com/home/4020-timberland-dr-rancho-cordova-ca-95742-456104892","https://www.trulia.com/pictures/thumbs_4/zillowstatic/fp/bd936d1521757cd41307629b0f67965a-full.webp","https://www.trulia.com/pictures/thumbs_4/zillowstatic/fp/45a078b9bfb1bc03315b1e5ca883aeea-full.webp","https://www.trulia.com/pictures/thumbs_4/zillowstatic/fp/7711ad5872a5e13eb4b6174b5d945fa8-full.webp","Use arrow keys to navigate","NEW CONSTRUCTION","QUICK MOVE-IN","$791,495","5","3","Baths","3,375","4020 Timberland Dr, Rancho Cordova, CA 95742",""
"https://www.trulia.com/home/12021-tiresias-way-rancho-cordova-ca-95742-250745404","https://www.trulia.com/pictures/thumbs_4/zillowstatic/fp/f6142dd89b8389e4f26f05483174604f-full.webp","https://www.trulia.com/pictures/thumbs_4/zillowstatic/fp/a2a218ed9b81c79d0fb65d94371a1468-full.webp","https://www.trulia.com/pictures/thumbs_4/zillowstatic/fp/252ae83ecf14bb72817bad53c803b31c-full.webp","Use arrow keys to navigate","","","$628,888","4","3","Baths","2,365","12021 Tiresias Way, Rancho Cordova, CA 95742",""
"https://www.trulia.com/home/11923-mircado-way-rancho-cordova-ca-95742-300344262","https://www.trulia.com/pictures/thumbs_4/zillowstatic/fp/6d80a946b5675884f04e2ac881934143-full.webp","https://www.trulia.com/pictures/thumbs_4/zillowstatic/fp/c49ffedf322b60e926de0d39391ccbc0-full.webp","https://www.trulia.com/pictures/thumbs_4/zillowstatic/fp/1141b5dc9810fbcbec82890255d2ec98-full.webp","Use arrow keys to navigate","","","$632,000","4","3","Baths","2,174","11923 Mircado Way, Rancho Cordova, CA 95742",""
"https://www.trulia.com/home/427-royal-crest-cir-rancho-cordova-ca-95670-59388891","https://www.trulia.com/pictures/thumbs_4/zillowstatic/fp/a0251fb6d487bd7ca1a63d78f1b418fb-full.webp","https://www.trulia.com/pictures/thumbs_4/zillowstatic/fp/8b0480041d7dbfe22f40c57198c7856a-full.webp","https://www.trulia.com/pictures/thumbs_4/zillowstatic/fp/ed714872eb1ccb36fb9ca99fb0a6e9f6-full.webp","Use arrow keys to navigate","","","$115,000","2","2","Baths","1,248","427 Royal Crest Cir, Rancho Cordova, CA 95670",""
"https://www.trulia.com/home/12667-barksdale-way-rancho-cordova-ca-95742-96012578","https://www.trulia.com/pictures/thumbs_4/zillowstatic/fp/9d356de5b695891b853b8a3fb44e0637-full.webp","https://www.trulia.com/pictures/thumbs_4/zillowstatic/fp/5fe962ec1ce87ed939ff5db0a78eb7d6-full.webp","https://www.trulia.com/pictures/thumbs_4/zillowstatic/fp/4a8142bcae05ce5636b9ce65810bcee5-full.webp","Use arrow keys to navigate","","","$625,000","4","2","Baths","2,159","12667 Barksdale Way, Rancho Cordova, CA 95742",""
"https://www.trulia.com/home/4018-jalen-ct-rancho-cordova-ca-95742-300347993","https://www.trulia.com/pictures/thumbs_4/zillowstatic/fp/7f7409c7b5fb4f7e5f9f1a7f2574c7cc-full.webp","https://www.trulia.com/pictures/thumbs_4/zillowstatic/fp/cba726ae4cf14f0d903bd4e263b402bf-full.webp","https://www.trulia.com/pictures/thumbs_4/zillowstatic/fp/94fd867d6bcdbe0275cd8621a5bd82b8-full.webp","Use arrow keys to navigate","0.26 ACRES","","$799,000","3","3","Baths","2,427","4018 Jalen Ct, Rancho Cordova, CA 95742",""
"https://www.trulia.com/home/4356-arctic-tern-cir-rancho-cordova-ca-95742-339039931","https://www.trulia.com/pictures/thumbs_4/zillowstatic/fp/9b77d700917a3db6800dec4d273b842b-full.webp","https://www.trulia.com/pictures/thumbs_4/zillowstatic/fp/990bf477f14a8fd6c349bb098c0cdabf-full.webp","https://www.trulia.com/pictures/thumbs_4/zillowstatic/fp/5820fc966f622a82654c8d4b4f47b242-full.webp","Use arrow keys to navigate","","","$630,000","4","3","Baths","2,185","4356 Arctic Tern Cir, Rancho Cordova, CA 95742",""
"https://www.trulia.com/home/1911-discovery-village-ln-gold-river-ca-95670-25872176","https://www.trulia.com/pictures/thumbs_4/zillowstatic/fp/850c9edd70073c11ce310588712e5c6b-full.webp","https://www.trulia.com/pictures/thumbs_4/zillowstatic/fp/2564b342c738fb3a9c7ac0d496eb98f7-full.webp","https://www.trulia.com/pictures/thumbs_4/zillowstatic/fp/38545a48921d33ff33fef7c91069bc98-full.webp","Use arrow keys to navigate","OPEN SAT, 11-3PM","","$549,900","2","2","Baths","1,606","1911 Discovery Village Ln, Gold River, CA 95670",""
"https://www.trulia.com/home/2616-tierra-grande-cir-sacramento-ca-95827-25892737","https://www.trulia.com/pictures/thumbs_4/zillowstatic/fp/023365ab7590a2d0b9bb05d7fb041f78-full.webp","https://www.trulia.com/pictures/thumbs_4/zillowstatic/fp/f24d744bf02221b63938e7887e58a9fc-full.webp","https://www.trulia.com/pictures/thumbs_4/zillowstatic/fp/3fd2c7d51332029de1f5a95ed5bbe2a3-full.webp","Use arrow keys to navigate","","","$499,900","3","2","Baths","1,372","2616 Tierra Grande Cir, Sacramento, CA 95827",""
"https://www.trulia.com/home/313-sunny-hills-dr-rancho-cordova-ca-95670-59388777","https://www.trulia.com/pictures/thumbs_4/zillowstatic/fp/f5b2604a5102eb5e3f2160c687780a76-full.webp","https://www.trulia.com/pictures/thumbs_4/zillowstatic/fp/0a7930923ce08ec2ecb9f36b2e220496-full.webp","https://www.trulia.com/pictures/thumbs_4/zillowstatic/fp/37100353a0f4a5c1ae893d32cf842bea-full.webp","Use arrow keys to navigate","","","$95,000","2","2","Baths","1,120","313 Sunny Hills Dr, Rancho Cordova, CA 95670",""
"https://www.trulia.com/home/3225-saturn-dr-sacramento-ca-95827-25869551","https://www.trulia.com/pictures/thumbs_4/zillowstatic/fp/cf916af69ed3885f842c5cc63f213213-full.webp","https://www.trulia.com/pictures/thumbs_4/zillowstatic/fp/12d972dad0c28559d2fd70a3a8d1a4e7-full.webp","https://www.trulia.com/pictures/thumbs_4/zillowstatic/fp/caaca2122fe65e28125aca3bcc6bb6f5-full.webp","Use arrow keys to navigate","","","$450,000","3","2","Baths","1,417","3225 Saturn Dr, Sacramento, CA 95827",""
"https://www.trulia.com/home/11744-mani-cir-rancho-cordova-ca-95742-66117673","https://www.trulia.com/pictures/thumbs_4/zillowstatic/fp/d1f0c641961c16d3e8b53b21cb44faf0-full.webp","https://www.trulia.com/pictures/thumbs_4/zillowstatic/fp/7db14e8d649940ea0382241749f690fd-full.webp","https://www.trulia.com/pictures/thumbs_4/zillowstatic/fp/ba25cedbcc7d1e04560ed9e347828e5d-full.webp","Use arrow keys to navigate","","","$625,000","4","2","Baths","2,213","11744 Mani Cir, Rancho Cordova, CA 95742",""
"https://www.trulia.com/home/2046-texas-bar-ct-gold-river-ca-95670-25871822","https://www.trulia.com/pictures/thumbs_4/zillowstatic/fp/e3e529fd92d0c684c64bf153d8cb89b3-full.webp","https://www.trulia.com/pictures/thumbs_4/zillowstatic/fp/06752b4f46f6a17b2a12b2dd20adecb9-full.webp","https://www.trulia.com/pictures/thumbs_4/zillowstatic/fp/d518717084c5fa1e0f88cf76fb1f8235-full.webp","Use arrow keys to navigate","","","$820,000","3","2","Baths","2,627","2046 Texas Bar Ct, Gold River, CA 95670",""
"https://www.trulia.com/home/4447-doric-way-rancho-cordova-ca-95742-444441192","https://www.trulia.com/pictures/thumbs_4/zillowstatic/fp/23c19aa50644da7e18110f2b8d93e7c6-full.webp","https://www.trulia.com/pictures/thumbs_4/zillowstatic/fp/3fec851d8513321287d5e97caef977f8-full.webp","https://www.trulia.com/pictures/thumbs_4/zillowstatic/fp/c3133eb377c12885aec8ee37991691c9-full.webp","Use arrow keys to navigate","NEW CONSTRUCTION","QUICK MOVE-IN","$563,175","2","2.5","Baths","1,758","4447 Doric Way, Rancho Cordova, CA 95742",""
"https://www.trulia.com/home/1448-klamath-river-dr-rancho-cordova-ca-95670-25858410","https://www.trulia.com/pictures/thumbs_4/zillowstatic/fp/1d8aa85563043ac870e892f6ea537a6f-full.webp","https://www.trulia.com/pictures/thumbs_4/zillowstatic/fp/d4d38ea608fc817110ad15dbdc4c88fa-full.webp","https://www.trulia.com/pictures/thumbs_4/zillowstatic/fp/59c7a2040e42a10a54df9e64ec591f98-full.webp","Use arrow keys to navigate","","","$520,000","4","2","Baths","1,616","1448 Klamath River Dr, Rancho Cordova, CA 95670",""
"https://www.trulia.com/builder-community-plan/park-haven-at-cresleigh-ranch-residence-1-458735896","https://www.trulia.com/pictures/thumbs_4/zillowstatic/fp/848f5328301550710cf8702035e4e26c-full.webp","https://www.trulia.com/pictures/thumbs_4/zillowstatic/fp/5253b5c3c118798487fd146bbd4d26eb-full.webp","https://www.trulia.com/pictures/thumbs_4/zillowstatic/fp/21ed3d8ac6483d966f633629ffafcaae-full.webp","Use arrow keys to navigate","","NEW CONSTRUCTION","$510,000+","3","2","Baths","1,342","Residence 1 Plan in Park Haven at Cresleigh Ranch, Rancho Cordova, CA 95742","BUILDABLE PLAN"
"https://www.trulia.com/home/12233-habitat-way-rancho-cordova-ca-95742-96021101","https://www.trulia.com/pictures/thumbs_4/zillowstatic/fp/0ef1b29d617310b4f4a21fb2925788e5-full.webp","https://www.trulia.com/pictures/thumbs_4/zillowstatic/fp/005ed6f4ecfab5e0d85def13e6bd89fd-full.webp","https://www.trulia.com/pictures/thumbs_4/zillowstatic/fp/1b28f56baed78b5ef8d0c2806d3e6dee-full.webp","Use arrow keys to navigate","","","$550,000","4","2","Baths","1,801","12233 Habitat Way, Rancho Cordova, CA 95742",""
"https://www.trulia.com/builder-community-plan/seasons-at-cypress-pearl-455364165","https://www.trulia.com/pictures/thumbs_4/zillowstatic/fp/9e5788fd13b43e07d3127dfe5f46bc03-full.webp","https://www.trulia.com/pictures/thumbs_4/zillowstatic/fp/95dd97f4ef0c7d643093d8004675ae61-full.webp","https://www.trulia.com/pictures/thumbs_4/zillowstatic/fp/530f694162af2b601cd4d0241b71119f-full.webp","Use arrow keys to navigate","","NEW CONSTRUCTION","$629,638+","5","3","Baths","2,360","Pearl Plan in Seasons at Cypress, Rancho Cordova, CA 95742","BUILDABLE PLAN"
"https://www.trulia.com/builder-community-plan/silverbrook-at-the-ranch-madalena-442742395","https://www.trulia.com/pictures/thumbs_4/zillowstatic/fp/4b9600d03622d3b01b7211011c0e519e-full.webp","https://www.trulia.com/pictures/thumbs_4/zillowstatic/fp/0cc53ce263e938af04e898fd6fb59897-full.webp","https://www.trulia.com/pictures/thumbs_4/zillowstatic/fp/3610099286e0d2e40cebaaaee8c3876e-full.webp","Use arrow keys to navigate","","NEW CONSTRUCTION","$532,000+","3","2.5","Baths","2,084","Madalena Plan in Silverbrook at The Ranch, Rancho Cordova, CA 95742","BUILDABLE PLAN"
"https://www.trulia.com/home/12219-alamosa-dr-rancho-cordova-ca-95742-439297838","https://www.trulia.com/pictures/thumbs_4/zillowstatic/fp/1b8860c3ba040a840ff66edc4578cdb6-full.webp","https://www.trulia.com/pictures/thumbs_4/zillowstatic/fp/ceb1736f437c600184b9974eeb4851b2-full.webp","https://www.trulia.com/pictures/thumbs_4/zillowstatic/fp/f372a5a25366b6b4fe2cf40d2b14b6c7-full.webp","Use arrow keys to navigate","","","$515,990","3","3","Baths","1,906","12219 Alamosa Dr, Rancho Cordova, CA 95742",""
"https://www.trulia.com/home/12219-alamosa-way-rancho-cordova-ca-95742-460566830","https://maps.googleapis.com/maps/api/streetview?size=640x480&location=12219%20Alamosa%20Way%2C%20Rancho%20Cordova%2C%20CA%2095742&key=AIzaSyCzWKDOMLGYlR3C9dltAR7sbLvcQEWNcvc&signature=XI7SggucsmUweufGnLo3X4zDNSk%3D","","","","","","$515,990","3","2.5","Baths","1,906","12219 Alamosa Way, Rancho Cordova, CA 95742",""
"https://www.trulia.com/home/12429-columba-way-rancho-cordova-ca-95742-444443538","https://www.trulia.com/pictures/thumbs_4/zillowstatic/fp/2bbc579cb56c6bcc7991a0a6628b8edd-full.webp","https://www.trulia.com/pictures/thumbs_4/zillowstatic/fp/2bf003020099c7eb585a2253438e77b7-full.webp","","Use arrow keys to navigate","","","$462,154","2","2","Baths","1,307","12429 Columba Way, Rancho Cordova, CA 95742",""
"https://www.trulia.com/home/12443-columba-way-rancho-cordova-ca-95742-444443324","https://www.trulia.com/pictures/thumbs_4/zillowstatic/fp/14327f2dac408284e30ac15585efe659-full.webp","https://www.trulia.com/pictures/thumbs_4/zillowstatic/fp/5b9f997c0e47a1533c1ca37f936e85bd-full.webp","https://www.trulia.com/pictures/thumbs_4/zillowstatic/fp/1a928ef14de6dc26eb37c0b490ac282e-full.webp","Use arrow keys to navigate","","NEW CONSTRUCTION","$461,080","2","2","Baths","1,442","12443 Columba Way, Rancho Cordova, CA 95742","QUICK MOVE-IN"
"https://www.trulia.com/home/4330-hooded-crow-way-rancho-cordova-ca-95742-460566828","https://www.trulia.com/pictures/thumbs_4/zillowstatic/fp/62d58035dd43bbe29ab361985c308d71-full.webp","https://www.trulia.com/pictures/thumbs_4/zillowstatic/fp/bf263208d62bbbb8c7602221da43af50-full.webp","https://www.trulia.com/pictures/thumbs_4/zillowstatic/fp/fbc680f2cad72f9bdba3859722035c34-full.webp","Use arrow keys to navigate","","NEW CONSTRUCTION","$628,990","2","2","Baths","2,264","4330 Hooded Crow Way, Rancho Cordova, CA 95742","QUICK MOVE-IN"
"https://www.trulia.com/home/4322-hooded-crow-way-rancho-cordova-ca-95742-460566831","https://www.trulia.com/pictures/thumbs_4/zillowstatic/fp/67099153a82ee30ff450053b9104998e-full.webp","https://www.trulia.com/pictures/thumbs_4/zillowstatic/fp/75ab72fff30e39f7b761b4c477cd3976-full.webp","https://www.trulia.com/pictures/thumbs_4/zillowstatic/fp/7d45094de3ea67d65deca16e48c81859-full.webp","Use arrow keys to navigate","","NEW CONSTRUCTION","$630,990","2","2","Baths","2,264","4322 Hooded Crow Way, Rancho Cordova, CA 95742","QUICK MOVE-IN"
"https://www.trulia.com/home/4341-moro-canyon-st-rancho-cordova-ca-95742-339039908","https://www.trulia.com/pictures/thumbs_4/zillowstatic/fp/aadffe8ca1e47598154e66aa1cb36267-full.webp","https://www.trulia.com/pictures/thumbs_4/zillowstatic/fp/a7a5808e7bb229b83d397666810261fa-full.webp","https://www.trulia.com/pictures/thumbs_4/zillowstatic/fp/8076b3d2e4dcbd900e83b114540abf03-full.webp","Use arrow keys to navigate","","NEW CONSTRUCTION","$675,408","4","3.5","Baths","2,334","4341 Moro Canyon St, Rancho Cordova, CA 95742","QUICK MOVE-IN"
"https://www.trulia.com/home/12759-ironbow-way-rancho-cordova-ca-95742-460230558","https://www.trulia.com/pictures/thumbs_4/zillowstatic/fp/ce7f8cd14553cd8fd588a2b48c0908c5-full.webp","https://www.trulia.com/pictures/thumbs_4/zillowstatic/fp/0615335c1ae2bf49b0932182d10db72f-full.webp","https://www.trulia.com/pictures/thumbs_4/zillowstatic/fp/aa7c0b953f947ec4f644365edde67b39-full.webp","Use arrow keys to navigate","","NEW CONSTRUCTION","$661,990","4","3","Baths","2,386","12759 Ironbow Way, Rancho Cordova, CA 95742","QUICK MOVE-IN"
"https://www.trulia.com/builder-community-plan/k-hovnanian-s-four-seasons-at-the-ranch-bernstein-452290120","https://www.trulia.com/pictures/thumbs_4/zillowstatic/fp/0442eae1fa6169e21075f73c25fd4b51-full.webp","https://www.trulia.com/pictures/thumbs_4/zillowstatic/fp/900410729ee9d057c417cee056af0187-full.webp","https://www.trulia.com/pictures/thumbs_4/zillowstatic/fp/947e19f09c6ec903fa5d49a3c0ce660b-full.webp","Use arrow keys to navigate","","NEW CONSTRUCTION","$521,910+","2","2","Baths","1,670","Bernstein Plan in K. Hovnanian's® Four Seasons at The Ranch, Rancho Cordova, CA 95742","BUILDABLE PLAN"
"https://www.trulia.com/builder-community-plan/reserve-at-the-ranch-mykonos-443232151","https://www.trulia.com/pictures/thumbs_4/zillowstatic/fp/6dcbe96b53de4de41549d7395aeca4c2-full.webp","https://www.trulia.com/pictures/thumbs_4/zillowstatic/fp/e6f06a0db5136a16d0e117f2075ec312-full.webp","https://www.trulia.com/pictures/thumbs_4/zillowstatic/fp/6eaa6a5824967ec417f34b47af28f890-full.webp","Use arrow keys to navigate","","NEW CONSTRUCTION","$768,850+","4","3.5","Baths","3,383","Mykonos Plan in Reserve at The Ranch, Rancho Cordova, CA 95742","BUILDABLE PLAN"
"https://www.trulia.com/home/3481-barley-way-rancho-cordova-ca-95670-444440592","https://www.trulia.com/pictures/thumbs_4/zillowstatic/fp/037da448205a2247dc6502665b8b7627-full.webp","https://www.trulia.com/pictures/thumbs_4/zillowstatic/fp/9442574287e38fa652a006de17881f2d-full.webp","https://www.trulia.com/pictures/thumbs_4/zillowstatic/fp/9e63885fa0bcf9beb08cfd6fe259db99-full.webp","Use arrow keys to navigate","","NEW CONSTRUCTION","$495,950","3","2.5","Baths","1,684","3481 Barley Way, Rancho Cordova, CA 95670","QUICK MOVE-IN"
"https://www.trulia.com/home/3484-russet-way-rancho-cordova-ca-95670-444441609","https://www.trulia.com/pictures/thumbs_4/zillowstatic/fp/b5944e68ca1a034f7ffb400e884ebb6b-full.webp","https://www.trulia.com/pictures/thumbs_4/zillowstatic/fp/d0cb8336615d38dffc072167e5237a36-full.webp","https://www.trulia.com/pictures/thumbs_4/zillowstatic/fp/f71a833c1f10497f3b60e20744c01ec8-full.webp","Use arrow keys to navigate","","NEW CONSTRUCTION","$479,950","3","2.5","Baths","1,542","3484 Russet Way, Rancho Cordova, CA 95670","QUICK MOVE-IN"
"https://www.trulia.com/home/3485-barley-way-rancho-cordova-ca-95670-444442046","https://www.trulia.com/pictures/thumbs_4/zillowstatic/fp/ca4f916cd4558abff3084e2c32d7ab8a-full.webp","https://www.trulia.com/pictures/thumbs_4/zillowstatic/fp/7343721dba20f19b1033a72277dd11e4-full.webp","https://www.trulia.com/pictures/thumbs_4/zillowstatic/fp/36c5b666efee8eb5abcdc0e87404dbb6-full.webp","Use arrow keys to navigate","","NEW CONSTRUCTION","$469,950","3","2.5","Baths","1,452","3485 Barley Way, Rancho Cordova, CA 95670","QUICK MOVE-IN"
"https://www.trulia.com/home/10816-windrow-way-rancho-cordova-ca-95670-444442263","https://www.trulia.com/pictures/thumbs_4/zillowstatic/fp/43104f14721dc1e83bb8be56e68f7b9b-full.webp","https://www.trulia.com/pictures/thumbs_4/zillowstatic/fp/e7f6f7718a21f0585ae88044105e4742-full.webp","https://www.trulia.com/pictures/thumbs_4/zillowstatic/fp/36c5b666efee8eb5abcdc0e87404dbb6-full.webp","Use arrow keys to navigate","","NEW CONSTRUCTION","$469,950","3","2.5","Baths","1,452","10816 Windrow Way, Rancho Cordova, CA 95670","QUICK MOVE-IN"
"https://www.trulia.com/home/3492-russet-way-rancho-cordova-ca-95670-444442265","https://www.trulia.com/pictures/thumbs_4/zillowstatic/fp/97daaacf10692525fb98f5f8c7641347-full.webp","https://www.trulia.com/pictures/thumbs_4/zillowstatic/fp/f36b4f6dd7ee2c64ac5198e54153df9d-full.webp","https://www.trulia.com/pictures/thumbs_4/zillowstatic/fp/9e63885fa0bcf9beb08cfd6fe259db99-full.webp","Use arrow keys to navigate","","NEW CONSTRUCTION","$495,950","3","2.5","Baths","1,684","3492 Russet Way, Rancho Cordova, CA 95670","QUICK MOVE-IN"
"https://www.trulia.com/home/3480-russet-way-rancho-cordova-ca-95670-444443362","https://www.trulia.com/pictures/thumbs_4/zillowstatic/fp/a50d7a832de1c5427ea7f7aa9400376a-full.webp","https://www.trulia.com/pictures/thumbs_4/zillowstatic/fp/67faedc3eeaf89e694e5ebaedf45414c-full.webp","https://www.trulia.com/pictures/thumbs_4/zillowstatic/fp/a8f02752d552149732d48be46b7819eb-full.webp","Use arrow keys to navigate","","NEW CONSTRUCTION","$516,950","4","3","Baths","1,923","3480 Russet Way, Rancho Cordova, CA 95670","QUICK MOVE-IN"
"https://www.trulia.com/home/3488-russet-way-rancho-cordova-ca-95670-444443363","https://www.trulia.com/pictures/thumbs_4/zillowstatic/fp/85815056635cca9c675202454e0ca989-full.webp","https://www.trulia.com/pictures/thumbs_4/zillowstatic/fp/0852b249371a53bffab0d32e56c8d2f0-full.webp","https://www.trulia.com/pictures/thumbs_4/zillowstatic/fp/36c5b666efee8eb5abcdc0e87404dbb6-full.webp","Use arrow keys to navigate","","NEW CONSTRUCTION","$469,950","3","2.5","Baths","1,452","3488 Russet Way, Rancho Cordova, CA 95670","QUICK MOVE-IN"
"https://www.trulia.com/builder-community-plan/canyon-at-the-ranch-santa-rosa-ii-460545749","https://www.trulia.com/pictures/thumbs_4/zillowstatic/fp/6c565c1009b28f5181235269e3322419-full.webp","https://www.trulia.com/pictures/thumbs_4/zillowstatic/fp/3e555b029b189e529ca3a787be1919bc-full.webp","https://www.trulia.com/pictures/thumbs_4/zillowstatic/fp/cea830b8595c1fbd28b875707d8ade0c-full.webp","Use arrow keys to navigate","","NEW CONSTRUCTION","$634,811+","3","2.5","Baths","2,095","Santa Rosa II Plan in Canyon at The Ranch, Rancho Cordova, CA 95742","BUILDABLE PLAN"
"https://www.trulia.com/builder-community-plan/westcott-station-plan-1755-modeled-447461744","https://www.trulia.com/pictures/thumbs_4/zillowstatic/fp/5ea820b2467f28266c40f1da8284049f-full.webp","https://www.trulia.com/pictures/thumbs_4/zillowstatic/fp/2fa98f5ef293bcde282df4f34da36455-full.webp","https://www.trulia.com/pictures/thumbs_4/zillowstatic/fp/d110f51ae4a148aa6e9366e3be94bcda-full.webp","Use arrow keys to navigate","","NEW CONSTRUCTION","$481,990+","3","2.5","Baths","1,755","Plan 1755 Modeled in Westcott Station, Sacramento, CA 95827","BUILDABLE PLAN"
"https://www.trulia.com/home/2955-portsmouth-dr-rancho-cordova-ca-95670-25895054","https://www.trulia.com/pictures/thumbs_4/zillowstatic/fp/ff3f520c57503821ac2a62634c7bfc2b-full.webp","https://www.trulia.com/pictures/thumbs_4/zillowstatic/fp/6490a598f9c81153b9c10c9824ec6c81-full.webp","https://www.trulia.com/pictures/thumbs_4/zillowstatic/fp/4454b0a89ed3bf54562659f62ac88829-full.webp","Use arrow keys to navigate","","","$897,000","8","4","Baths","3,572","2955 Portsmouth Dr, Rancho Cordova, CA 95670",""
"https://www.trulia.com/home/12129-gold-bluff-ln-gold-river-ca-95670-25872866","https://www.trulia.com/pictures/thumbs_4/zillowstatic/fp/a95631e55dcc0163a6ad82a45ac75c1e-full.webp","https://www.trulia.com/pictures/thumbs_4/zillowstatic/fp/dbb48472a8e39e1b318b80a32421c04b-full.webp","https://www.trulia.com/pictures/thumbs_4/zillowstatic/fp/d76e6cc6c39df0d720212ae3232bf5ad-full.webp","Use arrow keys to navigate","","","$549,000","3","2","Baths","1,651","12129 Gold Bluff Ln, Gold River, CA 95670",""
"https://www.trulia.com/builder-community-plan/k-hovnanian-s-four-seasons-at-the-ranch-poitier-esp-449030712","https://www.trulia.com/pictures/thumbs_4/zillowstatic/fp/75aaf56164bd19e42cb8b0822f6bafdd-full.webp","https://www.trulia.com/pictures/thumbs_4/zillowstatic/fp/b4e7403687fdba73cccdb3c3183a6a02-full.webp","https://www.trulia.com/pictures/thumbs_4/zillowstatic/fp/efbcfbd7f66127f9be68c05bb51cea8f-full.webp","Use arrow keys to navigate","","NEW CONSTRUCTION","$541,990+","3","3","Baths","2,076","Poitier ESP Plan in K. Hovnanian's® Four Seasons at The Ranch, Rancho Cordova, CA 95742","BUILDABLE PLAN"
"https://www.trulia.com/home/12088-prades-way-rancho-cordova-ca-95742-337975877","https://www.trulia.com/pictures/thumbs_4/zillowstatic/fp/61a00f4bce1060eed8c68fc76bdd87ba-full.webp","https://www.trulia.com/pictures/thumbs_4/zillowstatic/fp/fdd0d17c86c0d864de786b122b9ddc1e-full.webp","https://www.trulia.com/pictures/thumbs_4/zillowstatic/fp/65df3c171c8eb8d08cadecd995c2a80c-full.webp","Use arrow keys to navigate","","NEW CONSTRUCTION","$602,266","4","3","Baths","2,181","12088 Prades Way, Rancho Cordova, CA 95742","QUICK MOVE-IN"
"https://www.trulia.com/home/12077-prades-way-rancho-cordova-ca-95742-337975873","https://www.trulia.com/pictures/thumbs_4/zillowstatic/fp/4c2d2504d94feca3f0797c5dd2e2bf53-full.webp","","","Use arrow keys to navigate","","NEW CONSTRUCTION","$512,667","3","2.5","Baths","1,752","12077 Prades Way, Rancho Cordova, CA 95742","QUICK MOVE-IN"
"https://www.trulia.com/home/12716-la-granada-way-rancho-cordova-ca-95742-300345690","https://www.trulia.com/pictures/thumbs_4/zillowstatic/fp/cb24f1517d29a079c1dae32c30a2a208-full.webp","https://www.trulia.com/pictures/thumbs_4/zillowstatic/fp/2be751aedd6c485d38a0da7ccd32a88f-full.webp","https://www.trulia.com/pictures/thumbs_4/zillowstatic/fp/906d0a1e1ee6d25023500377e893cc21-full.webp","Use arrow keys to navigate","","","$777,000","4","3","Baths","2,285","12716 La Granada Way, Rancho Cordova, CA 95742",""
"https://www.trulia.com/home/4376-anatolia-dr-rancho-cordova-ca-95742-67823442","https://www.trulia.com/pictures/thumbs_4/zillowstatic/fp/67f1fc3f3d401922eb3fa446580e560e-full.webp","https://www.trulia.com/pictures/thumbs_4/zillowstatic/fp/7afa4de3d1b12d87b86a33257452ce23-full.webp","https://www.trulia.com/pictures/thumbs_4/zillowstatic/fp/c0f95ed717fee987b8c0b5ea73943c36-full.webp","Use arrow keys to navigate","","","$479,900","3","2","Baths","1,345","4376 Anatolia Dr, Rancho Cordova, CA 95742",""
"https://www.trulia.com/home/3205-saturn-dr-sacramento-ca-95827-25869557","https://www.trulia.com/pictures/thumbs_4/zillowstatic/fp/f3a58a395fc1b963351cfc468f7e9c5b-full.webp","https://www.trulia.com/pictures/thumbs_4/zillowstatic/fp/1e6f79302e213d08b12ca1e2878e0b27-full.webp","https://www.trulia.com/pictures/thumbs_4/zillowstatic/fp/8413d7b2d5e5c896c82c5edde28d021f-full.webp","Use arrow keys to navigate","","","$450,000","5","3","Baths","2,082","3205 Saturn Dr, Sacramento, CA 95827",""
"https://www.trulia.com/home/4334-tahoe-sedge-st-rancho-cordova-ca-95742-339036271","https://www.trulia.com/pictures/thumbs_4/zillowstatic/fp/8855719545f4ff5b5dd45171fa86d694-full.webp","https://www.trulia.com/pictures/thumbs_4/zillowstatic/fp/3f1211afb294d59eec5d05fcef17d265-full.webp","https://www.trulia.com/pictures/thumbs_4/zillowstatic/fp/8712d336d0b52ddb940b65586e0d537d-full.webp","Use arrow keys to navigate","","NEW CONSTRUCTION","$664,990","4","3","Baths","2,278","4334 Tahoe Sedge St, Rancho Cordova, CA 95742","QUICK MOVE-IN"
"https://www.trulia.com/home/3955-aura-way-rancho-cordova-ca-95742-456104957","https://www.trulia.com/pictures/thumbs_4/zillowstatic/fp/ba250401a890430daaf867b521319726-full.webp","https://www.trulia.com/pictures/thumbs_4/zillowstatic/fp/9afe97a57772449c1c40bb8c332fff0c-full.webp","https://www.trulia.com/pictures/thumbs_4/zillowstatic/fp/9f84ed674a62292f6f0a44fe636f6bad-full.webp","Use arrow keys to navigate","","NEW CONSTRUCTION","$585,255","3","3","Baths","1,831","3955 Aura Way, Rancho Cordova, CA 95742",""
"https://www.trulia.com/home/12071-hetch-hechy-dr-rancho-cordova-ca-95742-459766424","https://www.trulia.com/pictures/thumbs_4/zillowstatic/fp/9cea84b686e6d5fbada32734146ef038-full.webp","https://www.trulia.com/pictures/thumbs_4/zillowstatic/fp/ea6370f4fb9283816dbbc4f737f6c515-full.webp","https://www.trulia.com/pictures/thumbs_4/zillowstatic/fp/e4a9aeccaa9cf5547d1ab3b2a34d919b-full.webp","Use arrow keys to navigate","","NEW CONSTRUCTION","$639,455","4","3","Baths","2,547","12071 Hetch Hechy Dr, Rancho Cordova, CA 95742",""
"https://www.trulia.com/home/3951-aura-way-rancho-cordova-ca-95742-456104956","https://www.trulia.com/pictures/thumbs_4/zillowstatic/fp/277262d8530cb81e8512aab63555cafb-full.webp","https://www.trulia.com/pictures/thumbs_4/zillowstatic/fp/7e7fd6cef9f9abc1703b2441f25824a3-full.webp","https://www.trulia.com/pictures/thumbs_4/zillowstatic/fp/13e9cbcc0dc2c33f060d517943c72d85-full.webp","Use arrow keys to navigate","","NEW CONSTRUCTION","$602,470","3","2","Baths","2,206","3951 Aura Way, Rancho Cordova, CA 95742",""
"https://www.trulia.com/builder-community-plan/k-hovnanian-s-four-seasons-at-the-ranch-franklin-449030708","https://www.trulia.com/pictures/thumbs_4/zillowstatic/fp/62badbd9727e97668ba671659b475405-full.webp","https://www.trulia.com/pictures/thumbs_4/zillowstatic/fp/ee75dd0471a4fedcc41a79814d95cfc3-full.webp","https://www.trulia.com/pictures/thumbs_4/zillowstatic/fp/382afb2296ef19e315f6417aaf3c644a-full.webp","Use arrow keys to navigate","","NEW CONSTRUCTION","$741,535+","3","3.5","Baths","2,916","Franklin Plan in K. Hovnanian's® Four Seasons at The Ranch, Rancho Cordova, CA 95742","BUILDABLE PLAN"
"https://www.trulia.com/builder-community-plan/arista-cypress-448306660","https://www.trulia.com/pictures/thumbs_4/zillowstatic/fp/7ebb0c17ec70eb5512066ae23bea29c9-full.webp","https://www.trulia.com/pictures/thumbs_4/zillowstatic/fp/9d3d7ad596216f49d57601480ec53b87-full.webp","https://www.trulia.com/pictures/thumbs_4/zillowstatic/fp/9248cf6cdde39f9b0e672de037704841-full.webp","Use arrow keys to navigate","","NEW CONSTRUCTION","$616,990+","3","2","Baths","2,278","Cypress Plan in Arista, Rancho Cordova, CA 95742","BUILDABLE PLAN"
"https://www.trulia.com/home/12255-greenfinch-way-rancho-cordova-ca-95742-444442437","https://www.trulia.com/pictures/thumbs_4/zillowstatic/fp/dc2e812c0e218e3ac9bbb7c29ed11913-full.webp","https://www.trulia.com/pictures/thumbs_4/zillowstatic/fp/a5c5ee68974562075d64aea10ae028f2-full.webp","https://www.trulia.com/pictures/thumbs_4/zillowstatic/fp/96486c0a2d5b06bb3ddba62d4931f343-full.webp","Use arrow keys to navigate","","NEW CONSTRUCTION","$561,150","4","2.5","Baths","2,150","12255 Greenfinch Way, Rancho Cordova, CA 95742","QUICK MOVE-IN"
"https://www.trulia.com/home/3790-rockdale-dr-rancho-cordova-ca-95742-96043552","https://www.trulia.com/pictures/thumbs_4/zillowstatic/fp/cd24a318303624f70da2e537e4c17786-full.webp","https://www.trulia.com/pictures/thumbs_4/zillowstatic/fp/85a6d79fa2ec849b760aead38f174df0-full.webp","https://www.trulia.com/pictures/thumbs_4/zillowstatic/fp/4efd423f4d301f5716cd7b3d5216ce9b-full.webp","Use arrow keys to navigate","","","$660,000","4","3","Baths","2,631","3790 Rockdale Dr, Rancho Cordova, CA 95742",""
"https://www.trulia.com/builder-community-plan/k-hovnanian-s-four-seasons-at-the-ranch-falcon-452290117","https://www.trulia.com/pictures/thumbs_4/zillowstatic/fp/9d6ae6de4f4d6cf6dda66a9b7d0bc98f-full.webp","https://www.trulia.com/pictures/thumbs_4/zillowstatic/fp/9388afaa4deed3f3ec4cdfbdc560edc0-full.webp","https://www.trulia.com/pictures/thumbs_4/zillowstatic/fp/5d17e868cdb24504a44253be88eb38ae-full.webp","Use arrow keys to navigate","","NEW CONSTRUCTION","$414,990+","2","2","Baths","1,442","Falcon Plan in K. Hovnanian's® Four Seasons at The Ranch, Rancho Cordova, CA 95742","BUILDABLE PLAN"
"https://www.trulia.com/builder-community-plan/cyan-at-the-preserve-residence-2018-452170939","https://www.trulia.com/pictures/thumbs_4/zillowstatic/fp/a0eb5848614514ade96490127409c087-full.webp","https://www.trulia.com/pictures/thumbs_4/zillowstatic/fp/223d3fd5d413cfb34f59c28b82eaa78d-full.webp","https://www.trulia.com/pictures/thumbs_4/zillowstatic/fp/69d61af183836fb5367865b3d71a2194-full.webp","Use arrow keys to navigate","","NEW CONSTRUCTION","$638,990+","4","3","Baths","2,018","RESIDENCE 2018 Plan in The Preserve : Cyan, Rancho Cordova, CA 95742","BUILDABLE PLAN"
"https://www.trulia.com/builder-community-plan/veranda-at-stone-creek-village-plan-1684-457366659","https://www.trulia.com/pictures/thumbs_4/zillowstatic/fp/c4f57ef8ce560884437801a881547b1e-full.webp","https://www.trulia.com/pictures/thumbs_4/zillowstatic/fp/10e92cbf8150b3d32ab1758c42da51ca-full.webp","https://www.trulia.com/pictures/thumbs_4/zillowstatic/fp/9e63885fa0bcf9beb08cfd6fe259db99-full.webp","Use arrow keys to navigate","","NEW CONSTRUCTION","$495,950+","3","2.5","Baths","1,684","Plan 1684 in Veranda at Stone Creek Village, Rancho Cordova, CA 95670","BUILDABLE PLAN"
"https://www.trulia.com/home/2446-el-lujo-way-rancho-cordova-ca-95670-25894096","https://www.trulia.com/pictures/thumbs_4/zillowstatic/fp/3ffd0bda9d8acb8027b7e79cc32165d2-full.webp","https://www.trulia.com/pictures/thumbs_4/zillowstatic/fp/2442efe653f6b1c5f15d117c0c7be7a3-full.webp","https://www.trulia.com/pictures/thumbs_4/zillowstatic/fp/5db6290951fa3870fc324e83c2f8e5e4-full.webp","Use arrow keys to navigate","","AUCTION","Price Unknown","3","2","Baths","1,248","2446 El Lujo Way, Rancho Cordova, CA 95670",""
"https://www.trulia.com/home/2210-railway-cir-gold-river-ca-95670-25872629","https://www.trulia.com/pictures/thumbs_4/zillowstatic/fp/12d41be76a655f39276908ccd7bc4c16-full.webp","https://www.trulia.com/pictures/thumbs_4/zillowstatic/fp/369eed08bf5fc9595425542f46d23389-full.webp","https://www.trulia.com/pictures/thumbs_4/zillowstatic/fp/47dbeb8b52f4529a233e9629fc58baa2-full.webp","Use arrow keys to navigate","","","$580,000","4","2","Baths","2,354","2210 Railway Cir, Gold River, CA 95670",""
"https://www.trulia.com/home/10851-arrington-dr-rancho-cordova-ca-95670-124739730","https://www.trulia.com/pictures/thumbs_4/zillowstatic/fp/fa06ca87e5752afd6a3b9d67a833af30-full.webp","https://www.trulia.com/pictures/thumbs_4/zillowstatic/fp/b32493415f66b511f71e9ace1f24ca03-full.webp","https://www.trulia.com/pictures/thumbs_4/zillowstatic/fp/650ecd6bb41557aaff7dccfdca7d4282-full.webp","Use arrow keys to navigate","","","$528,500","4","2","Baths","1,713","10851 Arrington Dr, Rancho Cordova, CA 95670",""
"https://www.trulia.com/home/12073-hetch-hetchy-dr-rancho-cordova-ca-95742-457607944","https://www.trulia.com/pictures/thumbs_4/zillowstatic/fp/b2eaaeac2791a164a9d28254e252f4bc-full.webp","https://www.trulia.com/pictures/thumbs_4/zillowstatic/fp/edb1e94a1c3c01cf4e32454f4e523f44-full.webp","https://www.trulia.com/pictures/thumbs_4/zillowstatic/fp/fe8f45ddf48695f7ea4750aeaba5bf16-full.webp","Use arrow keys to navigate","","NEW CONSTRUCTION","$555,255","3","2","Baths","1,651","12073 Hetch Hetchy Dr, Rancho Cordova, CA 95742",""
"https://www.trulia.com/home/2266-river-trails-cir-rancho-cordova-ca-95670-25857766","https://www.trulia.com/pictures/thumbs_4/zillowstatic/fp/5272773a8457dd1e87f05dd5d4b48918-full.webp","https://www.trulia.com/pictures/thumbs_4/zillowstatic/fp/0973c8cdc92ad7891c2574bea4afb1c7-full.webp","https://www.trulia.com/pictures/thumbs_4/zillowstatic/fp/0bc38ae095dd225a455e68430e5c4532-full.webp","Use arrow keys to navigate","","","$550,000","3","2","Baths","1,794","2266 River Trails Cir, Rancho Cordova, CA 95670",""
"https://www.trulia.com/home/3000-pocosol-way-rancho-cordova-ca-95742-439298048","https://www.trulia.com/pictures/thumbs_4/zillowstatic/fp/6b0d6afc48924b3b6384de182fee68b6-full.webp","","","Use arrow keys to navigate","","","$917,840","5","4","Baths","3,127","3000 Pocosol Way, Rancho Cordova, CA 95742",""
"https://www.trulia.com/home/11791-battenburg-way-rancho-cordova-ca-95742-67821816","https://www.trulia.com/pictures/thumbs_4/zillowstatic/fp/641792434865cb4a44dfa9ee17a08c8f-full.webp","https://www.trulia.com/pictures/thumbs_4/zillowstatic/fp/3fbb727ef9dd99fd43a247dcbda9e6de-full.webp","https://www.trulia.com/pictures/thumbs_4/zillowstatic/fp/875ae80db5c71bc9c817b1aa23ca3e23-full.webp","Use arrow keys to navigate","","","$639,000","4","2","Baths","2,585","11791 Battenburg Way, Rancho Cordova, CA 95742",""
"https://www.trulia.com/home/11520-tenorio-way-rancho-cordova-ca-95742-439297909","https://www.trulia.com/pictures/thumbs_4/zillowstatic/fp/230775eb605d707d9f6ed64071c4cbf3-full.webp","https://www.trulia.com/pictures/thumbs_4/zillowstatic/fp/1e9a5bda2cac2765907597945b6811f7-full.webp","https://www.trulia.com/pictures/thumbs_4/zillowstatic/fp/2c9243986aa193d3009cc1f659b457cb-full.webp","Use arrow keys to navigate","","NEW CONSTRUCTION","$642,520","3","2","Baths","1,739","11520 Tenorio Way, Rancho Cordova, CA 95742","QUICK MOVE-IN"
"https://www.trulia.com/home/11524-tenorio-way-rancho-cordova-ca-95742-439297910","https://www.trulia.com/pictures/thumbs_4/zillowstatic/fp/94a99e78411e68d1360fd62cecdb9faf-full.webp","https://www.trulia.com/pictures/thumbs_4/zillowstatic/fp/7de0d35d366e4495ee7fc8e6ca237204-full.webp","https://www.trulia.com/pictures/thumbs_4/zillowstatic/fp/5dc03a29c49c1ed983da13e1acbe70bb-full.webp","Use arrow keys to navigate","","NEW CONSTRUCTION","$627,170","3","2","Baths","1,566","11524 Tenorio Way, Rancho Cordova, CA 95742","QUICK MOVE-IN"
"https://www.trulia.com/home/11528-tenorio-way-rancho-cordova-ca-95742-439297911","https://www.trulia.com/pictures/thumbs_4/zillowstatic/fp/a5f6c4fc64ea71bc7f1c6f83666bf455-full.webp","https://www.trulia.com/pictures/thumbs_4/zillowstatic/fp/1e9a5bda2cac2765907597945b6811f7-full.webp","https://www.trulia.com/pictures/thumbs_4/zillowstatic/fp/2c9243986aa193d3009cc1f659b457cb-full.webp","Use arrow keys to navigate","","NEW CONSTRUCTION","$639,170","3","2","Baths","1,739","11528 Tenorio Way, Rancho Cordova, CA 95742","QUICK MOVE-IN"
"https://www.trulia.com/home/3005-sarapiqui-way-rancho-cordova-ca-95742-439297942","https://www.trulia.com/pictures/thumbs_4/zillowstatic/fp/f87701bc3b266e5855248864ceddc433-full.webp","https://www.trulia.com/pictures/thumbs_4/zillowstatic/fp/83fd62aecd826af9c3a2cf0f8a4408a8-full.webp","https://www.trulia.com/pictures/thumbs_4/zillowstatic/fp/d6cece02fa46dc3fa21eed8831a08831-full.webp","Use arrow keys to navigate","","NEW CONSTRUCTION","$847,950","4","3.5","Baths","2,787","3005 Sarapiqui Way, Rancho Cordova, CA 95742","QUICK MOVE-IN"
"https://www.trulia.com/home/3064-irazu-way-rancho-cordova-ca-95742-439297958","https://www.trulia.com/pictures/thumbs_4/zillowstatic/fp/9c8d913289faa1b4ccc8e4e5332f06da-full.webp","https://www.trulia.com/pictures/thumbs_4/zillowstatic/fp/d9d90024da3e9a57290b6843f2d5c1d1-full.webp","https://www.trulia.com/pictures/thumbs_4/zillowstatic/fp/c880aa6bf38cdbd81b1941d6c6b7c399-full.webp","Use arrow keys to navigate","","NEW CONSTRUCTION","$662,880","4","3","Baths","1,928","3064 Irazu Way, Rancho Cordova, CA 95742","QUICK MOVE-IN"
"https://www.trulia.com/home/3060-irazu-way-rancho-cordova-ca-95742-439297959","https://www.trulia.com/pictures/thumbs_4/zillowstatic/fp/43327c219e9c127e1a81380c5ab6d898-full.webp","https://www.trulia.com/pictures/thumbs_4/zillowstatic/fp/e90b0b866a99238dd8a660bd7abfde2e-full.webp","https://www.trulia.com/pictures/thumbs_4/zillowstatic/fp/7dd5ce7971dd547bd816255bea0c11f1-full.webp","Use arrow keys to navigate","","NEW CONSTRUCTION","$729,170","4","2.5","Baths","2,353","3060 Irazu Way, Rancho Cordova, CA 95742","QUICK MOVE-IN"
"https://www.trulia.com/home/3056-irazu-way-rancho-cordova-ca-95742-439297960","https://www.trulia.com/pictures/thumbs_4/zillowstatic/fp/94a99e78411e68d1360fd62cecdb9faf-full.webp","https://www.trulia.com/pictures/thumbs_4/zillowstatic/fp/7de0d35d366e4495ee7fc8e6ca237204-full.webp","https://www.trulia.com/pictures/thumbs_4/zillowstatic/fp/5dc03a29c49c1ed983da13e1acbe70bb-full.webp","Use arrow keys to navigate","","NEW CONSTRUCTION","$630,560","3","2","Baths","1,566","3056 Irazu Way, Rancho Cordova, CA 95742","QUICK MOVE-IN"
"https://www.trulia.com/home/3052-irazu-way-rancho-cordova-ca-95742-439297961","https://www.trulia.com/pictures/thumbs_4/zillowstatic/fp/fd20fa20e825ce7b75565add04948122-full.webp","https://www.trulia.com/pictures/thumbs_4/zillowstatic/fp/d9d90024da3e9a57290b6843f2d5c1d1-full.webp","https://www.trulia.com/pictures/thumbs_4/zillowstatic/fp/c880aa6bf38cdbd81b1941d6c6b7c399-full.webp","Use arrow keys to navigate","NEW CONSTRUCTION","QUICK MOVE-IN","$659,470","4","3","Baths","1,928","3052 Irazu Way, Rancho Cordova, CA 95742",""
"https://www.trulia.com/home/3048-irazu-way-rancho-cordova-ca-95742-439297962","https://www.trulia.com/pictures/thumbs_4/zillowstatic/fp/fc8b792d554a7872238fc01f423f0d55-full.webp","https://www.trulia.com/pictures/thumbs_4/zillowstatic/fp/e90b0b866a99238dd8a660bd7abfde2e-full.webp","https://www.trulia.com/pictures/thumbs_4/zillowstatic/fp/7dd5ce7971dd547bd816255bea0c11f1-full.webp","Use arrow keys to navigate","NEW CONSTRUCTION","QUICK MOVE-IN","$729,170","4","2.5","Baths","2,353","3048 Irazu Way, Rancho Cordova, CA 95742",""
"https://www.trulia.com/home/10935-bushel-way-rancho-cordova-ca-95670-444441821","https://www.trulia.com/pictures/thumbs_4/zillowstatic/fp/bc81c9445646767613ad00b50b4ce281-full.webp","https://www.trulia.com/pictures/thumbs_4/zillowstatic/fp/93db9bb77797bf59f16bf152ba9db0ab-full.webp","https://www.trulia.com/pictures/thumbs_4/zillowstatic/fp/36c5b666efee8eb5abcdc0e87404dbb6-full.webp","Use arrow keys to navigate","NEW CONSTRUCTION","QUICK MOVE-IN","$471,950","3","2.5","Baths","1,452","10935 Bushel Way, Rancho Cordova, CA 95670",""
"https://www.trulia.com/home/4622-duckhawk-cir-rancho-cordova-ca-95742-339037779","https://www.trulia.com/pictures/thumbs_4/zillowstatic/fp/6b42c8dbc63527ec074e974ef757461b-full.webp","https://www.trulia.com/pictures/thumbs_4/zillowstatic/fp/b2f145e990432018c8e96e1fc1108cc8-full.webp","https://www.trulia.com/pictures/thumbs_4/zillowstatic/fp/b794382bff1660b1425ed33a35af5d0e-full.webp","Use arrow keys to navigate","","","$620,990","4","2","Baths","1,873","4622 Duckhawk Cir, Rancho Cordova, CA 95742",""
"https://www.trulia.com/home/3616-preta-way-rancho-cordova-ca-95742-457266602","https://www.trulia.com/pictures/thumbs_4/zillowstatic/fp/01440f5ac73eb3ca21086de7b9968315-full.webp","https://www.trulia.com/pictures/thumbs_4/zillowstatic/fp/0615335c1ae2bf49b0932182d10db72f-full.webp","https://www.trulia.com/pictures/thumbs_4/zillowstatic/fp/aa7c0b953f947ec4f644365edde67b39-full.webp","Use arrow keys to navigate","NEW CONSTRUCTION","QUICK MOVE-IN","$645,990","4","3","Baths","2,386","3616 Preta Way, Rancho Cordova, CA 95742",""
"https://www.trulia.com/home/1957-empire-oaks-ct-gold-river-ca-95670-25871572","https://www.trulia.com/pictures/thumbs_4/zillowstatic/fp/f8d0f87b43a9b3e8ad63f94dfc8f6d78-full.webp","https://www.trulia.com/pictures/thumbs_4/zillowstatic/fp/3c6ff45644a6e1fe0dcf943138d70160-full.webp","https://www.trulia.com/pictures/thumbs_4/zillowstatic/fp/9cee1894b3fca0f1eb5dc5fc417fcfef-full.webp","Use arrow keys to navigate","0.63 ACRES","","$1,475,000","3","4","Baths","4,248","1957 Empire Oaks Ct, Gold River, CA 95670",""
"https://www.trulia.com/home/10835-coloma-rd-3-rancho-cordova-ca-95670-25857423","https://www.trulia.com/pictures/thumbs_4/zillowstatic/fp/11556b7cc63c850f4683df2a1256e98b-full.webp","https://www.trulia.com/pictures/thumbs_4/zillowstatic/fp/e18a1df61bd56caeef4cb72f3c87e8c5-full.webp","https://www.trulia.com/pictures/thumbs_4/zillowstatic/fp/ada5ae56cd18d76d0e387240820d578a-full.webp","Use arrow keys to navigate","","","$249,000","2","1","Bath","840","10835 Coloma Rd #3, Rancho Cordova, CA 95670",""
"https://www.trulia.com/home/4159-aura-way-rancho-cordova-ca-95742-339038484","https://www.trulia.com/pictures/thumbs_4/zillowstatic/fp/28bae4661e93baf0afab68f74690948c-full.webp","https://www.trulia.com/pictures/thumbs_4/zillowstatic/fp/dc6a885a76b0d6649bdb309a46aefe62-full.webp","https://www.trulia.com/pictures/thumbs_4/zillowstatic/fp/199ed9111b795a373b64e212169d7963-full.webp","Use arrow keys to navigate","NEW CONSTRUCTION","","$825,000","3","2","Baths","2,293","4159 Aura Way, Rancho Cordova, CA 95742",""