"chakra-button","chakra-button href","css-lvyu5j href","css-lvyu5j 2","css-1t92pv","css-0","css-195yc6f","css-195yc6f 2","css-195yc6f 3","css-195yc6f 4","css-195yc6f 5","css-195yc6f 6","css-195yc6f 7","css-195yc6f 8","chakra-text","chakra-text 2"
"Advanced Support Technician (POS Systems)","https://www.simplyhired.com/job/dPX3bL48SvozWj_o2oa0iTUmMG2M3UlTSp9O3T-TPO7rkZHtPlYAOA","https://www.simplyhired.com/browse-jobs/companies/Expert-Technical-Solutions-1","Expert Technical Solutions","Remote","4","$55,000 - $65,000 a year","Full-time","Remote","Hospitality","Computer networking","1 year","Health insurance","Dental insurance","Quick Apply","3h"
"Online Academic Advisor","https://www.simplyhired.com/job/jxuohDGC-nR2P3FNL3CmVKRSTuFR9Y4lVda6-leGk8gb0tpAb3jrtg","https://www.simplyhired.com/browse-jobs/companies/Liberty-University","Liberty University Online","Remote","3.8","From $17.50 an hour","8 hour shift","Remote","Sales","Customer service","Computer literacy","Paid holidays","Disability insurance","",""
"Dental Scheduler - Remote","https://www.simplyhired.com/job/FGK3KYnptyEYYiHfbzSiHTC_9yh2NFDyQc3V0Xfi8XIbkxnY0cVzQA","https://www.simplyhired.com/browse-jobs/companies/Unique-Management-Services","Unique Management","Jeffersonville, IN","3.5","$16 - $17 an hour","Full-time","Remote","Background check","Spanish","English","Paid holidays","Disability insurance","Quick Apply",""
"Oral Surgery Dental Billing Specialist - Success Consultant","https://www.simplyhired.com/job/JxZSmv6MFXlets_CQbklRnViOx5aF0XTdjkZTKFgziNIiUI0YZP8KA","https://www.simplyhired.com/browse-jobs/companies/Eassist","eAssist Dental Solutions","Remote","4.1","Part-time","Remote","Background check","Surgery","Mid-level","Health insurance","Dental insurance","","",""
"Corporate Travel Agent (Remote)","https://www.simplyhired.com/job/x9kWnLiDCzEGt3qNqHlV6bP2DNUNcExC2YWAnOIyu4Pxt-0VxyF2jQ","https://www.simplyhired.com/browse-jobs/companies/Lenox-Executive-Search","Lenox Executive Search","Remote","","$33 - $37 an hour","Contract","Remote","Microsoft Word","Background check","Microsoft Excel","","","Quick Apply","1h"
"Customer Support & Experience Specialist - Remote","https://www.simplyhired.com/job/TJqBRS38EKUuxz-EXk8XhFKElcE0UCQdbAqOeZTcpPfIF81GWRVHwQ","https://www.simplyhired.com/browse-jobs/companies/Nuvant","Nuvant","Remote","4","$28 - $36 an hour","Full-time","Remote","Hospitality","Sales","Food service","Health insurance","Dental insurance","Quick Apply","23h"
"Customer Experience & Product Specialist (Remote)","https://www.simplyhired.com/job/q-iHJrKQZxGvCv5I0iv-N18R7sWi4eF5W4XLMsaFG-1wqSJi5NxKgQ","https://www.simplyhired.com/browse-jobs/companies/Kenswick-Partners","Kenswick Partners","Remote","","$28 - $33 an hour","Full-time","Remote","Communication skills","Entry level","Health insurance","Dental insurance","","Quick Apply","1h"
"Phone Receptionist","https://www.simplyhired.com/job/fSOpGfLYHoQb-qDXzC_8Kh3woNwZgZD7oX098gy5faiew4rNPZeZMg","https://www.simplyhired.com/browse-jobs/companies/Quantum-University","Quantum University","Remote","3.4","$18 - $20 an hour","Full-time","Remote","Administrative experience","Communication skills","Entry level","Health insurance","Paid time off","Quick Apply","1h"
"Remote Client Care Specialist","https://www.simplyhired.com/job/v-f_7ojCplWOInTbRJuSHnBVG1IU8slNU_lYv0JYXujnUiP741yj8A","https://www.simplyhired.com/browse-jobs/companies/Elevate-Reach","Elevate Reach","Remote","","$25 - $30 an hour","Full-time","Remote","Hospitality","Communication skills","Entry level","Health insurance","Dental insurance","Quick Apply","4h"
"Customer Onboarding Representative (Remote)","https://www.simplyhired.com/job/1DDE2FC6akrPmecmfWTlGyo10cq1Kd6zURqOXPkUAO-0BlvggwpdKw","https://www.simplyhired.com/browse-jobs/companies/Elevate-Reach","Elevate Reach","Remote","","$52,000 - $68,000 a year","Full-time","Remote","Communication skills","Entry level","Health insurance","Dental insurance","","Quick Apply","3h"
"Digital Content Editor - AI Trainer","https://www.simplyhired.com/job/oIQHEcgV8F1A_R39k-llpq9B0u_pogJdarFzv1nd4ILo-1IEJgHTfA","https://www.simplyhired.com/browse-jobs/companies/Dataannotation","DataAnnotation","Minneapolis, MN","4.1","From $20 an hour","Contract","Remote","Writing skills","English","Research","","","",""
"Servicing Travel Advisor III - Chase Travel (Remote-Florida)","https://www.simplyhired.com/job/ZrV-jlaujf51n6lBIJszaONbXRo05EX6jZuy2mPVcjU4U80oqDs54A","https://www.simplyhired.com/browse-jobs/companies/Jpmorganchase-2","JPMorganChase","Tampa, FL","3.9","Weekends as needed","Remote","Microsoft Excel","Microsoft Outlook","Mid-level","","","","",""
"Desktop Investigator","https://www.simplyhired.com/job/ifH6CHY_QN0uq7EK43a9c-IdFt5qYnAwXLFOePBul4HIYM4Sy9NIOA","https://www.simplyhired.com/browse-jobs/companies/Coventbridge-Group","CoventBridge Group","Grand Rapids, MI","2.7","$18 an hour","Full-time","Remote","Research","Associate's degree","Medical terminology","Paid training","Paid holidays","",""
"Servicing Travel Advisor III - Chase Travel (Remote - Tempe, AZ)","https://www.simplyhired.com/job/V8dfoRsi_W4cF8s3BE3MET5pdMPI9USp-95TMTRDg3XbWzwVf3uEmg","https://www.simplyhired.com/browse-jobs/companies/Jpmorganchase-2","JPMorganChase","Tempe, AZ","3.9","Weekends as needed","Remote","Microsoft Excel","Microsoft Outlook","Research","Health insurance","Tuition reimbursement","","",""
"Tree Trimmer / Climber","https://www.simplyhired.com/job/4SYThFV-1gt9dwYfbj4XcRM4YnH_2hJrmnZA3Tfq28bW7CQtLgJsHQ","","United Clearing Services","Remote","","$18.50 - $22.00 an hour","Weekends as needed","18 years or older","CPR Certification","Pass drug screening","AD&D insurance","Paid holidays","","Quick Apply","3h"
"Pharmacy Care Representative","https://www.simplyhired.com/job/HAbVkpX9GJjnkRoKrhMeRX-3rDXFrBpqHYWPgukph5kd4VePJ24ySA","https://www.simplyhired.com/browse-jobs/companies/CVS-Health","CVS Health","New Jersey","3.2","$17.00 - $31.30 an hour","Online Application","Remote","Microsoft Word","Microsoft Excel","Microsoft Outlook","Employee stock purchase plan","Paid holidays","","12d"
"Property Claims Representative","https://www.simplyhired.com/job/mtnR-zHARWCsz0pfWCFV7QT80tffRHkUBaPesXtr27lwKZLTg5jj4g","https://www.simplyhired.com/browse-jobs/companies/Fbl-Financial-Group,-Inc.","FBL Financial Group, Inc.","Remote","","Customer service","Driver's License","Driving","Paid holidays","Disability insurance","","","","",""
"Customer Service & Sales Agent","https://www.simplyhired.com/job/iFvkNlcszaIahpTWnurysILLa3BhpJjhOtFLC-1HRuecgi9ApbRSQA","https://www.simplyhired.com/browse-jobs/companies/Mountain-America-Credit-Union","Mountain America Credit Union","Utah","3.7","From $18.25 an hour","Full-time","Remote","Spanish","Microsoft Excel","Microsoft Outlook","Paid holidays","Health insurance","",""
"Customer Service Support Representative (REMOTE)","https://www.simplyhired.com/job/rDyjqsx8-Y1WbYtetF2yaV5EOI4psbT_ahgk9SCInN7LwlNvYK5-4Q","https://www.simplyhired.com/browse-jobs/companies/Labcorp","Labcorp","Burlington, NC","3.3","$16 - $25 an hour","Full-time","Remote","HIPAA","Research","Databases","Employee stock purchase plan","Disability insurance","","1d"
"Patient Advocate","https://www.simplyhired.com/job/VN5vHekdXCutKU-OEg5OadtBFljfi3VOXm5lXfcGAXgT9A0JWg_9-A","https://www.simplyhired.com/browse-jobs/companies/Atlas-Health","Atlas Health","Remote","1.8","$20.56 an hour","Part-time","Background check","Pass drug screening","High school diploma or GED","Paid time off","Work from home","","Quick Apply","4h"
"Medical Records Assistant","https://www.simplyhired.com/job/uPKnY-Uue_ecMtmFiwkDQFU2vh7MpktQItJgWtTSWXm3DnjsQ1Oqrg","https://www.simplyhired.com/browse-jobs/companies/Imedview,-Inc","Imedview, Inc","Saugerties, NY","3.6","$20 - $22 an hour","Remote","11+ years","Mid-level","Data entry","Health insurance","Dental insurance","","Quick Apply","1d"
"HOA Estoppel Researcher","https://www.simplyhired.com/job/8i-dXcz4sfwnSPt4_WvcN33NRkHgmzwrobmghSFhVFvidI8wLXlLWQ","https://www.simplyhired.com/browse-jobs/companies/Skyline-Lien-Search,-Inc.-1","Skyline Title Support","Remote","","From $18 an hour","Full-time","Remote","Microsoft Word","Background check","Microsoft Outlook","Health insurance","Dental insurance","Quick Apply","2h"
"Associate Learner Support Representative","https://www.simplyhired.com/job/1rdREWFK8ScK11_emV3oAh9_BLexE0DhZ6HemqDu_vy1G4gvBIs6Lg","https://www.simplyhired.com/browse-jobs/companies/Strategic-Education,-Inc.","Strategic Education, Inc.","Remote","3.7","$16.75 - $25.25 an hour","Full-time","Remote","Computer literacy","High school diploma or GED","Communication skills","Health savings account","Employee stock purchase plan","","1d"
"Editorial Assistant - Freelance","https://www.simplyhired.com/job/A6dijE1JEM1RUfPJnI1XiTSiT_pb4RnXQLQ7mKtAhAWk-1SkjuDe9w","https://www.simplyhired.com/browse-jobs/companies/Technica-Editorial-Services","Technica Editorial Services","Remote","","From $25 an hour","Part-time","Remote","English","Communication skills","Entry level","","","Quick Apply","2h"
"Real Estate Administrative Assistant","https://www.simplyhired.com/job/H6UPfvlW2UiV9luQ9IdgQzBm8zl3CfRf3BQ0t6zah2hRIxgcM6xQvw","https://www.simplyhired.com/browse-jobs/companies/Staats-Solutions","Staats Solutions","Remote","","$17 - $20 an hour","Remote","Administrative experience","Entry level","","","","","Quick Apply","2h"
"Team Member Customer Care - Part Time - Work At Home (OK, AL, GA Applications Only)","https://www.simplyhired.com/job/fqFUrgt76zcz5adJx3MINUDXbGmJ37gjMqI_OPvzhxFODzg5bAH2Yg","https://www.simplyhired.com/browse-jobs/companies/Academy-Sports-+-Outdoors","Academy Sports","Katy, TX","3.4","Part-time","Remote","Spanish","English","High school diploma or GED","","","","","1d"
"Administrative Data Clerk","https://www.simplyhired.com/job/LDM7VVjF98p9H5KAS22hLTQJ1EXZ3rp0Tz7I6kdqHQRPO-EDH79fRQ","","Fraxioned","Bountiful, UT","","Full-time","Remote","Microsoft Excel","Administrative experience","High school diploma or GED","","","","Quick Apply","2h"
"Paid Mock Jury Participant","https://www.simplyhired.com/job/tPSqrFfvPO5aept46MkYrURzA4OY3T5rfrzqakNndpVOBBI14HKBJA","https://www.simplyhired.com/browse-jobs/companies/The-Keenan-Law-Firm","THE KEENAN LAW FIRM","Atlanta, GA","3.6","$200 a day","Temporary","Remote","Entry level","","","","","Quick Apply","1d"
"Pre-Registration Part-time","https://www.simplyhired.com/job/OOmFhhwtcBnHX76Qiaip_HVZnaNZWDqJm3P3AAe4cM_t-RPT9sMnyQ","https://www.simplyhired.com/browse-jobs/companies/Tristar-Health-1","TriStar Summit Medical Center","Hermitage, TN","3.7","Part-time","Remote","High school diploma or GED","Entry level","Employee stock purchase plan","Disability insurance","","","Quick Apply","1d"
"Part time Customer Service Agent for a Keyboard Manufacturer","https://www.simplyhired.com/job/dhWrfEn0eOoNS-ByBxlaxr8cJ3P_ztbvzt7NvE1o5QXY2JJl4YZpYA","https://www.simplyhired.com/browse-jobs/companies/Ltvplus-5","LTVplus","Remote","4","Part-time","Remote","1 year","Communication skills","Entry level","","","","","13h"
"Processing Assistant","https://www.simplyhired.com/job/iTFNAxtbN7LGAB5tNYJsjtK0Xv88goYvBe4pcDOjUlDOovsgJkvomA","https://www.simplyhired.com/browse-jobs/companies/Goprime-Mortgage","GoPrime Mortgage","Remote","4.8","$18 - $23 an hour","Full-time","Remote","Background check","Microsoft Excel","Microsoft Outlook","Health insurance","Dental insurance","Quick Apply","3h"
"Municipal Transcriptionist","https://www.simplyhired.com/job/-6pJo4OugdTpzgGzOJYSltoZoezST5LPoK48HIcGPwE8ff6lMgmH2A","","TimeSaver Off Site Secretarial Service","Remote","","$23.94 - $24.83 an hour","Contract","Remote","Microsoft Word","Writing skills","Entry level","","","Quick Apply","23h"
"Data Entry Specialist - Remote","https://www.simplyhired.com/job/W0NzSL2t-bfWHN95T2ppmXB2lGhiOTXjPyykaTGDYeeSPKf04Mf0-w","https://www.simplyhired.com/browse-jobs/companies/ABC-Legal-Services","ABC Legal Services","Kansas City, KS","2.7","$15 an hour","Full-time","Remote","No experience needed","Microsoft Office","High school diploma or GED","AD&D insurance","Paid holidays","Quick Apply","18h"
"TRANSCRIPTIONIST","https://www.simplyhired.com/job/89CREXrReh5umi4eEE-KixO1WsyO8uDWpyhtxsj-Evr0JTts1m8t0A","https://www.simplyhired.com/browse-jobs/companies/Morrison-Community-Hospital","Morrison Community Hospital","Remote","3","Contract","Remote","Microsoft Word","Anatomy knowledge","Management","","","","","20h"
"Apprentice Media & Entertainment Travel Consultant","https://www.simplyhired.com/job/q8HdFkw3pZoGjYNUkhM7_tkkKBMRiEWjrr7ercoRjEs5lMHnE7x9tA","https://www.simplyhired.com/browse-jobs/companies/Bcd-e53600d2","BCD","Remote","3.8","$43,000 a year","Full-time","Remote","High school diploma or GED","Entry level","On-the-job training","Flexible schedule","","","1h"
"Customs Trade Agent","https://www.simplyhired.com/job/rYZavSuvjGMolPC4cncIMZ4lXKIICkWcN-4Okk-3hj9ReH6TJMAPwg","https://www.simplyhired.com/browse-jobs/companies/FedEx-Logistics","FedEx Logistics","Jonesboro, AR","3.9","Full-time","Remote","Microsoft Outlook","Customer service","No experience needed","Paid training","","","","12h"
"Land Records Indexing Agent - Remote","https://www.simplyhired.com/job/_-BjyAnO0fYgnjq-cQb5icPjhbxfIZ4bmnUTwlhDoy-TTsocCYZIWw","https://www.simplyhired.com/browse-jobs/companies/Liberty-Core-Consultants","Liberty Core Consultants","Omaha, NE","","$30 - $40 an hour","Full-time","Remote","Computer literacy","Mid-level","Data entry","Health savings account","401(k)","Quick Apply","1d"
"Premium Audit Coordinator (Part-Time, Remote)","https://www.simplyhired.com/job/hz0pXH_R1-aAU1nXI7s-IQ0zGBs0yxlga3rCOVNgGxHnXpU3pqjMIg","https://www.simplyhired.com/browse-jobs/companies/Davies","Davies","Remote","3.4","$14 - $16 an hour","Part-time","Remote","Writing skills","High school diploma or GED","Organizational skills","Paid holidays","Disability insurance","Quick Apply","1h"
"Patent Attorney/Patent Agent – Mandarin Speaking","https://www.simplyhired.com/job/d_KDljhwgUlSH8wgphwgUdObutWLL9TOQh1YgQAMLFCmTyqQiJKJjw","https://www.simplyhired.com/browse-jobs/companies/Ladas-&-Parry-LLP","Ladas & Parry LLP","Remote","3.3","$100,000 - $150,000 a year","Full-time","Remote","Background check","Writing skills","English","Health insurance","Dental insurance","Quick Apply",""
"Family Law Attorney (Bilingual Chinese and English)","https://www.simplyhired.com/job/chRNqJqa9myd0Bgt9o95imhwNamku_2lcxlg97VRrKTXf5WqyS40Vg","https://www.simplyhired.com/browse-jobs/companies/Sonicmax-Inc","Oriole legal management Inc","Remote","","$120,000 - $200,000 a year","Full-time","Heavy lifting","5 years","Writing skills","","","","Quick Apply",""
"Telehealth Registered Dietitian","https://www.simplyhired.com/job/12FAiSODxhrYgUFcl6yaftoic23KASQyptggQupwkJ4iYqoqnRXbOQ","https://www.simplyhired.com/browse-jobs/companies/Nourish-dbc247ae","Nourish","San Francisco Bay Area, CA","2","$50 - $55 an hour","Part-time","Remote","Background check","US work authorization","Telehealth","Continuing education credits","Health savings account","",""
"Telehealth Registered Dietitian","https://www.simplyhired.com/job/YQC0Kr3DbAcEReBvE0QCaEA33FSY1wyXKj20_ypHrzi9x5TFYOmoEw","https://www.simplyhired.com/browse-jobs/companies/Nourish-dbc247ae","Nourish","San Diego, CA","2","$50 - $55 an hour","Part-time","Remote","Background check","US work authorization","Telehealth","Continuing education credits","Health savings account","",""
"Outside Sales Representative","https://www.simplyhired.com/job/GfIrlQbFzl5vCie2QVmCdtl0roPtKtmBH2YkSvIKVC8Q8brcNdv2GQ","https://www.simplyhired.com/browse-jobs/companies/Groundworks-c4038440","Groundworks Operations, LLC","Ankeny, IA","3.2","Full-time","Remote","Customer service","Construction","Reliable transportation","Opportunities for advancement","","","",""
"Telehealth Registered Dietitian","https://www.simplyhired.com/job/p8GBU5szoQ00vjWp0V7ILQpbETsSWXuIF5AxMh11Lc99g74_W_ylig","https://www.simplyhired.com/browse-jobs/companies/Nourish-dbc247ae","Nourish","Maryland","2","$50 - $55 an hour","Part-time","Remote","Background check","US work authorization","Telehealth","Continuing education credits","Health savings account","",""
"Administrative Materials Coordinator - Camps","https://www.simplyhired.com/job/JP-YQSu681cK8-ryK7Qs_eA62Kv7jWgmREDAurHvbrQhLFWnrS4Tpw","https://www.simplyhired.com/browse-jobs/companies/Nms","NMS","Anchorage, AK","3.5","Evenings as needed","Remote","Clean driving record","Microsoft Excel","Microsoft Outlook","","","","","13d"
"Freight Broker Agent","https://www.simplyhired.com/job/yAEqMrcZ2sXD9dII2CLS3zcJDB2yZHb_2SME6bM1d_uFH6PbxqfA8w","https://www.simplyhired.com/browse-jobs/companies/Logistic-Dynamics-3","Logistic Dynamics, Inc.","Remote","4.1","$70,000 - $400,000 a year","Choose your own hours","Remote","Mid-level","Driver's License","Under 1 year","","","",""
"Real Estate Agent - Sales Associate","https://www.simplyhired.com/job/5Ep7uxvKWKV0AzoB3eicptN4uctAzE-xTpkd50Khj-PI-m5QCvlxEg","https://www.simplyhired.com/browse-jobs/companies/Core-Imaging-1","The Next Steps Group - Zillow Partner","Citrus County, FL","","$104,932.84 - $426,370.73 a year","Contract","Remote","Sales","Real Estate License","Entry level","","","Quick Apply","2h"
"Outside Sales Representative","https://www.simplyhired.com/job/tn1-4LcbW8FXQQS-mUlTl_qm8r2oCfi52uOTtEfOE_nZyRDYfYe9BQ","https://www.simplyhired.com/browse-jobs/companies/Groundworks-c4038440","Groundworks Operations, LLC","West Des Moines, IA","3.2","Full-time","Remote","Customer service","Construction","Reliable transportation","Opportunities for advancement","","","",""
"Telehealth Registered Dietitian","https://www.simplyhired.com/job/LDbXw_a0MsXpLln9x7YDR8xjKaTYf3-J5xW_NtvNfGvmS93lmTkCDQ","https://www.simplyhired.com/browse-jobs/companies/Nourish-dbc247ae","Nourish","Idaho","2","$50 - $55 an hour","Part-time","Remote","Background check","US work authorization","Telehealth","Continuing education credits","Health savings account","","13d"
"Field Tool Technician – Southeast","https://www.simplyhired.com/job/uYlyAqgLrx0Lhj2bx480t8xFUBZgl-bvEAfS0S8TZdxr1Xwiw930TA","https://www.simplyhired.com/browse-jobs/companies/Victaulic","Victaulic","North Carolina","3.3","Full-time","Remote","Schematics","Customer service","Maintenance","Disability insurance","Health insurance","","","21h"
"Outside Sales Representative","https://www.simplyhired.com/job/mM09oxeLNTMIlIcYD1gm5Ry4_BVwkLspvxk38S-kqTMzCbvSl1MZ9w","https://www.simplyhired.com/browse-jobs/companies/Groundworks-c4038440","Groundworks Operations, LLC","Des Moines, IA","3.2","Full-time","Remote","Customer service","Construction","Reliable transportation","Opportunities for advancement","","","",""
"988 NBU Online Crisis Counselor I","https://www.simplyhired.com/job/YWkHoMvZ6wnmRN3xnOFteBFw56egz1jlHKfk826lPWY72qMWmRj2Bw","https://www.simplyhired.com/browse-jobs/companies/Volunteers-of-America","Volunteers Of America Western Washington","Everett, WA","3.3","$25.31 - $27.97 an hour","Full-time","Remote","HIPAA","English","Mid-level","403(b) matching","Health savings account","",""
"Legal Transcriber with active or recent past Federal Clearance","https://www.simplyhired.com/job/OS3gRCEaq882IGvjh2tMT11X-PzLvND90ViY5nN8Vdn_6tyh9XUJ7g","https://www.simplyhired.com/browse-jobs/companies/Fenton-Transcription","Resolute Documentation Services","Remote","3","$20 - $35 an hour","Choose your own hours","5 years","Criminal background check","US work authorization","Flexible schedule","","","Quick Apply","11d"
"Inbound Sales Advisor - Fully Remote in Florida - April 13th start","https://www.simplyhired.com/job/7l7RLyo9PJJ3Ft2kunBInG1CoYZLgriZzHcb3x6jLDeUUSsmTf18pg","https://www.simplyhired.com/browse-jobs/companies/Delta-Defense-1","Delta Defense, LLC","Melbourne, FL","4","From $20 an hour","Full-time","Remote","Computer literacy","High school diploma or GED","Associate's degree","Paid training","Health savings account","","1d"
"Data Literacy Instructional Specialist II","https://www.simplyhired.com/job/o2B69ekBagbDZ47bNL7P7LAjfC050Dl1i5pMac-vSZTRVVXl9Dp-pg","https://www.simplyhired.com/browse-jobs/companies/Partner's-Consulting,-Inc.","Partners Consulting, Inc.","Philadelphia, PA","3.4","Contract","Remote","Microsoft Excel","Master's degree","Bachelor's degree","","","","Quick Apply",""
"Secondary Teacher - AI Trainer","https://www.simplyhired.com/job/rgDNl7PwzeL9iiikTHDvAxhfVB8RQfvO-40B9y4fIJC63yeJQMKbjA","https://www.simplyhired.com/browse-jobs/companies/Dataannotation","DataAnnotation","West Palm Beach, FL","4.1","From $20 an hour","Contract","Remote","Writing skills","English","Research","","","",""
"Pharmacy Technician/ Prior Authorization Specialist (PrimeRx experience preferred)","https://www.simplyhired.com/job/h9jzrf50MJhEYYU15f_nU0sU2NFeyC9cHQqrK_sx__USGcajHBzlcw","https://www.simplyhired.com/browse-jobs/companies/Squad-Health","Squad Health","Remote","","Up to $25 an hour","Full-time","Remote","English","Mid-level","High school diploma or GED","","","Quick Apply","1h"
"Arizona Remote Insurance Defense Partners (Up to $25,000 Signing Bonus) 3553826","https://www.simplyhired.com/job/h_H_HS32l0crZm9P6dmhHLZIy8vx5tOp9BRTJdVKjaZ8LD3w9AtjjQ","https://www.simplyhired.com/browse-jobs/companies/Resnick-&-Louis,-P.c.","Resnick & Louis, P.C.","Phoenix, AZ","4.1","Full-time","Remote","Background check","8 years","Senior level","","","","Quick Apply","6d"
"Real Estate Agent Apartment Locator - 80% COMMISSION SPLITS, $0 BROKER FEES!","https://www.simplyhired.com/job/ImoomR2feniOgJlj8DI9x3IVrOgzVtc0p5Lm5t9mUBz06TZMDmCz9w","https://www.simplyhired.com/browse-jobs/companies/Fancy-Apartments","Fancy Apartments","Austin, TX","5","$4,000 - $15,000 a month","Part-time","Remote","Real Estate License","Apartments","Communication skills","Employee assistance program","Employee discount","Quick Apply","2h"
"Telehealth Registered Dietitian","https://www.simplyhired.com/job/NGDfVzuGQCjNn8BpipoaD8I9FXfHbzOyXGgnDtorYGKMXzHjSxD8GA","https://www.simplyhired.com/browse-jobs/companies/Nourish-dbc247ae","Nourish","Washington, DC","2","$50 - $55 an hour","Part-time","Remote","Background check","US work authorization","Telehealth","Continuing education credits","Health savings account","",""
"Telehealth Registered Dietitian","https://www.simplyhired.com/job/sz2CtDL_bAkJiSKZVGHNG_txvBj2glWt1YTQwlMjxiWXW4Qn21f5iA","https://www.simplyhired.com/browse-jobs/companies/Nourish-dbc247ae","Nourish","San Antonio, TX","2","$50 - $55 an hour","Part-time","Remote","Background check","US work authorization","Telehealth","Continuing education credits","Health savings account","",""
"Sales Representative, Inbound Remote","https://www.simplyhired.com/job/dTsBG7H3MGfTgqxopq0bTCOGccM_lyRjiuvLmJb_0DHG42ld9_t9Cw","https://www.simplyhired.com/browse-jobs/companies/Liberty-Mutual-Insurance","Liberty Mutual","Baton Rouge, LA","3.5","$45,000 - $85,000 a year","Full-time","Remote","Office","Organizational skills","Typing","Paid training","Health insurance","",""
"Supervisor, AP/AR - Energy Billing","https://www.simplyhired.com/job/PViOX8MXbjP3R2c1WhxtC8R3QmqZyeTH6UTDm3LRmv-UtBASL5I--w","https://www.simplyhired.com/browse-jobs/companies/Chs-Inc.-9","CHS Inc","Inver Grove Heights, MN","3.5","$71,700 - $119,700 a year","Email","Remote","Inventory management","Mid-level","Finance","Profit sharing","Disability insurance","","8h"
"Remote Mental Health Provider (LMFT)","https://www.simplyhired.com/job/qOPQ4mRrLhu4y88YpJLB6JuUQoPMPQ1wQS1hAz1O9jfH9CReedtgcg","https://www.simplyhired.com/browse-jobs/companies/Telemynd","Telemynd","Bakersfield, CA","4.2","From $70 an hour","Choose your own hours","Remote","Background check","LMFT","Licensed Clinical Social Worker","Flexible schedule","","Quick Apply",""
"Sales Representative, Inbound Remote","https://www.simplyhired.com/job/adlSXaLQ24ghtwOKcJkg0ylkgGC5fEMyL4H3txCbjaNyItBtSpan2g","https://www.simplyhired.com/browse-jobs/companies/Liberty-Mutual-Insurance","Liberty Mutual","Shreveport, LA","3.5","$45,000 - $85,000 a year","Full-time","Remote","Office","Organizational skills","Typing","Paid training","Health insurance","",""
"Nevada Remote Insurance Defense Partner (Up to $25,000 Signing Bonus) 3249163","https://www.simplyhired.com/job/7BzKVne_MBthj8jF9TXcbnylhfPXVjw89jMfcnjAatS2x-r8mqvbxw","https://www.simplyhired.com/browse-jobs/companies/Resnick-&-Louis,-P.c.","Resnick & Louis, P.C.","Reno, NV","4.1","Full-time","Remote","Background check","8 years","Senior level","Health insurance","Dental insurance","","Quick Apply","6d"
"Remote MSDRG Auditor","https://www.simplyhired.com/job/rb0KpJk38hZgBX-vNDnTO53jLYmO0EjsWPiLadqN2xEerwl-4U2b9Q","https://www.simplyhired.com/browse-jobs/companies/CGI","CGI Group, Inc.","Atlanta, GA","3.6","$58,000 - $114,900 a year","Remote","Microsoft Excel","Microsoft Outlook","5 years","Paid parental leave","Paid holidays","","",""
"Associate Attorney - Nevada","https://www.simplyhired.com/job/QVgv5dV-CYTv_hYjmNQGOycZCBrriSOVz3eadGfDn6EcdXzt-JjiXA","https://www.simplyhired.com/browse-jobs/companies/Ghidotti-Berger-1","Ghidotti Berger","Nevada","4.3","Full-time","Remote","Background check","Mid-level","Residential","Health savings account","Disability insurance","","Quick Apply",""
"Advanced Composite Blade Technician III","https://www.simplyhired.com/job/l9yFsj0ON4E1axV0PiFzfGmYlL39h3Ed41df5NK0Lctq4-kdt6FBgQ","https://www.simplyhired.com/browse-jobs/companies/Pearce-Services-3","Pearce Services","Remote","","$29 - $45 an hour","Full-time","Background check","Schematics","3 years","Paid training","Health savings account","","Quick Apply",""
"Service Coordinator - AI Trainer","https://www.simplyhired.com/job/fwiy3HIdDRlSosNM8hm4yVwAM37vk8eM_KEpRAPass53IPA0HQWZ1g","https://www.simplyhired.com/browse-jobs/companies/Dataannotation","DataAnnotation","Arlington, VA","4.1","From $20 an hour","Contract","Remote","Writing skills","English","Research","","","",""
"California Remote Insurance Defense Partner Positions (Up to $25,000 Signing Bonus) 2984199","https://www.simplyhired.com/job/iK6rvXXqSg73u75GpGylxFxg_bF90KRFBxL5OWuTn5EwI1VWQUclWA","https://www.simplyhired.com/browse-jobs/companies/Resnick-&-Louis,-P.c.","Resnick & Louis, P.C.","California","4.1","$110,000 - $210,000 a year","Full-time","Remote","Background check","Senior level","10 years","Health insurance","Dental insurance","Quick Apply","6d"
"Medical Insurance/Denials Specialist -Work from home (must reside in Texas)","https://www.simplyhired.com/job/3trqRVreDmWJpS6gy4ElrIEYhm0akRyw58_R5Wp1MmLOfXDPqrPoiQ","https://www.simplyhired.com/browse-jobs/companies/Fma-Alliance,-Ltd-(willowbrook-Mall-Area)","FMA Alliance, Ltd (Willowbrook Mall Area)","Texas","2.3","From $20 an hour","Full-time","Remote","Background check","Microsoft Excel","Pass drug screening","Health insurance","Dental insurance","Quick Apply",""
"Nevada Remote Insurance Defense Partner (Up to $25,000 Signing Bonus) 3336086","https://www.simplyhired.com/job/rWVOjXxb_GTYycci4xcLTdD9o8jAKwQ8gB_uGAw_shARpjRCiHv-SQ","https://www.simplyhired.com/browse-jobs/companies/Resnick-&-Louis,-P.c.","Resnick & Louis, P.C.","Las Vegas, NV","4.1","Full-time","Remote","Background check","8 years","Senior level","Health insurance","Dental insurance","","Quick Apply","7d"
"Math Tutor (Remote)","https://www.simplyhired.com/job/YHs_JKFjmkabifxll4Y_ipRd9HGaFHPduf7kKkRgZvidTQhZCbnEwg","https://www.simplyhired.com/browse-jobs/companies/Mathnasium","Mathnasium of Newton","Massachusetts","4.2","Up to $30 an hour","Part-time","Remote","High school","Math","Bachelor's degree","","","Quick Apply",""
"Brand Activation Representative","https://www.simplyhired.com/job/ucZFh6Sd2Z2rYjyWn926SsnBeIGtJ6Hg_ca5asALQI7WnS2u5gH1Aw","https://www.simplyhired.com/browse-jobs/companies/The-Boston-Beer-Company","The Boston Beer Company","Harrisburg, PA","3.8","$20 an hour","Full-time","Remote","Bar","Merchandising","Mid-level","","","",""
"Real Estate Counsel (Independent Contractor, 5+ years exp)","https://www.simplyhired.com/job/Vfel_RHWc7zea7rJUMk9mUdpSSHMRYaGYuYzA5W60mnWmsMQy0GX1Q","https://www.simplyhired.com/browse-jobs/companies/Nacelle,-Pllc","Nacelle, PLLC","Remote","","From $125 an hour","Contract","Remote","5 years","Writing skills","Organizational skills","Flexible schedule","","Quick Apply",""
"Outside Sales Representatives","https://www.simplyhired.com/job/67Mu7DkCq2Qs2kKDBCbkSdb1kK8iAFC5Um5Me4FlhX1WBq4Wdfe0_A","https://www.simplyhired.com/browse-jobs/companies/Groundworks-c4038440","Groundworks Operations, LLC","Phenix City, AL","3.2","Full-time","Remote","Customer service","Construction","Reliable transportation","Opportunities for advancement","","","",""
"Litigation Associate (Full-Time/Flex Time)","https://www.simplyhired.com/job/PZ0oGF1teULTDlEGmA38B34nTqJGzgAGiJeq82ELVx3dtzTEX1BhiA","https://www.simplyhired.com/browse-jobs/companies/The-Long-Law-Firm,-Pllc","The Long Law Firm, PLLC","Syracuse, NY","","From $100,000 a year","Email","Remote","Microsoft Word","Microsoft Excel","Microsoft Outlook","Health insurance","Dental insurance","Quick Apply",""
"Coding Training Specialist, Remote","https://www.simplyhired.com/job/Tcr5vqNLS5qZMIm17KzgCc4l3tKfpLnMQqWJLgSh5BRdDkSZDNB_Kg","https://www.simplyhired.com/browse-jobs/companies/Centauri-Health-Solutions","Centauri Health Solutions","Virginia","3.1","$58,900 - $80,100 a year","Full-time","Remote","Organizational skills","Training & development","Senior level","Paid training","Wellness program","Quick Apply",""
"Sales Representative, Inbound Remote","https://www.simplyhired.com/job/d3ze1SHYQxsPKDz9w_DnKoP2bQ1T2n5Z1ODXFfN0L3PvPWvQJTJvLw","https://www.simplyhired.com/browse-jobs/companies/Liberty-Mutual-Insurance","Liberty Mutual","Lafayette, LA","3.5","$45,000 - $85,000 a year","Full-time","Remote","Office","Organizational skills","Typing","Paid training","Health insurance","",""
"Sales Representative, Inbound Remote","https://www.simplyhired.com/job/_yR_mxBUidAXfaNNC-MgTowoaP5aiK2ntQYswxdj0G6abAuanZQR8g","https://www.simplyhired.com/browse-jobs/companies/Liberty-Mutual-Insurance","Liberty Mutual","Lake Charles, LA","3.5","$45,000 - $85,000 a year","Full-time","Remote","Office","Organizational skills","Typing","Paid training","Health insurance","",""
"Remote Clinical Social Worker (LCSW)","https://www.simplyhired.com/job/RC2Rvau6ny4i3hfR-BEWKRckrEYleiy2uvTbPR87RGID9RMyPu9G6A","https://www.simplyhired.com/browse-jobs/companies/Telemynd","Telemynd","Virginia","4.2","$100,000 - $150,000 a year","Choose your own hours","Remote","Private practice","LMFT","Licensed Clinical Social Worker","Dental insurance","Vision insurance","Quick Apply",""
"Remote Mental Health Provider (LMFT)","https://www.simplyhired.com/job/gZl3uj6Kjgd5cNAZNjMF7WrDodPskR9C8BX25C-DXDeybiYRogDttw","https://www.simplyhired.com/browse-jobs/companies/Telemynd","Telemynd","Riverside, CA","4.2","From $70 an hour","Choose your own hours","Remote","Background check","LMFT","Licensed Clinical Social Worker","Flexible schedule","","Quick Apply",""
"Attorney","https://www.simplyhired.com/job/DWjqlQeCkIwJ9GJZnKduqcB-eFJi5t_0_IZBjsBE91Ky3U5ZFNwuSQ","https://www.simplyhired.com/browse-jobs/companies/Donald-W-Fohrman-&-Associates,-Ltd.","Donald W Fohrman & Associates, Ltd.","Illinois","","$50,000 - $60,000 a year","8 hour shift","Remote","Mid-level","US work authorization","Health insurance","Dental insurance","","Quick Apply",""
"Oncology Data Specialist","https://www.simplyhired.com/job/vR_FsjafqRdnhLKR3OWvI2ijDu2tT9DAjNl0VpCHE4703aXWqS3RAg","https://www.simplyhired.com/browse-jobs/companies/Aptive","Aptive","Remote","3.6","Full-time","Mid-level","2 years","","","","","","",""
"Outside Sales Representative","https://www.simplyhired.com/job/Eda6w0U12quUv74ocRmaNENL38OgWUcggdCUmilKjBqyHR6m4tjQdQ","https://www.simplyhired.com/browse-jobs/companies/Groundworks-c4038440","Groundworks Operations, LLC","Rochester Hills, MI","3.2","Full-time","Remote","Customer service","Construction","Reliable transportation","Opportunities for advancement","","","",""
"Enrollment Operations Manager","https://www.simplyhired.com/job/om4SmVUkBT-CLSIbUBOkH7wN3Sd0VmQB5yBmLI7BPu-8Ib6ppPCLjQ","https://www.simplyhired.com/browse-jobs/companies/Talentbridge-0422c560","TalentBridge","Austin, TX","3.5","$75 - $125 a day","Full-time","Remote","Mid-level","Team management","Organizational skills","","","Quick Apply",""
"Litigation Attorney","https://www.simplyhired.com/job/m5G2AndH0n6i_nFL9oStKC091m2LkQZkPxt2wQFIeCgj8Jv4MMVxYg","https://www.simplyhired.com/browse-jobs/companies/The-Law-Brothers","The Law Brothers","Los Angeles, CA","3.8","$130,000 - $250,000 a year","Full-time","Remote","Mid-level","Free parking","Paid holidays","","","Quick Apply",""
"Program Manager, Operations & Automation","https://www.simplyhired.com/job/0-CAWybaqscEIEGaqRDHvhpLB5mSnrDuj4EnxCF8PNM9Z4NYT1UsDQ","https://www.simplyhired.com/browse-jobs/companies/Supplyhouse.com","SupplyHouse","Remote","2.9","$83,000 - $103,000 a year","Full-time","Remote","3 years","Analysis skills","Bachelor's degree","Paid holidays","Disability insurance","Quick Apply",""
"HIM Coder Analyst II-REMOTE within State of TX","https://www.simplyhired.com/job/xbWNCUpmHvfX2PJER5Ltzv5dYlouPEh6c8mBEyUQ47zGcdUP6fEtfg","https://www.simplyhired.com/browse-jobs/companies/Cook-Children's-Health-Care-System","Cook Children's Health Care System","Fort Worth, TX","4.1","Full-time","Remote","Microsoft Excel","Surgery","Mid-level","","","","",""
"Remote Mental Health Provider (LMFT)","https://www.simplyhired.com/job/1exquLWPWPkGfIsdyfwZSx3QxO8nq3n3-q4UW9aRf9V2ZQs3Z3lOIQ","https://www.simplyhired.com/browse-jobs/companies/Telemynd","Telemynd","Sacramento, CA","4.2","From $70 an hour","Choose your own hours","Remote","Background check","LMFT","Licensed Clinical Social Worker","Flexible schedule","","Quick Apply",""
"Remote Mental Health Provider","https://www.simplyhired.com/job/PelONyi-ZFGig7KT4OtqD8ds4bOQoWKX80EM4UrxPv1JuH5MxGzb5Q","https://www.simplyhired.com/browse-jobs/companies/Telemynd","Telemynd","Hawaii","4.2","$100,000 - $150,000 a year","Choose your own hours","Remote","Background check","LMFT","Licensed Clinical Social Worker","Flexible schedule","","Quick Apply","8d"
"Sales Representative, Inbound, Remote","https://www.simplyhired.com/job/Ms3Ba8BVWDW3RVEspvu55TYyyI64qMEF6FhLwPScw_v_2L9qf8onBw","https://www.simplyhired.com/browse-jobs/companies/Liberty-Mutual-Insurance","Liberty Mutual Insurance","Florida","3.5","$55,000 - $75,000 a year","Full-time","Remote","Computer literacy","Organizational skills","Typing","Paid training","Disability insurance","",""
"Travel Counselor - 29359_G","https://www.simplyhired.com/job/MZND6odWeDEJ_Ktw8LusdeLfO7KIizOgW8p92d8iDlhfomJLr3xqyQ","https://www.simplyhired.com/browse-jobs/companies/Bepc-Inc","BEPC Inc","Remote","4","$32.00 - $35.55 an hour","Weekends as needed","Remote","5 years","Research","High school diploma or GED","Health insurance","Dental insurance","Quick Apply","7d"
"Mental Health Group Facilitator - Master's Degree Required","https://www.simplyhired.com/job/sB6BZEIlPBxaocRo5Fo9j7e4Z2LZEBRhAicd7umAKJz17O32phFKpQ","https://www.simplyhired.com/browse-jobs/companies/Charlie-Health","Charlie Health","Remote","2.8","Part-time","Remote","Background check","Master of Social Work","Mid-level","Health insurance","Work from home","","Quick Apply",""
"Remote Mental Health Provider (LMFT)","https://www.simplyhired.com/job/8gC8DYWhEv2DikcKjvqjnfRt4BHPl9YREXsF4ZTXexbqqF2mGJJOpQ","https://www.simplyhired.com/browse-jobs/companies/Telemynd","Telemynd","San Diego, CA","4.2","From $70 an hour","Choose your own hours","Remote","Background check","LMFT","Licensed Clinical Social Worker","Flexible schedule","","Quick Apply",""
"Mass Tort Associate Attorney","https://www.simplyhired.com/job/3-dJUrsnEw_ZnNz4kGWsU1_WMmublpdP4AXOfMNAwb6xI3g-8tvQUg","https://www.simplyhired.com/browse-jobs/companies/Chaffin-Luhana-LLP-2","Chaffin Luhana LLP","Remote","4.3","Full-time","Remote","Mid-level","Analysis skills","Organizational skills","Commuter assistance","Paid holidays","","",""
"Real Estate Attorney","https://www.simplyhired.com/job/8aLBRIB7uFDdtNkHxh1nghh61mMmqBuKDQr8lpr-3UQZYoFLqosqYw","https://www.simplyhired.com/browse-jobs/companies/Tuttle-&-Associates,-LLC","Tuttle & Associates, LLC","Shelby, NC","2.8","$70,000 - $80,000 a year","Full-time","Remote","Research","Mid-level","Travel","Health insurance","401(k)","Quick Apply",""
"Exteriors Estimate Reviewer - 1099 - Symbility & Xactimate","https://www.simplyhired.com/job/Zl9t4LOdj0_F9hWGP9XfkjSG8QACJb5mpe8Fhwg3Yd0kt8nFeWTkQg","https://www.simplyhired.com/browse-jobs/companies/Accuserve-3","Accuserve Solutions","Remote","2.6","$30 an hour","Weekends as needed","Remote","Background check","Mid-level","3 years","","","Quick Apply",""
"Professional Planner","https://www.simplyhired.com/job/c7ykV9buweNTjuYeMXC7xRxhiUGCD52qWz7zywCtxCnT2O8lmrImbg","https://www.simplyhired.com/browse-jobs/companies/Acuity-Consulting-Services,-LLC","Acuity Consulting Services, LLC","Remote","","$83,200 - $110,240 a year","Email","Google Workspace","5 years","Writing skills","Health savings account","Health insurance","","Quick Apply",""
"Switching Order Management (SOM) SME","https://www.simplyhired.com/job/8HeZwlHqy8L7IuJdsXB87FcIzfY2XFtMau5DZ-82DZ8bus9IYVo3MQ","https://www.simplyhired.com/browse-jobs/companies/Sn-Cloud-Solutions","SN Cloud Solutions","Remote","","$30.18 - $36.34 an hour","Contract","Remote","Training & development","Senior level","","","","Quick Apply","6d"
"Arizona Remote Insurance Defense Partners (Up to $25,000 Signing Bonus) 3553834","https://www.simplyhired.com/job/kVTsRATAKYdJB5GAAz9ccr2SQNIyUF2hnbsSoma3NZPlbCMoLyyChQ","https://www.simplyhired.com/browse-jobs/companies/Resnick-&-Louis,-P.c.","Resnick & Louis, P.C.","Tucson, AZ","4.1","Full-time","Remote","Background check","8 years","Senior level","","","","Quick Apply","6d"
"Experienced and/or Credentialed - Federal Background Investigator - Independent Contractor","https://www.simplyhired.com/job/xglbEg_yFEhz9wBgI7J1hou7ndFzhLmweIcUYQOySl-e3M5jFXH84g","https://www.simplyhired.com/browse-jobs/companies/Information-Discovery-Services","Information Discovery Services","Remote","3.9","Full-time","Remote","Background check","Writing skills","Mid-level","","","","",""
"Engineering U.S. Certified Teacher - Virtual","https://www.simplyhired.com/job/Bx8x9LWFBt0xo3K5MakXzu1ZRdg91-y8X68yVYt7EIvZ7dhv2XkhIQ","https://www.simplyhired.com/browse-jobs/companies/Elevate-K--12","Elevate K-12: Teach With Us","Remote","3.9","From $55 an hour","Choose your own hours","Remote","Classroom","Engineering","Teaching Certification","Work from home","","",""
"Electrical Services Quotation Specialist-Remote","https://www.simplyhired.com/job/knutCaTT-etJe6uLmEfRCh_FLXnuOYRbcTQkZl6xze2CNVpprlpqRg","https://www.simplyhired.com/browse-jobs/companies/Infinity-Tsd,-Inc","Infinity TSD, Inc","Gaffney, SC","","Full-time","Remote","Microsoft Word","Microsoft Excel","Mid-level","Paid training","Health savings account","","Quick Apply",""
"Freelance Language Interpreter - English <> Mandarin/Cantonese/Fuzhou/Japanese","https://www.simplyhired.com/job/a1z2rBR_3gUrqqI9oSROF7BhOMeZOoCPyTNsaW13n820uGQzboS7XA","https://www.simplyhired.com/browse-jobs/companies/Transperfect-983d8371","TransPerfect","Remote","2.9","Choose your own hours","Remote","Background check","English","Windows","Flexible schedule","","","Quick Apply",""
"Sales - Vacation Planner - Work From Home (Orlando Area)","https://www.simplyhired.com/job/w5Otn_DrPSlr32fLBDoknTpkzEzrfzhQvtUGlHBoeoliadr0UNo8ZQ","https://www.simplyhired.com/browse-jobs/companies/Hyatt-Vacation-Ownership","MVC Orlando Call Center","Orlando, FL","2.5","$15 an hour","Full-time","Remote","Ability to walk for extended periods","Computer literacy","Pass drug screening","Health insurance","Dental insurance","",""
"Mitigation Review Specialist (Active IICRC Certifications Required)","https://www.simplyhired.com/job/WhilWx6KM6AC2YHR48dzhMwUiStw5TlSsw4WU3BAxbQyZW3mgvDR2w","https://www.simplyhired.com/browse-jobs/companies/Fast-Team-LLC","FAST Team, LLC.","Remote","","$20 - $30 an hour","Full-time","Background check","Mid-level","Organizational skills","Dental insurance","Paid time off","","Quick Apply",""
"Remote Inside Sales Representative","https://www.simplyhired.com/job/-OuNmmETi10_kYLhezzA-4SFhwJTibi-MlCCjhAPER6u9-D4Xl17CQ","https://www.simplyhired.com/browse-jobs/companies/Liberty-Mutual-Insurance","Liberty Mutual Insurance","Texas","3.5","$55,000 - $75,000 a year","Full-time","Remote","Computer literacy","Organizational skills","In-person","Paid training","Disability insurance","",""
"Remote Mental Health Provider (LMFT)","https://www.simplyhired.com/job/6bMXVAyvw29E66KrslffqcxQUeOtHTReOJeRLMzz2vg7z2VQhn8saQ","https://www.simplyhired.com/browse-jobs/companies/Telemynd","Telemynd","Santa Ana, CA","4.2","From $70 an hour","Choose your own hours","Remote","Background check","LMFT","Licensed Clinical Social Worker","Flexible schedule","","Quick Apply",""
"Manager, Statistics","https://www.simplyhired.com/job/0bLO07Qg05D74xDGxbRMVlUMEs4-E08dGICShzgQgtZjFm36fUh1gw","https://www.simplyhired.com/browse-jobs/companies/Takeda-Pharmaceuticals","Takeda Pharmaceutical","Boston, MA","3.7","$137,000 - $234,800 a year","Online Application","Remote","Management","Doctor of Philosophy","Senior level","Paid holidays","Disability insurance","",""
"School Social Worker- MICHIGAN","https://www.simplyhired.com/job/rodm4JUSflVqC5D2XwqfHdXxK6Z7hUt2-SpvOzl2axlTuC1HzagtyQ","https://www.simplyhired.com/browse-jobs/companies/Edustaff---Sped","Edustaff, LLC","Remote","","$50 - $55 an hour","Part-time","School experience","Master of Social Work","Mid-level","Continuing education credits","Health insurance","","Quick Apply",""
"Associate Attorney","https://www.simplyhired.com/job/Ug52SwQ-64YxirFdsLxHkryygyaGWDS1Cfne_roBpw8gEx4e66JcLg","https://www.simplyhired.com/browse-jobs/companies/Parker,-Pllc-1","Parker, PLLC","Remote","","$70,000.00 - $96,415.23 a year","Part-time","Remote","Bilingual","Writing skills","Mid-level","","","Quick Apply",""
"Litigation Attorney","https://www.simplyhired.com/job/7Z6uUvW-Ce18Qq4B49cOUMRQf-ErXV7WdZqWpiLIq2V0e6ShzeFWNw","","Confidential","Remote","","$50,000 - $100,000 a year","Contract","Remote","Writing skills","Mid-level","US work authorization","","","Quick Apply",""
"Remote Math Tutor - Must Reside in Illinois","https://www.simplyhired.com/job/xQPTjqHyLp4SsCq5tFuUp6EWIexrLGgaRx-P4BwvAoZ628MWf3h5cA","https://www.simplyhired.com/browse-jobs/companies/Braintrust-Tutors","Braintrust Tutors","Chicago, IL","2.5","$32 - $45 an hour","Urgently hiring","Remote","Basic math","Teaching Certification","Math","","","Quick Apply",""
"Compliance Coordinator (Pupil Transportation)","https://www.simplyhired.com/job/wC0ZFQAAEGzqGEvPuNLncoG_93eegf79RsbO3zj07TiNUnhlbA2UvA","https://www.simplyhired.com/browse-jobs/companies/Buckledin","Buckled In","Portland, OR","3.6","$19 - $22 an hour","Overtime","Remote","18 years or older","English","Administrative experience","Paid training","Opportunities for advancement","Quick Apply","9d"
"Arizona Remote Insurance Defense Partners (Up to $25,000 Signing Bonus) 3553829","https://www.simplyhired.com/job/CRIAovyli47_-ySjgG8VnQNiPXJ6BtpbPZBSDZtYGOYiZdgSXleETQ","https://www.simplyhired.com/browse-jobs/companies/Resnick-&-Louis,-P.c.","Resnick & Louis, P.C.","Flagstaff, AZ","4.1","Full-time","Remote","Background check","8 years","Senior level","Health insurance","Dental insurance","","Quick Apply","6d"
"Member Engagement Sales and Service Advisor - Fully Remote in Florida - April 13th start","https://www.simplyhired.com/job/yYFhcLp603SZrxB85zz3EwUOtcN9kS8tMlUCvX6xcrGhKW3rZbf98Q","https://www.simplyhired.com/browse-jobs/companies/Delta-Defense-1","Delta Defense, LLC","Melbourne, FL","4","From $21 an hour","Full-time","Remote","Computer literacy","High school diploma or GED","Computer skills","Paid training","Health savings account","","1d"
"Associate Attorney - Arizona and/or Colorado","https://www.simplyhired.com/job/dJksItXCNjHoY2Id7UxnCXAfiftuV9eyB_3-dYlWVE_aVhff7MBAfQ","https://www.simplyhired.com/browse-jobs/companies/Huguenin-Kahn-LLP-1","Plante Huguenin Lebovic Kahn LLP","Remote","","$130,000 - $185,000 a year","Full-time","Remote","5 years","Writing skills","Research","Health insurance","Dental insurance","Quick Apply",""
"Virtual Math Tutor Grades 9-12","https://www.simplyhired.com/job/sdoZBUCDfWQ2ZFO3cmNgR9NyM2aARva9VRTjPlyIgPAkmSOjLOLvYA","https://www.simplyhired.com/browse-jobs/companies/Home-Care-Providers-8","Einstein Program","Remote","3.1","$25 - $35 an hour","Part-time","Remote","Background check","Teaching Certification","Mid-level","Flexible schedule","","Quick Apply","3h"
"Claims Training Specialist","https://www.simplyhired.com/job/MH1WXUTDHFdYORUfaJOfNgb6KwjjaIQa7SaaXgnWzgFyGiWHjzd_5A","https://www.simplyhired.com/browse-jobs/companies/First-Acceptance-Insurance","First Acceptance Insurance Co Inc","Nashville, TN","3","Remote","Classroom","Mid-level","Master's degree","","","","","","12d"
"Government Billing Spec 2, Remote, Business Office,FT","https://www.simplyhired.com/job/MirnkX5CMl-hyot3wvxP7VtPGiDou1nfBCWvfu2egPKyOujP16st9Q","https://www.simplyhired.com/browse-jobs/companies/Baptist-Health-South-Florida","Baptist Health South Florida","Miami, FL","4.1","$20.02 - $24.22 an hour","Full-time","Remote","Writing skills","HIPAA","Mid-level","","","",""
"Mortgage Loan Officer","https://www.simplyhired.com/job/E9x8o-0NZBJRoAszxs1ftJcOVjhCr919ZEmtUzf_7deg--T6LU3ubg","https://www.simplyhired.com/browse-jobs/companies/Approved-Mortgage-1","Approved Mortgage","Evansville, IN","4.6","$50,000 - $500,000 a year","Part-time","Remote","Microsoft Word","Background check","Microsoft Excel","Health insurance","Dental insurance","",""
"Mortgage Loan Officer","https://www.simplyhired.com/job/il-WYHEN38t0oh2Lg7G5mhAz3coI9K7PpQwMLKLKi8QCZRW9kUHkGg","https://www.simplyhired.com/browse-jobs/companies/Approved-Mortgage-1","Approved Mortgage","Grand Rapids, MI","4.6","$50,000 - $500,000 a year","Part-time","Remote","Microsoft Word","Background check","Microsoft Excel","Health insurance","Dental insurance","",""
"Part-time Dallas- Fort Worth Texas Family Law Attorney Needed - $150.00/hour","https://www.simplyhired.com/job/NUDj62SHGp5ZEaFyEZ310r6-AFtu6Ejt4kq9DkXMuWb_2ZxiU9zKQA","https://www.simplyhired.com/browse-jobs/companies/Flatiron-Legal-Advisors,-LLC","Flatiron Legal Advisors, LLC","Dallas, TX","","$150 an hour","Part-time","Remote","Mid-level","3 years","Organizational skills","Flexible schedule","","Quick Apply","7d"
"Counsel, Employment","https://www.simplyhired.com/job/FP-bVAqwCW1o3CeOUYxVTW2l7XQFJ31sNWaqB3Oy-3MUnGPq54wuDg","https://www.simplyhired.com/browse-jobs/companies/Liberty-Mutual-Insurance","Liberty Mutual","Plano, TX","3.5","$150,000 - $280,000 a year","Full-time","Remote","8 years","Analysis skills","Senior level","","","","20h"
"Clinical Adjudication Manager","https://www.simplyhired.com/job/jvKP_t2RLa6PIfvrZDkPPkpAOQwTeqS7f8oRFTrssXoWkGmURfS1_Q","https://www.simplyhired.com/browse-jobs/companies/Tmf-Health-Quality-Institute","TMF Health Quality Institute","Remote","4","From $10 an hour","Full-time","Remote","Writing skills","Supervising experience","Team management","AD&D insurance","Disability insurance","","4d"
"Remote Accountant (Part-Time)","https://www.simplyhired.com/job/1XL8jRzZU86Vi97k_QFbS4_veUWvdFEkAQ6WYRAPUtLKeeG_TSQW5g","https://www.simplyhired.com/browse-jobs/companies/Supporting-Strategies","Supporting Strategies","Pittsburgh, PA","3.4","$30 - $35 an hour","Part-time","Remote","Mid-level","Finance","Analysis skills","","","",""
"INPATIENT REGIONAL CODER","https://www.simplyhired.com/job/rrfjs9LjDj_fuFtODKKcI7NYRmA_yHnkqNhDgJ478g6i_XDNU0QHtg","https://www.simplyhired.com/browse-jobs/companies/Amg,-Integrated-Healthcare-Management","AMG, Integrated Healthcare Management","Remote","4","Full-time","Remote","Hospital","Mid-level","2 years","AD&D insurance","Paid holidays","","",""
"Polygraph Examiner USSS - Independent Contractor 1099","https://www.simplyhired.com/job/SapOUfSrsPkqoBft_YSa_dNiXPIVbNZkDwa_GyMpg1Bj1lqiaBfKiQ","https://www.simplyhired.com/browse-jobs/companies/Information-Discovery-Services","Information Discovery Services","Remote","3.9","Contract","Remote","Background check","Microsoft Access","Word processing","Continuing education credits","","","",""
"Jurisdictional Consultant II","https://www.simplyhired.com/job/sRtNvm8usg74rY1fzlguossgqrVVRlVlvXL0mj-d_PBhfu3Dn5luqQ","https://www.simplyhired.com/browse-jobs/companies/Fm-bffd96f9","FM","Alpharetta, GA","3.7","$72,160 - $103,700 a year","Full-time","Remote","Mid-level","Administrative experience","Disability insurance","Health insurance","","",""
"Associate Attorney","https://www.simplyhired.com/job/XwzqDQyuCakquOZuMKcPNBlMn7a8Z5Q92OXGle6qJETGtiF4cKIAfg","https://www.simplyhired.com/browse-jobs/companies/Glasser-&-Glasser,-PLC","Glasser & Glasser, PLC","Maryland","2.8","$85,000 - $110,000 a year","8 hour shift","Remote","Background check","Doctoral degree","Pass drug screening","Profit sharing","Health savings account","Quick Apply",""
"Mortgage Loan Officer","https://www.simplyhired.com/job/JBzOnoGv_Yj3MfMM1zui0rhyaVk0ikAuZ8H2hGRBN6k2i8e7Q4yrzQ","https://www.simplyhired.com/browse-jobs/companies/Approved-Mortgage-1","Approved Mortgage","Lexington, KY","4.6","$50,000 - $500,000 a year","Part-time","Remote","Microsoft Word","Background check","Microsoft Excel","Health insurance","Dental insurance","",""
"LTC Complaint Management Specialist","https://www.simplyhired.com/job/SmijyVw5S3_bFf60wsgJDLP6gaogKx5zN9hXbDcyeLumX08bYNSXAw","https://www.simplyhired.com/browse-jobs/companies/Genworth","Genworth","Lynchburg, VA","3.7","$58,800 - $110,900 a year","Remote","Data analysis skills","Mid-level","Office","Paid holidays","Loan repayment program","","","1d"
"Remote Accountant (Part-Time)","https://www.simplyhired.com/job/xK7jzjKG92dyfjdEnaZvcdOiYzqg0_3y5P5XWfDCc5fStYwtuQfDew","https://www.simplyhired.com/browse-jobs/companies/Supporting-Strategies","Supporting Strategies","Sarasota, FL","3.4","$28 - $35 an hour","Part-time","Remote","Mid-level","Finance","Analysis skills","","","",""
"Mortgage Loan Officer","https://www.simplyhired.com/job/8G03RcwAPqdusVnUNXKeVyKFavJO0WusQglPN_rE4dqoTWf7D-0HyA","https://www.simplyhired.com/browse-jobs/companies/Approved-Mortgage-1","Approved Mortgage","Tampa, FL","4.6","$50,000 - $500,000 a year","Part-time","Remote","Microsoft Word","Background check","Microsoft Excel","Health insurance","Dental insurance","",""
"Manager Plant Supply Chain","https://www.simplyhired.com/job/o8vfjjEIkLHOvVHRbDQ8IO_Sszf32z_-JV_XsPWks5mVLwjU0VX2Hw","https://www.simplyhired.com/browse-jobs/companies/Yanfeng-2","Yanfeng Automotive","Louisville, KY","3.1","Overtime","Remote","Senior level","","","","","","","7d"
"Polish Distance Learning Associate Language Instructor (TUTOR)","https://www.simplyhired.com/job/d69ORO9Mfc-ejYSLxqmpF0dCpXlsUBUEH8lJvB3k_9fqiF1r0Pb58A","https://www.simplyhired.com/browse-jobs/companies/Yorktown-Systems-Group","Yorktown Systems Group","Remote","3.8","$28 an hour","Part-time","Remote","Background check","Mid-level","Windows","","","Quick Apply",""
"Remote Inside Sales Representative","https://www.simplyhired.com/job/scPhZ4RruoyKtMcxPTrL3d5PuG-ArgjgKwhR1Zp5d5oul86vK2Vf5A","https://www.simplyhired.com/browse-jobs/companies/Liberty-Mutual-Insurance","Liberty Mutual Insurance","Missouri","3.5","$55,000 - $75,000 a year","Full-time","Remote","Computer literacy","Organizational skills","Typing","Paid training","Disability insurance","",""
"ED- Facility & Pro Fee Coder (Full-time)","https://www.simplyhired.com/job/TGMVqXXojpKdLL6cJQGa4kKXm80IjSX6VWGxxodPSFxSZVfxQB78qQ","https://www.simplyhired.com/browse-jobs/companies/Healthcare-Coding-&-Consulting-Services-1","Healthcare Coding And Consulting Svcs","Remote","3","Weekends as needed","Remote","Mid-level","Under 1 year","Health insurance","Dental insurance","","","Quick Apply",""
"Real Estate Attorney","https://www.simplyhired.com/job/4CnXLTk55RbgRiF1RfpvDfL3B7B-eJ9fyxeiFUdQt6yH0Hzi_8Aa4A","https://www.simplyhired.com/browse-jobs/companies/Tuttle-&-Associates,-LLC","Tuttle & Associates, LLC","Asheville, NC","2.8","$70,000 - $80,000 a year","Full-time","Remote","Research","Mid-level","Travel","Health insurance","401(k)","Quick Apply",""
"Sales Representative, Inbound Remote","https://www.simplyhired.com/job/8OF7UYd-zfYZd8D3xBMRJlF0nvfQFL3WMWpuzQH2JySzgsx9-ek_Ag","https://www.simplyhired.com/browse-jobs/companies/Liberty-Mutual-Insurance","Liberty Mutual","Baton Rouge, LA","3.5","$45,000 - $85,000 a year","Full-time","Remote","Organizational skills","Typing","2 years","Paid training","Health insurance","","8d"
"Remote Inside Sales Representative","https://www.simplyhired.com/job/Z2HUpTEE_fOKbbT1DLySndOBFcI5ExtHj9ZPCqvWncPmd6Zc1KjELw","https://www.simplyhired.com/browse-jobs/companies/Liberty-Mutual-Insurance","Liberty Mutual Insurance","Arizona","3.5","$55,000 - $75,000 a year","Full-time","Remote","Computer literacy","Organizational skills","In-person","Paid training","Disability insurance","",""
"Sales Representative, Inbound Remote","https://www.simplyhired.com/job/x_eDnzuqyzW0CPL8tEKNZhGRZLhik_AJUyfPCL6oTfatmsY8vNl64A","https://www.simplyhired.com/browse-jobs/companies/Liberty-Mutual-Insurance","Liberty Mutual","New Orleans, LA","3.5","$45,000 - $85,000 a year","Full-time","Remote","Organizational skills","Typing","2 years","Paid training","Health insurance","","8d"
"Associate Attorney","https://www.simplyhired.com/job/-Lw6M8lTmE1M59COcUF6CidMlMVegOJ-B16IKWApu_3ZnZYJiLammA","https://www.simplyhired.com/browse-jobs/companies/Mullen-&-Filippi","Mullen & Filippi, LLP","Orange, CA","3.5","$130,000 - $190,000 a year","Remote","Microsoft Word","Microsoft Outlook","Writing skills","Health insurance","Dental insurance","","Quick Apply",""
"Independent Contractor - Site Inspector - Springfield, IL Area","https://www.simplyhired.com/job/7nrFcpUCMkL9kVdw_T15pJr94XkdpLe9FvmG1vszKhGhFjdG6kC1lw","https://www.simplyhired.com/browse-jobs/companies/Information-Discovery-Services","Information Discovery Services","Springfield, IL","3.9","$20 an hour","Choose your own hours","Remote","In-person","Phone etiquette","Entry level","","","",""
"Remote Mental Health Provider (LMFT)","https://www.simplyhired.com/job/B1qC1ylKV2dml_ArWPQVJWI2upmkfX_9HEQjjM7bn_m_E51scX1z5A","https://www.simplyhired.com/browse-jobs/companies/Telemynd","Telemynd","California","4.2","$100,000 - $150,000 a year","Choose your own hours","Remote","Private practice","LMFT","Licensed Clinical Social Worker","Dental insurance","Vision insurance","Quick Apply",""
"Medical Doctor","https://www.simplyhired.com/job/xICP9oweZP7AQJDLx36-7io7uYR0Zo9ojm0IemyLoHxyJsmNk4KZAA","https://www.simplyhired.com/browse-jobs/companies/Seven-Principles-Group","Seven Principles Group","Remote","5","$150 - $250 a day","Contract","Remote","Background check","Medicine","Mid-level","Professional development assistance","Flexible schedule","Quick Apply",""
"Commercial Insurance Account Coordinator","https://www.simplyhired.com/job/zsI2JborJX_67MIjZqwTPN2bJunq-aDVgqpdWGt84eCnI6RzkpK6vw","https://www.simplyhired.com/browse-jobs/companies/Nfp-Corp","NFP Corp","Remote","3.6","$32,000 - $43,000 a year","Full-time","Hybrid work","Administrative experience","High school diploma or GED","Analysis skills","Paid holidays","Disability insurance","Quick Apply",""
"eDiscovery Specialist","https://www.simplyhired.com/job/UGcxoAZoKMF4zBf1sMrUkHjkm4AgPrurD2MzM1whsHEYFI33yMx3Bg","https://www.simplyhired.com/browse-jobs/companies/Consilio-4bfdc03d","Consilio Services","Remote","3.3","$23 an hour","Full-time","Remote","Doctoral degree","Mid-level","Windows","Health insurance","Dental insurance","Quick Apply",""
"Remote Accounting Expert – AI Trainer","https://www.simplyhired.com/job/pMWceh7FksyFvCterUm1OmRDrbJZ5B0N_rAzv2IkDdy2IQibIZX2tQ","https://www.simplyhired.com/browse-jobs/companies/Dataannotation","DataAnnotation","Murrieta, CA","4.1","$50 - $60 an hour","Contract","Remote","Data analysis skills","English","Mid-level","","","",""
"Policy and Regulatory Affairs Fellow","https://www.simplyhired.com/job/1t_iiWFyYHUudO_by7712mK8Y8NNRrSliOoL2tp1GUUp5K-1nZUWvg","https://www.simplyhired.com/browse-jobs/companies/Association-of-American-Medical-Colleges","Association of American Medical Colleges","Washington, DC","3.6","$26.80 an hour","Part-time","Remote","Writing skills","Research","Analysis skills","","","","8d"
"Independent Contractor - Site Inspector - Panama City, FL Area","https://www.simplyhired.com/job/SiC_6aa3JRjVwoVq-gdIhwj7z1fST5UmJHn6pZWOxqWWSKlMxvRlCg","https://www.simplyhired.com/browse-jobs/companies/Information-Discovery-Services","Information Discovery Services","Panama City, FL","3.9","$20 an hour","Choose your own hours","Remote","In-person","Phone etiquette","Entry level","","","","11d"
"Real Estate Attorney","https://www.simplyhired.com/job/m_xZAjJ_a1fI7xzaxWawT_VrLTbe51ik-2G_LPE8o-7KC7e0WxSD6A","https://www.simplyhired.com/browse-jobs/companies/Tuttle-&-Associates,-LLC","Tuttle & Associates, LLC","Columbia, SC","2.8","$70,000 - $80,000 a year","Full-time","Remote","Research","Mid-level","Travel","Health insurance","401(k)","Quick Apply",""
"Freelance Language Interpreter - English <> Korean/Vietnamese/Hmong/Karen","https://www.simplyhired.com/job/gRZDSW2BNELvSvIpmMtL8oAe6FxBDA3epVHz8a1PMuMSUAlK2wiyXA","https://www.simplyhired.com/browse-jobs/companies/Transperfect-983d8371","TransPerfect","Remote","2.9","Choose your own hours","Remote","Background check","English","Windows","Flexible schedule","","","Quick Apply",""
"Inside Sales Representative - Electronic Parts Sales","https://www.simplyhired.com/job/D-wOOikdulAbFKvmEWBOb_uADkXwX9B3YEOSdVlFORWmAVywjjgXPw","https://www.simplyhired.com/browse-jobs/companies/Powell-Electronics,-Inc.","Powell Electronics, Inc.","Remote","3.3","From $45,000 a year","8 hour shift","Remote","Microsoft Excel","Marketing","English","Paid training","Disability insurance","",""
"Sports Betting Event Activations Associate","https://www.simplyhired.com/job/3mfzNuZobk3V7NB5Bxs7J5qmXoXrZkyDw064uAJdu9M2EeoQWBYolw","https://www.simplyhired.com/browse-jobs/companies/Betstamp","Betstamp","Kansas City, MO","4.5","$16 - $20 an hour","Contract","Remote","Bar","No experience needed","Communication skills","","","",""
"Sports Betting Event Activations Associate","https://www.simplyhired.com/job/glu0UVkxpF6YW8p8QVAr6ueP53NOeLBoSFH3HRyGOChp9gt-RQLh6w","https://www.simplyhired.com/browse-jobs/companies/Betstamp","Betstamp","St. Louis, MO","4.5","$16 - $20 an hour","Contract","Remote","Bar","No experience needed","Communication skills","","","",""
"Independent Contractor - Site Inspector - Rutland, VT Area","https://www.simplyhired.com/job/pm8v6Zg1xWiwdb4j0eIGcuctw6EGWuQGpCSdNGR4A5qzoBETc9kUGQ","https://www.simplyhired.com/browse-jobs/companies/Information-Discovery-Services","Information Discovery Services","Rutland, VT","3.9","$20 an hour","Choose your own hours","Remote","In-person","Phone etiquette","Entry level","","","",""
"Medical Coding Policy Analyst","https://www.simplyhired.com/job/szOMqoBJVg10o9Ivy5JaHzmneYopaKJp_TxAUz0qt5Roqi901eaGWg","https://www.simplyhired.com/browse-jobs/companies/Star-Medical-Auditing-Services","STAR Medical Auditing Services","Remote","1","$40 - $44 an hour","Full-time","Remote","Background check","Laboratory","Anatomy knowledge","Health savings account","Health insurance","Quick Apply","8d"
"Consumer Electronics Expert","https://www.simplyhired.com/job/fU5Yget1Rlbxg0BaXzqXLHmFIgGitpiCaN0qkx3ZMYEUEr3jrxuXxQ","https://www.simplyhired.com/browse-jobs/companies/Justanswer","JustAnswer","Remote","3.8","Choose your own hours","Remote","Schematics","Customer service","Maintenance","","","","",""
"Director of Medical Evidence for Veterans Benefits","https://www.simplyhired.com/job/ZWbV80f1rEJhwwV6OKyW4myDrsKyVy_ybQ34rpL8LFvChI2xImuRAA","https://www.simplyhired.com/browse-jobs/companies/Claim-Climbers","Claim Climbers","Remote","","$70,000 - $110,000 a year","Full-time","Remote","Background check","Google Workspace","Writing skills","Paid holidays","Health insurance","Quick Apply",""
"Administrative Assistant - Must have Construction Permitting & Software Experience","https://www.simplyhired.com/job/c5MvOQPVQHAtlKFu81SqWheji8eEeIyrG-Dh2wykJkBwDMhVCr9kTA","https://www.simplyhired.com/browse-jobs/companies/Badin-Lake-Builders","Badin Lake Builders","North Carolina","","$17 - $27 an hour","Part-time","Remote","Background check","Spanish","Google Workspace","Paid time off","Retirement plan","Quick Apply",""
"Online Admissions Consultant","https://www.simplyhired.com/job/gdKNwhcXcKPSF_O4rgy4wfQspW9c5Xs6kbVGHWwfQ73iYC5mqUDXJA","https://www.simplyhired.com/browse-jobs/companies/Liberty-University","Liberty University Online","Remote","3.8","From $17.50 an hour","8 hour shift","Remote","Sales","Customer service","Computer literacy","Paid holidays","Disability insurance","",""
"Online Admissions Counselor","https://www.simplyhired.com/job/kB81pGsFhym3wJbOcF9AgTLBjDQvI0zyNIfqnaNh8YSgr9d-mC63XQ","https://www.simplyhired.com/browse-jobs/companies/Liberty-University","Liberty University Online","Remote","3.8","From $17.50 an hour","8 hour shift","Remote","Sales","Customer service","Computer literacy","Paid holidays","Disability insurance","",""
"TikTok content creator","https://www.simplyhired.com/job/wbt8MGlIUGHa38w926QUV0wkvTBEUaY3SKxcnsTNur7pdR1Rs3mVkg","https://www.simplyhired.com/browse-jobs/companies/Viralcntrl","Viralcntrl","Remote","","$24.81 - $29.88 an hour","Part-time","Remote","18 years or older","Fair chance","Entry level","Flexible schedule","","","4d"
"VA Accredited Agent - Remote","https://www.simplyhired.com/job/65gJplQjGVlye96IT4PsRmckOr1BcoNRF7P8dfuOLYo-3sOEBWgxdA","https://www.simplyhired.com/browse-jobs/companies/Turnout-(turnout.co)","Turnout (myturnout.com)","Remote","","$60,000 - $150,000 a year","Full-time","Background check","Mid-level","Travel","Paid holidays","Health insurance","","Quick Apply",""
"US-Based Survey Participants Needed - Tablet Users","https://www.simplyhired.com/job/rCJWZkxFUvldgL8noek1wwds_GlG8u4Vu5bMZHPkDpthvVYZBX8qsQ","https://www.simplyhired.com/browse-jobs/companies/Lionbridge","Lionbridge","California","3.4","$20 an hour","Remote","Entry level","","","","","","",""
"Animal Care - WyPaw Online Platform","https://www.simplyhired.com/job/WvBh-yQOuSdr6L1iBxbDpgYgC-3zK0MgHaLx4NKd9TVFD590S_1Rag","https://www.simplyhired.com/browse-jobs/companies/Wypaw","WyPaw","Remote","","From $3,000 a month","Temporary","Background check","High school diploma or GED","US work authorization","Health insurance","Dental insurance","","Quick Apply","3d"
"Contract Food Safety Auditor (Remote Based)","https://www.simplyhired.com/job/Ti30pTgetMCkbi5yu2-skSIevWnQurkF6g3TWTfFk6HYcnw3DuKcxg","https://www.simplyhired.com/browse-jobs/companies/Perry-Johnson-Registrars-Food-Safety,-Inc.","Perry Johnson Registrars Food Safety, Inc.","Remote","3","$500 - $550 a day","Contract","5 years","Bachelor's degree","Quality control","Work from home","Flexible schedule","","Quick Apply",""
"Provider Relations Rep 1-Contracting","https://www.simplyhired.com/job/HrH6pMgf5NuoCEs8YVjOIdserxz4RQn45YhtKuBkJhl0I2TEqywSug","https://www.simplyhired.com/browse-jobs/companies/Baylor-Scott-&-White-Health","Baylor Scott & White Health","Remote","3.8","$24.77 - $41.90 an hour","Monday to Friday","Mid-level","Bachelor's degree","Travel","Health insurance","Tuition reimbursement","","","15h"
"Claims Examiner - Workers Compensation-REMOTE (40353)","https://www.simplyhired.com/job/9R-XSv_-aWmj74aDbRxlhOD7DzVEKB7c394MNw4yghZxMdBo7x8zJA","https://www.simplyhired.com/browse-jobs/companies/Ios-Staffing","IOS Staffing Services","Remote","3.9","$32 an hour","Full-time","Remote","Background check","Mid-level","3 years","Health insurance","Dental insurance","Quick Apply",""
"Remote People Operations Coordinator","https://www.simplyhired.com/job/WVRVjHHiNf-PDIHSZweidFpnQM_v9-gPQll7-MqTxwNLUCh4MWxEEg","https://www.simplyhired.com/browse-jobs/companies/Jobsrus","CorTech","Denver, CO","3.1","$29 an hour","Contract","Remote","Mid-level","Data entry","2 years","","","","22h"
"Remote People Operations Coordinator","https://www.simplyhired.com/job/tHUcraOyFI-iv68PYnbHWIdq3HizipkygAfmEexqpX0HPjM51s6YQg","https://www.simplyhired.com/browse-jobs/companies/Jobsrus","CorTech","Atlanta, GA","3.1","$24.50 an hour","Contract","Remote","Human resources","1 year","AI","","","","22h"
"Remote Animal Care - Flexible","https://www.simplyhired.com/job/q8k5XwdZzc4mNPOEISImRfR9Gj5gALFnY3fSi36IwuiHOwINvAXqNQ","https://www.simplyhired.com/browse-jobs/companies/Wypaw","WyPaw","Remote","","From $3,000 a month","Temporary","Background check","High school diploma or GED","US work authorization","Health insurance","Dental insurance","","Quick Apply","3d"
"Remote People Operations Coordinator","https://www.simplyhired.com/job/dEx1OAW9R5FoATaDZpqAMOWuyDH662WQwEVKe0hr3L_4wDH8wrwODw","https://www.simplyhired.com/browse-jobs/companies/Jobsrus","CorTech","Portland, OR","3.1","$29 an hour","Contract","Remote","Mid-level","Data entry","2 years","","","","22h"
"Customer Service Rep - Customer Service - Junior","https://www.simplyhired.com/job/aPXsiAdps29ImuVZU19UQCE4ptMqoHwqO5DTiKzuu0VdbMfOKl7JFw","https://www.simplyhired.com/browse-jobs/companies/Global-Technical-Talent-1","GTT, LLC","Framingham, MA","3.8","$22 an hour","Contract","Remote","Microsoft Word","Computer literacy","Analysis skills","Health insurance","Dental insurance","Quick Apply",""
"Quality Assurance Reviewer","https://www.simplyhired.com/job/BJfLRDkeG2eVzj1f9LR7gDJt_xgF-goBUOy24Ic8n6U_EMcl75THag","https://www.simplyhired.com/browse-jobs/companies/Certisurv","CertiSurv","Remote","3.3","$70,000 - $80,000 a year","Weekends as needed","Remote","Microsoft Word","Microsoft Excel","RN License","Health savings account","Health insurance","Quick Apply",""
"Medical Records Assistant","https://www.simplyhired.com/job/uPKnY-Uue_ecMtmFiwkDQFU2vh7MpktQItJgWtTSWXm3DnjsQ1Oqrg","https://www.simplyhired.com/browse-jobs/companies/Imedview,-Inc","Imedview, Inc","Saugerties, NY","3.6","$20 - $22 an hour","Remote","11+ years","Mid-level","Data entry","Health insurance","Dental insurance","","Quick Apply","1d"
"Family Law Attorney (Bilingual Chinese and English)","https://www.simplyhired.com/job/chRNqJqa9myd0Bgt9o95imhwNamku_2lcxlg97VRrKTXf5WqyS40Vg","https://www.simplyhired.com/browse-jobs/companies/Sonicmax-Inc","Oriole legal management Inc","Remote","","$120,000 - $200,000 a year","Full-time","Heavy lifting","5 years","Writing skills","","","","Quick Apply",""
"Telehealth Registered Dietitian","https://www.simplyhired.com/job/NGDfVzuGQCjNn8BpipoaD8I9FXfHbzOyXGgnDtorYGKMXzHjSxD8GA","https://www.simplyhired.com/browse-jobs/companies/Nourish-dbc247ae","Nourish","Washington, DC","2","$50 - $55 an hour","Part-time","Remote","Background check","US work authorization","Telehealth","Continuing education credits","Health savings account","",""
"Telehealth Registered Dietitian","https://www.simplyhired.com/job/12FAiSODxhrYgUFcl6yaftoic23KASQyptggQupwkJ4iYqoqnRXbOQ","https://www.simplyhired.com/browse-jobs/companies/Nourish-dbc247ae","Nourish","San Francisco Bay Area, CA","2","$50 - $55 an hour","Part-time","Remote","Background check","US work authorization","Telehealth","Continuing education credits","Health savings account","",""
"Salesforce Data Specialist","https://www.simplyhired.com/job/Gh_FkOSgwLc_2cwPX--71bE5T5RUB9qs2OVBbVJoEUdcK_ykQONC6Q","https://www.simplyhired.com/browse-jobs/companies/Bernard-Nickels-&-Associates","Bernard Nickels & Associates","Remote","3.9","$25 - $30 an hour","Temporary","Remote","Salesforce","Bachelor's degree","US work authorization","Health insurance","","Quick Apply",""
"Attorney to Create Washington Estate Planning Documents - $2,800.00 Flat Fee","https://www.simplyhired.com/job/j-J-ZsEHq5njANpRFCctqzqWsmla4uhmxLKVtzP-Y5hZut44gvR1YA","https://www.simplyhired.com/browse-jobs/companies/Flatiron-Legal-Advisors,-LLC","Flatiron Legal Advisors, PLLC","Washington State","","Contract","Remote","Doctoral degree","5 years","No background check","","","","Quick Apply",""
"Customs Trade Agent","https://www.simplyhired.com/job/rYZavSuvjGMolPC4cncIMZ4lXKIICkWcN-4Okk-3hj9ReH6TJMAPwg","https://www.simplyhired.com/browse-jobs/companies/FedEx-Logistics","FedEx Logistics","Jonesboro, AR","3.9","Full-time","Remote","Microsoft Outlook","Customer service","No experience needed","Paid training","","","","13h"