"chakra-button","chakra-button href","css-lvyu5j href","css-lvyu5j 2","css-1t92pv","css-0","css-195yc6f","css-195yc6f 2","css-195yc6f 3","css-195yc6f 4","css-195yc6f 5","css-195yc6f 6","css-195yc6f 7","chakra-text","chakra-text 2","css-195yc6f 8"
"Military Move Coordinator/ Customer Service Representative - Seasonal position","https://www.simplyhired.com/job/ySIVvp75FpjrsYN4yVfWiMeLJGQTMPuPvW3v9LFdeDPWVuGCIk7OTw","https://www.simplyhired.com/browse-jobs/companies/Tier-One-Relocation,-LLC","Tier One Relocation LLC","Remote","3.2","$16 - $18 an hour","Temporary","Remote","Background check","Customer service","High school diploma or GED","Work from home","Quick Apply","1h",""
"Manager, Digital Content Enrichment (remote)","https://www.simplyhired.com/job/hSAx5q4Shui8YPsr73Fkj_bKHGlCogEPmeeOuX_icafLaH2CnSPKaQ","https://www.simplyhired.com/browse-jobs/companies/US-Foods","US Foods, Inc.","Rosemont, IL","3.2","Full-time","Remote","Marketing","5 years","Merchandising","Employee stock purchase plan","Disability insurance","12h","",""
"Projet Finders -Telecom (USA)","https://www.simplyhired.com/job/lP_Q5R47w5eJvrm9enkN7PAkY737cWtqw4KwNzmY6-MpboikKGATww","https://www.simplyhired.com/browse-jobs/companies/Sascom-Networks-and-Telecom","SASCOM NETWORKS AND TELECOM","Remote","","Temporary","Remote","Mid-level","Business development","Construction","","","1h","Quick Apply",""
"Digital Content Editor - AI Trainer","https://www.simplyhired.com/job/oIQHEcgV8F1A_R39k-llpq9B0u_pogJdarFzv1nd4ILo-1IEJgHTfA","https://www.simplyhired.com/browse-jobs/companies/Dataannotation","DataAnnotation","Minneapolis, MN","4.1","From $20 an hour","Contract","Remote","Writing skills","English","Research","","","",""
"Online Academic Advisor","https://www.simplyhired.com/job/jxuohDGC-nR2P3FNL3CmVKRSTuFR9Y4lVda6-leGk8gb0tpAb3jrtg","https://www.simplyhired.com/browse-jobs/companies/Liberty-University","Liberty University Online","Remote","3.8","From $17.50 an hour","8 hour shift","Remote","Sales","Customer service","Computer literacy","Paid holidays","","","Disability insurance"
"Part-Time Copywriter (up-to 20hrs/week)","https://www.simplyhired.com/job/OZ677jDiqkAz3C7Sg8jBqY-j2J8kqZlyH48Lfy0em2wvYHj1Ob63yQ","https://www.simplyhired.com/browse-jobs/companies/Crucialpoint","CrucialPoint","Remote","","$15 - $20 an hour","Part-time","Remote","Research","Communication skills","Entry level","","","Quick Apply",""
"Website Content Writing","https://www.simplyhired.com/job/EfsHKv4PmW3mgTQJWBi1OJdz4yoM4wQriB_XXEMbRlG399sV2_aOpQ","https://www.simplyhired.com/browse-jobs/companies/Intone-Networks","Intone Networks","Remote","4.1","Contract","Remote","Mid-level","Communication skills","Marketing","","","1d","",""
"Virtual Assistant (Shopify & Etsy)","https://www.simplyhired.com/job/QfMUvTF95-NKv3L01us8DwshUVB5817BvGpNSTIbTVPFMZAH-xTvEg","https://www.simplyhired.com/browse-jobs/companies/Shenandoah-Social-LLC","Shenandoah Social LLC","Remote","","$20 - $25 an hour","Contract","Remote","Product management","Entry level","Flexible schedule","","5d","Quick Apply",""
"Marketing Assistant","https://www.simplyhired.com/job/EUpFkBbEnxIFWtp1czx29R0GVVimmgkUpsj2KJ7FwMN32kvyjdyltw","https://www.simplyhired.com/browse-jobs/companies/Prime-Reach-Media","Prestige Wheels","Remote","","From $4,200 a month","Full-time","Remote","Communication skills","Entry level","HTML","Health insurance","","Quick Apply","Paid time off"
"Content Editor - AI Trainer","https://www.simplyhired.com/job/1phLZjcrb3jSa0IUkM7Oq-lHiTs_rWgBu2nDxlRw4rvBVnsFRjJYLA","https://www.simplyhired.com/browse-jobs/companies/Dataannotation","DataAnnotation","Phoenix, AZ","4.1","From $20 an hour","Contract","Remote","Writing skills","English","Research","","","",""
"Servicing Travel Advisor III - Chase Travel (Remote-Florida)","https://www.simplyhired.com/job/ZrV-jlaujf51n6lBIJszaONbXRo05EX6jZuy2mPVcjU4U80oqDs54A","https://www.simplyhired.com/browse-jobs/companies/Jpmorganchase-2","JPMorganChase","Tampa, FL","3.9","Weekends as needed","Remote","Microsoft Excel","Microsoft Outlook","Mid-level","","","","",""
"Servicing Travel Advisor III - Chase Travel (Remote - Tempe, AZ)","https://www.simplyhired.com/job/V8dfoRsi_W4cF8s3BE3MET5pdMPI9USp-95TMTRDg3XbWzwVf3uEmg","https://www.simplyhired.com/browse-jobs/companies/Jpmorganchase-2","JPMorganChase","Tempe, AZ","3.9","Weekends as needed","Remote","Microsoft Excel","Microsoft Outlook","Research","Health insurance","Tuition reimbursement","","",""
"Go-To-Market Manager - Remote","https://www.simplyhired.com/job/ig1QsTGMaLHZsV5kpiQG_9gti_SOa2acJC0ZmOt4RUEnOo59vLX0Bg","https://www.simplyhired.com/browse-jobs/companies/Usable-Life","USAble Life","Little Rock, AR","3.5","$82,000 - $115,000 a year","Remote","7 years","Military","Bachelor's degree","Paid holidays","Health insurance","6d","",""
"Construction Project Manager - Retail, QSR (Remote in Denver)","https://www.simplyhired.com/job/Syr534UEPg4MosvTEV8eLBbZU7M2b0i_b5fR4w9mGZZFOV3n4IsOqw","https://www.simplyhired.com/browse-jobs/companies/Michael-Page","Michael Page","Denver, CO","3.7","$100,000 - $120,000 a year","Remote","Construction site","Mid-level","Office","Fuel card","Health insurance","14h","",""
"Desktop Investigator","https://www.simplyhired.com/job/ifH6CHY_QN0uq7EK43a9c-IdFt5qYnAwXLFOePBul4HIYM4Sy9NIOA","https://www.simplyhired.com/browse-jobs/companies/Coventbridge-Group","CoventBridge Group","Grand Rapids, MI","2.7","$18 an hour","Full-time","Remote","Research","Associate's degree","Medical terminology","Paid training","","","Paid holidays"
"Social Media Coordinator","https://www.simplyhired.com/job/XB88E7WCQbjsWcFBYrTpivBfLK1RtlMZ-aDNYmaMpbpqZu95JTKb5A","https://www.simplyhired.com/browse-jobs/companies/Clean-Sweep-Solutions","Clean Sweep Solutions LLC","Remote","","From $15 an hour","Temporary","Remote","Writing skills","Communication skills","Entry level","Flexible schedule","","Quick Apply",""
"Community Moderator - Early Team Member","https://www.simplyhired.com/job/0y-XNQtYeug47oa2Hnm-OE_gsYwApw9Q7zUdVX0JYTZLot02kVZNhg","https://www.simplyhired.com/browse-jobs/companies/Meetsta","Meetsta","Remote","","Full-time","Remote","Writing skills","Organizational skills","Communication skills","","","","Quick Apply",""
"Job Title: Etsy Listing Manager – Digital Products (Remote)","https://www.simplyhired.com/job/SNrgyYnT5eL2AxG_l4lF2rFHnHUn-zdPqBAJhUvJXeHEsfIh6YwbCw","https://www.simplyhired.com/browse-jobs/companies/Ginos-Digital-Studio","Ginos digital studio","Remote","","$10 - $100 an hour","Contract","Remote","Communication skills","Entry level","Flexible schedule","","6d","Quick Apply",""
"Content Writer","https://www.simplyhired.com/job/ABd60y4_lpy5fZn75bJYupiICXNwlJEUleWsMMQJYPfEsXts1PCnYA","https://www.simplyhired.com/browse-jobs/companies/Visme","Visme","Remote","3","Full-time","Remote","English","Mid-level","2 years","","","","",""
"Content Moderator (Contract) - Urgent Hire","https://www.simplyhired.com/job/6b4PGVfWusqMgN2PAesi6vIRXEpLZsQZwb5bP9Ira6ujGd-S_exMlg","https://www.simplyhired.com/browse-jobs/companies/Gaggle-Net,-Inc.","Gaggle Net, Inc.","Remote","2.6","Urgently hiring","Criminal background check","Entry level","","","","","","Quick Apply",""
"Content Editor - AI Trainer","https://www.simplyhired.com/job/kjprrlrJF0AChXRm2k-2AHIgd5m5IwNlxJ6DG5j4nCHPkahTNGvh8A","https://www.simplyhired.com/browse-jobs/companies/Dataannotation","DataAnnotation","Las Vegas, NV","4.1","From $20 an hour","Contract","Remote","Writing skills","English","Research","","","",""
"Social Media Coordinator","https://www.simplyhired.com/job/96Cg1SDBBT-ikpqam99tCYkHUKuJvf4koX5fE969Vzf4E9Y17WCKSQ","https://www.simplyhired.com/browse-jobs/companies/Therabody-Corporate","Therabody Corporate","Remote","","$65,000 - $70,000 a year","Full-time","Remote","Marketing","Writing skills","Research","","6d","Quick Apply",""
"Digital Content Specialist","https://www.simplyhired.com/job/NvEdSAz9hgBj7L1vpN_ZBTSCxS8iYA9m1ENjPkUZTfDTOODd_bDRtw","https://www.simplyhired.com/browse-jobs/companies/Genova-ed55a4ff","Genova","Remote","1","$51,705.80 - $60,000.00 a year","Full-time","Remote","Marketing","Word processing","Mid-level","Health savings account","23h","Quick Apply","Health insurance"
"Marketing Coordinator","https://www.simplyhired.com/job/aia2ma4bhjHRL_TCFWf0h1wAfkpppCzJqKdwOxF7xyjAe9UNA-OzuA","https://www.simplyhired.com/browse-jobs/companies/Atari,-Inc.","Atari, Inc.","Remote","","$60,000 - $75,000 a year","Remote","Mid-level","Communication skills","","","","","Quick Apply",""
"Digital Content Editor - AI Trainer","https://www.simplyhired.com/job/q5JU2vqi746pNNw2iwY6xR6GfaAylbpoQ6SgVDL_QaNKkvRO9iuxZw","https://www.simplyhired.com/browse-jobs/companies/Dataannotation","DataAnnotation","Alexandria, VA","4.1","From $20 an hour","Contract","Remote","Writing skills","English","Research","","","",""
"Acquisition Manager","https://www.simplyhired.com/job/6B3qRc-zR00SrUfv1eZcwcDslrW7I7wFbnhRPkmbYOZVjRavEPbYbg","","Confidential","Remote","","$110,000 - $140,000 a year","Full-time","Remote","5 years","Military","Analysis skills","Health insurance","5d","Quick Apply","Dental insurance"
"Regional Gift Planner","https://www.simplyhired.com/job/hYXmkpImZsWOpERiC9OVqQsZvF4hdi7CBSK_y09B-8b1E2nyxlRuyg","https://www.simplyhired.com/browse-jobs/companies/Careers-in-Nonprofits-47db7019","Careers In Nonprofits","Chicago, IL","","$78,000 - $97,500 a year","Full-time","Remote","Mid-level","Communication skills","","","1d","",""
"Regional Gift Planner","https://www.simplyhired.com/job/ZJ333wlL9jTyD3idHH2HBgWI9Qukzhi9a1muPpzNHyLlcx_k6_0-rw","https://www.simplyhired.com/browse-jobs/companies/Careers-in-Nonprofits-47db7019","Careers In Nonprofits","Madison, WI","","$78,000 - $97,500 a year","Full-time","Remote","Sales","Mid-level","Communication skills","","1d","",""
"US-Based Survey Participants Needed - Tablet Users","https://www.simplyhired.com/job/v5I5E8C1zzn0h845juMdrzRwHQ6ceswq91MEho0wuqL6RO4ZkTFLaQ","https://www.simplyhired.com/browse-jobs/companies/Lionbridge","Lionbridge","New York, NY","3.4","$20 an hour","Remote","Entry level","","","","","14d","",""
"Email Innovation Lead","https://www.simplyhired.com/job/2D2gkcOSJirurZZl9q3S05mZPzC63MObydwcWefnzpn7YdVxrQz4yg","https://www.simplyhired.com/browse-jobs/companies/H&R-Block","H&R Block","Missouri","4.1","$101,200 - $161,900 a year","Full-time","Remote","8 years","Bachelor's degree","Continuous improvement","Health insurance","","","Employee assistance program"
"Account Executive","https://www.simplyhired.com/job/d3Unpmdq8_zkr3aNB7xvF0ksWdA4xsLSzlEl7WFRv8Ah9KJdjvYXGQ","https://www.simplyhired.com/browse-jobs/companies/Marketeam-2","MarkeTeam","Cherry Hill, NJ","3.3","$62,000 - $84,000 a year","Remote","Microsoft Excel","Marketing","Mid-level","Disability insurance","Health insurance","12d","",""
"Enrollment Operations Manager","https://www.simplyhired.com/job/om4SmVUkBT-CLSIbUBOkH7wN3Sd0VmQB5yBmLI7BPu-8Ib6ppPCLjQ","https://www.simplyhired.com/browse-jobs/companies/Talentbridge-0422c560","TalentBridge","Austin, TX","3.5","$75 - $125 a day","Full-time","Remote","Mid-level","Team management","Organizational skills","","","Quick Apply",""
"US-Based Survey Participants Needed - Tablet Users","https://www.simplyhired.com/job/irAj6kwWo_MTJzgXLRv9p1KWM_oK2ULUCR2OM373F2hdeInUa9S_bQ","https://www.simplyhired.com/browse-jobs/companies/Lionbridge","Lionbridge","Oregon","3.4","$20 an hour","Remote","Entry level","","","","","","",""
"Social Media Associate – Forums","https://www.simplyhired.com/job/VqDoCrgx8eRa8Fdiq3tvXvvWz40c2le9yXVl6i1bvQqCVmVMZBY_uQ","https://www.simplyhired.com/browse-jobs/companies/Two-Barrels","Two Barrels","Remote","5","$50,000 a year","Full-time","Remote","Entry level","Paid holidays","Health insurance","","","",""
"Social Media Manager","https://www.simplyhired.com/job/xNosXCGF79bF6ghR-j6chB8xAbrlF3nL_lZcHZtDsI3TXgHLpwGwFg","https://www.simplyhired.com/browse-jobs/companies/Squire","SQUIRE","Remote","4.3","$90,000 - $120,000 a year","Email","Remote","Writing skills","Mid-level","Health insurance","Dental insurance","7d","Quick Apply",""
"Content Manager","https://www.simplyhired.com/job/qXW_hJtUpZOs_evW3NDC6481tpIZQUQXtCatc29BprhGsktuHL3xgA","","Garrett Popcorn Holding Company","Remote","","$80,000 - $95,000 a year","Full-time","Remote","Microsoft Excel","Marketing","Research","Disability insurance","8d","","Health insurance"
"Social Media Coordinator Job","https://www.simplyhired.com/job/U6tOay6WLMhTZCCx7irkJ0qo4K9wLWHZILuHfbHSRRFkmS9GmKDGmg","https://www.simplyhired.com/browse-jobs/companies/Armstrong-World-Industries","Armstrong World Industries","Remote","3.5","$58,000 - $70,000 a year","Full-time","Remote","Mid-level","Bachelor's degree","1 year","Disability insurance","","","Health insurance"
"Digital Project Manager (entry - mid-level)","https://www.simplyhired.com/job/DLTtK5LEioxFFhPK5491tz1y434rYSKA33LeDptZMuLJUwc2fLiq1Q","https://www.simplyhired.com/browse-jobs/companies/Enqbator-1","Enqbator","Remote","","$65,000 - $75,000 a year","Full-time","Remote","Background check","Mid-level","Project management","Health insurance","5d","Quick Apply","Dental insurance"
"Social Media Community Manager","https://www.simplyhired.com/job/_mIlJ1wY5TDDYPo4XAASpr1JMRqG4QEQeBAC6G49perGkyrlNlfUdQ","","Comfrt","Remote","","Full-time","Remote","Mid-level","Team management","Quality control","Health insurance","Paid time off","","Quick Apply",""
"Digital Marketing Executive","https://www.simplyhired.com/job/mj6M71PtZMmubakFHHi8IzpcZZ-9czq9h5b92HF6-BITEUCNf-uU1g","https://www.simplyhired.com/browse-jobs/companies/Gravity-Infosolutions","Gravity Infosolutions","Remote","","Remote","Mid-level","Health insurance","Retirement plan","","","","","",""
"Outside Sales Representative","https://www.simplyhired.com/job/GfIrlQbFzl5vCie2QVmCdtl0roPtKtmBH2YkSvIKVC8Q8brcNdv2GQ","https://www.simplyhired.com/browse-jobs/companies/Groundworks-c4038440","Groundworks Operations, LLC","Ankeny, IA","3.2","Full-time","Remote","Customer service","Construction","Reliable transportation","Opportunities for advancement","","","",""
"Engineering Manager (Institutional - Foundations, Onboarding & Growth)","https://www.simplyhired.com/job/kb3HTn6YejhbxwS0YaP9XiD83KPR8-4PmbvuTJYO-YY5qYUHzqB3NQ","https://www.simplyhired.com/browse-jobs/companies/Coinbase-1","Coinbase","Remote","3.8","$218,025 - $256,500 a year","On call","Remote","Team management","Recruiting","Software development","Health insurance","","","Dental insurance"
"Advertising and Promotions Planning Manager","https://www.simplyhired.com/job/5aEVsSfKafs0Gx2n4HhUJ-fduQAyftJx1nipLxpvykgt-33oKqTOiA","https://www.simplyhired.com/browse-jobs/companies/Seatmatch","Seatmatch","Florida","","$80,000 - $110,000 a year","Full-time","Remote","Background check","Merchandising","Mid-level","Health insurance","","","Dental insurance"
"SBA Underwriter II","https://www.simplyhired.com/job/hA6-ObQ9CtzE5Z_c2sHLxCHcTNYLcLvam4qAdDqihg0CTcQFdrK45g","https://www.simplyhired.com/browse-jobs/companies/Windsor-Advantage","Windsor Advantage","Chicago, IL","2","$65,000 - $95,000 a year","Remote","Mid-level","3 years","Finance","Commuter assistance","Paid holidays","","",""
"Advertising and Promotions Planning Manager","https://www.simplyhired.com/job/uHrww69h67bYPQ5op9GZrPFYukjRJfNa9Y--Nn2YKqIkhj-gf9ZIWg","https://www.simplyhired.com/browse-jobs/companies/Seatmatch","Seatmatch","Florida","","$80,000 - $110,000 a year","Full-time","Remote","Background check","Merchandising","Mid-level","Health insurance","","","Dental insurance"
"Data Literacy Instructional Specialist II","https://www.simplyhired.com/job/o2B69ekBagbDZ47bNL7P7LAjfC050Dl1i5pMac-vSZTRVVXl9Dp-pg","https://www.simplyhired.com/browse-jobs/companies/Partner's-Consulting,-Inc.","Partners Consulting, Inc.","Philadelphia, PA","3.4","Contract","Remote","Microsoft Excel","Master's degree","Bachelor's degree","","","","Quick Apply",""
"FreeCAD BIM/IFC Specialist - AI Trainer","https://www.simplyhired.com/job/9wCDGsgSkELlQ6EHTFHcOkRu2G4zLc0CjPZdhdTpiWFn9mwhDIlFlw","https://www.simplyhired.com/browse-jobs/companies/Handshake-7","Handshake","Remote","3.8","$125 an hour","Contract","Remote","Mid-level","3 years","US work authorization","","1d","Quick Apply",""
"Outside Sales Representative","https://www.simplyhired.com/job/tn1-4LcbW8FXQQS-mUlTl_qm8r2oCfi52uOTtEfOE_nZyRDYfYe9BQ","https://www.simplyhired.com/browse-jobs/companies/Groundworks-c4038440","Groundworks Operations, LLC","West Des Moines, IA","3.2","Full-time","Remote","Customer service","Construction","Reliable transportation","Opportunities for advancement","","","",""
"Brewery Representative","https://www.simplyhired.com/job/GdtIg8NhaXD-Wt2ehgE7u2UjWsYUyWlsOlu4CyVp-xRCErt-KNd0-A","https://www.simplyhired.com/browse-jobs/companies/The-Boston-Beer-Company","The Boston Beer Company","Oakland, MI","3.8","$47,000 - $62,000 a year","Weekends as needed","Remote","Bar","Merchandising","Business development","Wellness program","","","Employee stock purchase plan"
"Business Development Representative","https://www.simplyhired.com/job/wpYDqbvI1r6pu1_EhEaHe25GAegET3cwzFlME2rB6PAc5sr2qnlwFg","https://www.simplyhired.com/browse-jobs/companies/Devry-University","DeVry University","Remote","3.8","$75,500 a year","Full-time","Remote","Marketing","Research","Mid-level","Paid parental leave","","","Health savings account"
"Brewery Representative","https://www.simplyhired.com/job/6iAW1XjNk7vdRzXDF7hNuxbmxCGgP1KVhVQttBtsmLt7jLxCNBFsGg","https://www.simplyhired.com/browse-jobs/companies/The-Boston-Beer-Company","The Boston Beer Company","Rochester, NY","3.8","$47,000 - $62,000 a year","Weekends as needed","Remote","Merchandising","Mid-level","Driver's License","Wellness program","","","Employee stock purchase plan"
"Brand Activation Representative","https://www.simplyhired.com/job/ucZFh6Sd2Z2rYjyWn926SsnBeIGtJ6Hg_ca5asALQI7WnS2u5gH1Aw","https://www.simplyhired.com/browse-jobs/companies/The-Boston-Beer-Company","The Boston Beer Company","Harrisburg, PA","3.8","$20 an hour","Full-time","Remote","Bar","Merchandising","Mid-level","","","",""
"US-Based Survey Participants Needed - Tablet Users","https://www.simplyhired.com/job/zct3B0Z8U4XcOQ1bJLBTYm3QD8pfqBchgJf0WDrcGLIvNp1zX2dS_A","https://www.simplyhired.com/browse-jobs/companies/Lionbridge","Lionbridge","Arizona","3.4","$20 an hour","Remote","Entry level","","","","","","",""
"CSS TSSM Travel Technology Manager","https://www.simplyhired.com/job/xSaIUrhIPrIgb9uv4wleOnKrU9j5F_8dUqxjqD13zwbpQeoHqGldyA","https://www.simplyhired.com/browse-jobs/companies/Bcd-e53600d2","BCD","Remote","3.8","$48,000 - $73,000 a year","Full-time","Remote","English","Senior level","Flexible schedule","","","",""
"Outside Sales Representative","https://www.simplyhired.com/job/mM09oxeLNTMIlIcYD1gm5Ry4_BVwkLspvxk38S-kqTMzCbvSl1MZ9w","https://www.simplyhired.com/browse-jobs/companies/Groundworks-c4038440","Groundworks Operations, LLC","Des Moines, IA","3.2","Full-time","Remote","Customer service","Construction","Reliable transportation","Opportunities for advancement","","","",""
"US-Based Survey Participants Needed - Tablet Users","https://www.simplyhired.com/job/MVzsBXvX7wEu2a9U1KPcaMums6N3honE6aaK7C2KXyUtTD-sRNf9oA","https://www.simplyhired.com/browse-jobs/companies/Lionbridge","Lionbridge","Virginia","3.4","$20 an hour","Remote","Entry level","","","","","","",""
"NextGen Development Consultant","https://www.simplyhired.com/job/NbsMCLdL-FA0_HjMsJDt379SV4c_tD8auIcevPj3xY5Zx9GhWS3ZbA","https://www.simplyhired.com/browse-jobs/companies/Tempdev","TempDev","Remote","4.1","$88,000 - $103,000 a year","8 hour shift","Remote","Customer service","Mid-level","SQL","Disability insurance","","Quick Apply","Health insurance"
"E-Commerce Sales Manager","https://www.simplyhired.com/job/xL3jOOpym5szCESMTcLWWRpQO5iZlJ3vc6jqgwO6oFHA2_z2xJ9RrQ","https://www.simplyhired.com/browse-jobs/companies/Seatmatch","Seatmatch","Florida","","$80,000 - $110,000 a year","Full-time","Remote","Background check","Sales","Merchandising","Health insurance","","","Dental insurance"
"Remote Math Tutor - Must Reside in Illinois","https://www.simplyhired.com/job/xQPTjqHyLp4SsCq5tFuUp6EWIexrLGgaRx-P4BwvAoZ628MWf3h5cA","https://www.simplyhired.com/browse-jobs/companies/Braintrust-Tutors","Braintrust Tutors","Chicago, IL","2.5","$32 - $45 an hour","Urgently hiring","Remote","Basic math","Teaching Certification","Math","","","Quick Apply",""
"Contract Manager (Minnesota)","https://www.simplyhired.com/job/petyhApgn8DEAoYBIZn_z2a0XFMVYJUrkXSOovcuRQr11ZRcCWbFYA","https://www.simplyhired.com/browse-jobs/companies/CVS-Health","CVS Health","Minnesota","3.2","$60,300 - $132,600 a year","Full-time","Remote","3 years","Bachelor's degree","Recruiting","Employee stock purchase plan","4d","","Health insurance"
"Investran Business Systems Analyst - Remote- FIS Iinvestran must","https://www.simplyhired.com/job/lvAAqrswaSkVXytRyKK2H6LSQmj8RcSUytQ20uE4CZOnJgxKkkzmgg","https://www.simplyhired.com/browse-jobs/companies/Yoh,-A-Day-&-Zimmermann-Company","Yoh, A Day & Zimmermann Company","Boston, MA","3.7","$59.50 - $85.00 an hour","Contract","Remote","Mid-level","APIs","Fair chance","Health savings account","3d","Quick Apply","Disability insurance"
"988 NBU Online Crisis Counselor I","https://www.simplyhired.com/job/YWkHoMvZ6wnmRN3xnOFteBFw56egz1jlHKfk826lPWY72qMWmRj2Bw","https://www.simplyhired.com/browse-jobs/companies/Volunteers-of-America","Volunteers Of America Western Washington","Everett, WA","3.3","$25.31 - $27.97 an hour","Full-time","Remote","HIPAA","English","Mid-level","403(b) matching","","","Health savings account"
"Business Manager and Executive Assistant","https://www.simplyhired.com/job/vzdI40XKcAi6kx5dFfsLAX7hjD5hTVqvIK3QfaEfQW1oI8onWkMQnQ","","Confidential","St. Louis, MO","","$24 - $26 an hour","Contract","Remote","Background check","5 years","Conflict management","Flexible schedule","2d","Quick Apply",""
"Claims Training Specialist","https://www.simplyhired.com/job/MH1WXUTDHFdYORUfaJOfNgb6KwjjaIQa7SaaXgnWzgFyGiWHjzd_5A","https://www.simplyhired.com/browse-jobs/companies/First-Acceptance-Insurance","First Acceptance Insurance Co Inc","Nashville, TN","3","Remote","Classroom","Mid-level","Master's degree","","","","12d","",""
"Lead BCBA - Wyomissing - West Reading - Hybrid/Remote Work Schedule Option","https://www.simplyhired.com/job/O2NUy20GwGTpRC1GD_xNDkTZ-JIoM8hICphtbQxHRuWfw3S0V3QA7A","https://www.simplyhired.com/browse-jobs/companies/Helping-Hands-Family-2","Helping Hands Family","West Reading, PA","3.7","$85,000 - $95,000 a year","Full-time","Remote","Background check","Research","3 years","Continuing education credits","1d","Quick Apply","Relocation assistance"
"LTC Complaint Management Specialist","https://www.simplyhired.com/job/SmijyVw5S3_bFf60wsgJDLP6gaogKx5zN9hXbDcyeLumX08bYNSXAw","https://www.simplyhired.com/browse-jobs/companies/Genworth","Genworth","Lynchburg, VA","3.7","$58,800 - $110,900 a year","Remote","Data analysis skills","Mid-level","Office","Paid holidays","Loan repayment program","1d","",""
"Outside Sales Representative","https://www.simplyhired.com/job/Eda6w0U12quUv74ocRmaNENL38OgWUcggdCUmilKjBqyHR6m4tjQdQ","https://www.simplyhired.com/browse-jobs/companies/Groundworks-c4038440","Groundworks Operations, LLC","Rochester Hills, MI","3.2","Full-time","Remote","Customer service","Construction","Reliable transportation","Opportunities for advancement","","","",""
"Performance Marketing Manager","https://www.simplyhired.com/job/97zbFksOkpaP3bDpNNrHcdAkOGFnyRL4tE0nUfKgd1Yw8rbmOnGBEA","https://www.simplyhired.com/browse-jobs/companies/Resource-Furniture","Resource Furniture","New York, NY","4","$80,000 - $100,000 a year","Full-time","Remote","5 years","Analysis skills","Project management","Commuter assistance","","","Paid holidays"
"Underwriter (Commercial Insurance)","https://www.simplyhired.com/job/klkFq4Mmv2c_SMie3fvUKVQ7nMztaB9lh4F838f7FLNQ96SachuY2Q","https://www.simplyhired.com/browse-jobs/companies/Nonprofits-Insurance-Alliance","Nonprofits Insurance Alliance","Remote","3","$61,000 - $129,000 a year","8 hour shift","Remote","Microsoft Excel","Microsoft Outlook","Customer service","Health savings account","","Quick Apply","Health insurance"
"Professional Planner","https://www.simplyhired.com/job/c7ykV9buweNTjuYeMXC7xRxhiUGCD52qWz7zywCtxCnT2O8lmrImbg","https://www.simplyhired.com/browse-jobs/companies/Acuity-Consulting-Services,-LLC","Acuity Consulting Services, LLC","Remote","","$83,200 - $110,240 a year","Email","Google Workspace","5 years","Writing skills","Health savings account","Health insurance","","Quick Apply",""
"Corporate/Entertainment SABRE Agent","https://www.simplyhired.com/job/sxeJG1uxPqHOZ8aE9Hzn7rK8g_LIqFYws3jz6VHWi2C1AZBrtkepMw","https://www.simplyhired.com/browse-jobs/companies/Traveltrust","Traveltrust","Remote","","From $52,000 a year","Full-time","Remote","Microsoft Outlook","Customer service","US work authorization","Health savings account","","Quick Apply","Paid holidays"
"Real Estate Agent - Sales Associate","https://www.simplyhired.com/job/5Ep7uxvKWKV0AzoB3eicptN4uctAzE-xTpkd50Khj-PI-m5QCvlxEg","https://www.simplyhired.com/browse-jobs/companies/Core-Imaging-1","The Next Steps Group - Zillow Partner","Citrus County, FL","","$104,932.84 - $426,370.73 a year","Contract","Remote","Sales","Real Estate License","Entry level","","3h","Quick Apply",""
"California Remote Insurance Defense Partner Positions (Up to $25,000 Signing Bonus) 2984199","https://www.simplyhired.com/job/iK6rvXXqSg73u75GpGylxFxg_bF90KRFBxL5OWuTn5EwI1VWQUclWA","https://www.simplyhired.com/browse-jobs/companies/Resnick-&-Louis,-P.c.","Resnick & Louis, P.C.","California","4.1","$110,000 - $210,000 a year","Full-time","Remote","Background check","Senior level","10 years","Health insurance","6d","Quick Apply","Dental insurance"
"Real Estate and Consumer Protection Attorney (Remote)","https://www.simplyhired.com/job/lU_LHKOPtSnL_m8Cph3ui0EjuHbS5wmKEI1a02ZFTDpBvUCmq9fGuQ","https://www.simplyhired.com/browse-jobs/companies/Dc-Capital-Law-1","DC Capital Law","Remote","","$65,000 - $80,000 a year","Full-time","Remote","Writing skills","Research","Communication skills","Paid holidays","","Quick Apply","Health insurance"
"SAF/IS Regional Program Specialist - Reserve","https://www.simplyhired.com/job/4BVhfZSc5yT8b94ihJ9SlxhAHzOur0B-MrvBjVL_RFDkHYrGLkl8SA","https://www.simplyhired.com/browse-jobs/companies/American-Red-Cross","American National Red Cross","Vermont","3.7","$47,900 - $50,000 a year","Full-time","Remote","Clean driving record","Mid-level","3 years","Paid holidays","5d","","Disability insurance"
"Math Tutor (Remote)","https://www.simplyhired.com/job/YHs_JKFjmkabifxll4Y_ipRd9HGaFHPduf7kKkRgZvidTQhZCbnEwg","https://www.simplyhired.com/browse-jobs/companies/Mathnasium","Mathnasium of Newton","Massachusetts","4.2","Up to $30 an hour","Part-time","Remote","High school","Math","Bachelor's degree","","","Quick Apply",""
"Legal Transcriber with active or recent past Federal Clearance","https://www.simplyhired.com/job/OS3gRCEaq882IGvjh2tMT11X-PzLvND90ViY5nN8Vdn_6tyh9XUJ7g","https://www.simplyhired.com/browse-jobs/companies/Fenton-Transcription","Resolute Documentation Services","Remote","3","$20 - $35 an hour","Choose your own hours","5 years","Criminal background check","US work authorization","Flexible schedule","","11d","Quick Apply",""
"Account Manager","https://www.simplyhired.com/job/PMyJqm6DuX5hJ-g7k0PE0gOqtP7jivoJWW14y3fMU5qfoZKJPKDJAA","https://www.simplyhired.com/browse-jobs/companies/Iris-USA-Inc-1","IRIS USA, Inc.","Remote","3","Full-time","Remote","Microsoft Word","Microsoft Excel","Microsoft Access","Health insurance","Dental insurance","6d","Quick Apply",""
"Arizona Remote Insurance Defense Partners (Up to $25,000 Signing Bonus) 3553826","https://www.simplyhired.com/job/h_H_HS32l0crZm9P6dmhHLZIy8vx5tOp9BRTJdVKjaZ8LD3w9AtjjQ","https://www.simplyhired.com/browse-jobs/companies/Resnick-&-Louis,-P.c.","Resnick & Louis, P.C.","Phoenix, AZ","4.1","Full-time","Remote","Background check","8 years","Senior level","","","6d","Quick Apply",""
"Epic Analyst II (OpTime)","https://www.simplyhired.com/job/nOqExBolD2iyxw3GnklwmNx8AUjHodrI_yyxFdGCq17J4XSUB3PZ_A","https://www.simplyhired.com/browse-jobs/companies/Boston-Children's-Hospital","Boston Children's Hospital","Boston, MA","4.1","$78,541 - $125,653 a year","Remote","Research","Mid-level","3 years","Health insurance","Dental insurance","","",""
"Director, AI/ML Transformation","https://www.simplyhired.com/job/AP_xEi1u5Q8O4qfpAHdxE2TQG2Livm4ApC2CcblOqu8IVjShKJynfg","https://www.simplyhired.com/browse-jobs/companies/Unum","Unum Group","Chattanooga, TN","3.4","$109,100 - $224,000 a year","Full-time","Remote","Azure","3 years","Master's degree","Loan repayment program","5d","","Disability insurance"
"Associate Wealth Planner","https://www.simplyhired.com/job/vHO2VPpJ5d00H31ksar2sRO9RMfySbVLVNXtJ8BOz_WJQJdPORwgXA","https://www.simplyhired.com/browse-jobs/companies/Integrated-Partners-1","Nold Bryant","Kansas City, MO","","$50,000 - $100,000 a year","Full-time","Remote","Writing skills","Finance","Databases","Health insurance","","Quick Apply","Dental insurance"
"Managing Partner","https://www.simplyhired.com/job/iCclUdJAle8QkDp0-sj9_HFNBkhKfxMXFdvXHbM7MZZWLS7YIXGSFA","https://www.simplyhired.com/browse-jobs/companies/Extraordinary-Tour-Services-1","Extraordinary Tour Services","Napa, CA","","$40,000 - $131,500 a year","Full-time","Remote","Management","Customer service","Senior level","","","Quick Apply",""
"Wholesale Real Estate Acquisition Specialist","https://www.simplyhired.com/job/XpX46zGO8HjlBZDnx4Tc2lzkIeYiXUmuJl-xEMVrkoFtmmYVbQb42g","https://www.simplyhired.com/browse-jobs/companies/Zcg-Investments","ZCG Investments","Palm Beach, FL","","$75,000 - $200,000 a year","Email","Remote","Background check","Sales","Mid-level","Professional development assistance","","Quick Apply","Flexible schedule"
"Sales - Vacation Planner - Work From Home (Orlando Area)","https://www.simplyhired.com/job/w5Otn_DrPSlr32fLBDoknTpkzEzrfzhQvtUGlHBoeoliadr0UNo8ZQ","https://www.simplyhired.com/browse-jobs/companies/Hyatt-Vacation-Ownership","MVC Orlando Call Center","Orlando, FL","2.5","$15 an hour","Full-time","Remote","Ability to walk for extended periods","Computer literacy","Pass drug screening","Health insurance","","","Dental insurance"
"3D Slicer Specialist - AI Trainer","https://www.simplyhired.com/job/8oCGqccMpfSJ2lMz6fln_WrS4_qJ2Ncs_TGHPy1qIY4kIGhDXGDJ3g","https://www.simplyhired.com/browse-jobs/companies/Handshake-7","Handshake","Remote","3.8","$125 an hour","Contract","Remote","Research","Mid-level","3 years","","1d","Quick Apply",""
"Architect","https://www.simplyhired.com/job/RdyBhrX21ze6k8leX0J9hRnqnj9OSL5nLZSqL9CUidTnTvf-hPVAQQ","https://www.simplyhired.com/browse-jobs/companies/Insurity","Insurity","Remote","2.8","$105,000 - $167,000 a year","Call employer","Remote","English","Databases","Bachelor's degree","Health insurance","","Quick Apply","Paid time off"
"Sales Executive (Remote)","https://www.simplyhired.com/job/ntn5QrdmG2_6FabE7nfrcg49P4s5bK8kvNR9os0GAegQAMmMJ3wtCQ","https://www.simplyhired.com/browse-jobs/companies/Technology-Resource-Group-2","Technology Resource Group","Chicago, IL","3","Call employer","Remote","Marketing","5 years","Business development","","","","Quick Apply",""
"Commercial Account Executive","https://www.simplyhired.com/job/QczZUYghSbAWvCmSdmshDUvUEA6EUmN51z1k4HjeB7S_VJaKrpk7rg","https://www.simplyhired.com/browse-jobs/companies/Dominion-Financial-Services-3","Dominion Financial Services","Remote","3.6","Full-time","Remote","Mid-level","3 years","Finance","Health insurance","Dental insurance","","",""
"ABL Field Examiner","https://www.simplyhired.com/job/dWbCEVKUQlofmNUD2pnb8falqS0MLR1V4eRrNDRFg-7OFhtTwvpPLQ","https://www.simplyhired.com/browse-jobs/companies/Tiger-Group-3","Tiger Capital Group","Chicago, IL","5","$70,000 - $85,000 a year","Full-time","Remote","Microsoft Word","Background check","Microsoft Excel","Health insurance","","Quick Apply","Dental insurance"
"Splunk ITSI Consultant","https://www.simplyhired.com/job/NBM3_1KwAamjjXO8Zadv1XrGMnGFqp9n0IoZswx1D1vgZXODRbVdbg","https://www.simplyhired.com/browse-jobs/companies/Conducive","Conducive","Remote","","Full-time","Hybrid work","Azure","Mid-level","AWS","","","","Quick Apply",""
"Deltek Costpoint Administrator","https://www.simplyhired.com/job/4h_0mXip01JCacqDCbqB9gZOLaievWuw3qjDkOUINQij6Si98McnKw","https://www.simplyhired.com/browse-jobs/companies/Apolis","Apolis","Dallas, TX","3","$70 an hour","Full-time","Remote","ERP systems","Mid-level","","","","Quick Apply",""
"Polygraph Examiner USSS - Independent Contractor 1099","https://www.simplyhired.com/job/SapOUfSrsPkqoBft_YSa_dNiXPIVbNZkDwa_GyMpg1Bj1lqiaBfKiQ","https://www.simplyhired.com/browse-jobs/companies/Information-Discovery-Services","Information Discovery Services","Remote","3.9","Contract","Remote","Background check","Microsoft Access","Word processing","Continuing education credits","","","",""
"Commercial Insurance Account Coordinator","https://www.simplyhired.com/job/zsI2JborJX_67MIjZqwTPN2bJunq-aDVgqpdWGt84eCnI6RzkpK6vw","https://www.simplyhired.com/browse-jobs/companies/Nfp-Corp","NFP Corp","Remote","3.6","$32,000 - $43,000 a year","Full-time","Hybrid work","Administrative experience","High school diploma or GED","Analysis skills","Paid holidays","","Quick Apply","Disability insurance"
"Travel Counselor - 29359_G","https://www.simplyhired.com/job/MZND6odWeDEJ_Ktw8LusdeLfO7KIizOgW8p92d8iDlhfomJLr3xqyQ","https://www.simplyhired.com/browse-jobs/companies/Bepc-Inc","BEPC Inc","Remote","4","$32.00 - $35.55 an hour","Weekends as needed","Remote","5 years","Research","High school diploma or GED","Health insurance","7d","Quick Apply","Dental insurance"
"Sales Executive","https://www.simplyhired.com/job/gQnHhRrosFH1ZeNbBjbHvWp_0nl1j2B1VuVqN238jjFJt8vXLTLKBg","https://www.simplyhired.com/browse-jobs/companies/Bbc-International-LLC","BBC International LLC","Remote","3","Full-time","Remote","Background check","Microsoft Excel","Microsoft Outlook","Health insurance","Dental insurance","","Quick Apply",""
"Paint and Sip Store Manager","https://www.simplyhired.com/job/vCIVfQSNoTw-BboWWakoDUoaJEqrIM87bu7Mkfptc75rCs_cGgdKCA","https://www.simplyhired.com/browse-jobs/companies/Muse-Paintbar","Muse Paintbar","White Plains, NY","3","$23 - $26 an hour","Weekends as needed","Remote","Bar","Google Workspace","Sales","","4d","",""
"Switching Order Management (SOM) SME","https://www.simplyhired.com/job/8HeZwlHqy8L7IuJdsXB87FcIzfY2XFtMau5DZ-82DZ8bus9IYVo3MQ","https://www.simplyhired.com/browse-jobs/companies/Sn-Cloud-Solutions","SN Cloud Solutions","Remote","","$30.18 - $36.34 an hour","Contract","Remote","Training & development","Senior level","","","6d","Quick Apply",""
"Trufast Technical Sales Representative","https://www.simplyhired.com/job/Ht4fuhghjHsPu6LgzyFCnAB4aY41MJYaPYvX4WyMtdjdaJPwpzpx1A","https://www.simplyhired.com/browse-jobs/companies/Altenloh-Brinck-&-Co-US-Inc-(spax,-Trufast)","ALTENLOH BRINCK & CO US INC (SPAX, TRUFAST, & TRUF","Houston, TX","3.3","Full-time","Remote","Mid-level","Travel","Commercial","Health insurance","Dental insurance","","",""
"Arizona Remote Insurance Defense Partners (Up to $25,000 Signing Bonus) 3510084","https://www.simplyhired.com/job/htMBK_pTeGLqhUW8XmxEfa8Kra7kZqGEfNkcLMMI2NMhPUnR632Rhw","https://www.simplyhired.com/browse-jobs/companies/Resnick-&-Louis,-P.c.","Resnick & Louis, P.C.","Arizona","4.1","Full-time","Remote","Background check","8 years","Senior level","","","6d","Quick Apply",""
"Offensive Security Consultant","https://www.simplyhired.com/job/v5u3_UD5NSO4TOTWjBOeNXLC8E3isUdha7SpWZknMWsrfgf--xsbEw","https://www.simplyhired.com/browse-jobs/companies/Konica-Minolta-Business-Solutions","Konica Minolta Business Solutions, U.S.A., Inc.","Los Angeles, CA","3.2","$88,000 - $152,835 a year","Full-time","Remote","Customer service","Writing skills","Research","","","",""
"Principal Data Scientist - Remote","https://www.simplyhired.com/job/PjUXWjSwZcE1j9X9QjvJmhmvOjfNghRFt-TY3Iv09JC6BAaMUzSRBw","https://www.simplyhired.com/browse-jobs/companies/Optum","Optum","San Diego, CA","3.3","$110,200 - $188,800 a year","Urgently hiring","Remote","Azure","Pass drug screening","Office","","","",""
"Commissioning and Support Specialist","https://www.simplyhired.com/job/paaDM4DxrbUhh98u77Ulh5Iri1FMKzsRO9BSmM_zgU0wpH9zGKbIaA","https://www.simplyhired.com/browse-jobs/companies/Nep-Group","NEP Group Inc.","Remote","3.9","Weekends as needed","Remote","Computer science","6 years","Computer Science","","","","Quick Apply",""
"Mortgage Loan Officer","https://www.simplyhired.com/job/il-WYHEN38t0oh2Lg7G5mhAz3coI9K7PpQwMLKLKi8QCZRW9kUHkGg","https://www.simplyhired.com/browse-jobs/companies/Approved-Mortgage-1","Approved Mortgage","Grand Rapids, MI","4.6","$50,000 - $500,000 a year","Part-time","Remote","Microsoft Word","Background check","Microsoft Excel","Health insurance","","","Dental insurance"
"Engineering U.S. Certified Teacher - Virtual","https://www.simplyhired.com/job/Bx8x9LWFBt0xo3K5MakXzu1ZRdg91-y8X68yVYt7EIvZ7dhv2XkhIQ","https://www.simplyhired.com/browse-jobs/companies/Elevate-K--12","Elevate K-12: Teach With Us","Remote","3.9","From $55 an hour","Choose your own hours","Remote","Classroom","Engineering","Teaching Certification","Work from home","","",""
"Vice President of Actuarial, Data, and Analytics - Hybrid / Remote Possible","https://www.simplyhired.com/job/nkyBZLKBmE9T75x9zC4u8-MpGj3d2D59TXHsNr3E31DDNEyEBc8_GQ","https://www.simplyhired.com/browse-jobs/companies/Dw-Simpson","DW Simpson","Davie, FL","4.6","$300,000 a year","Remote","Office","Travel","Mentoring","","","5d","Quick Apply",""
"Strategic Executive Advisor","https://www.simplyhired.com/job/s6QZngH8RCgbHm0aE4C3TDh8Rd8wmdCFANjJ67hX88DzNcJeju0qJw","https://www.simplyhired.com/browse-jobs/companies/Culture-Index,-LLC","Culture Index LLC","Denver, CO","","$100,000 - $150,000 a year","Full-time","Remote","Sales","Organizational skills","Senior level","","8d","",""
"Manager - Marketing Operations","https://www.simplyhired.com/job/xojV-YQlkhdFr_b1YSMqqi-fLrrFT1-mUbwhC2NzsfbDUQmEb27THA","https://www.simplyhired.com/browse-jobs/companies/Pace-Analytical-Services-LLC","Pace Analytical Services","Roseville, MN","2.7","Full-time","Remote","5 years","Bachelor of Science","Bachelor's degree","Wellness program","Health savings account","10d","",""
"Freelance Language Interpreter - English <> Mandarin/Cantonese/Fuzhou/Japanese","https://www.simplyhired.com/job/a1z2rBR_3gUrqqI9oSROF7BhOMeZOoCPyTNsaW13n820uGQzboS7XA","https://www.simplyhired.com/browse-jobs/companies/Transperfect-983d8371","TransPerfect","Remote","2.9","Choose your own hours","Remote","Background check","English","Windows","Flexible schedule","","","Quick Apply",""
"Attorney to Create Washington Estate Planning Documents - $2,800.00 Flat Fee","https://www.simplyhired.com/job/j-J-ZsEHq5njANpRFCctqzqWsmla4uhmxLKVtzP-Y5hZut44gvR1YA","https://www.simplyhired.com/browse-jobs/companies/Flatiron-Legal-Advisors,-LLC","Flatiron Legal Advisors, PLLC","Washington State","","Contract","Remote","Doctoral degree","5 years","No background check","","","","Quick Apply",""
"Independent Contractor - Site Inspector - Madison, WI","https://www.simplyhired.com/job/KuZbGtIX6JX8OPpWY9yWEmqai-eNPSuLulk9o8jt1TPf1NfvgvIRsQ","https://www.simplyhired.com/browse-jobs/companies/Information-Discovery-Services","Information Discovery Services","Madison, WI","3.9","$20 an hour","Choose your own hours","Remote","In-person","Phone etiquette","Entry level","","","",""
"Real Estate Attorney","https://www.simplyhired.com/job/8aLBRIB7uFDdtNkHxh1nghh61mMmqBuKDQr8lpr-3UQZYoFLqosqYw","https://www.simplyhired.com/browse-jobs/companies/Tuttle-&-Associates,-LLC","Tuttle & Associates, LLC","Shelby, NC","2.8","$70,000 - $80,000 a year","Full-time","Remote","Research","Mid-level","Travel","Health insurance","","Quick Apply","401(k)"
"Commercial Lines Underwriter","https://www.simplyhired.com/job/LIyACx5ZGs9XTK5vPbFpCyqWlQTbZW-yh3owQYqLWXai22mcW2msIA","https://www.simplyhired.com/browse-jobs/companies/Wahve-2","WAHVE","Chicago, IL","","$30 - $45 an hour","Part-time","Remote","Senior level","Commercial","Health insurance","401(k)","1d","",""
"Community Manager - Columbus, OH","https://www.simplyhired.com/job/g1_nBl7Ym6NvDr57g3OFmOxVjEA-kPPIWOIRhIG6JqXMNzRxZkotGw","https://www.simplyhired.com/browse-jobs/companies/Cedar-Management-Group","Cedar Management Group, LLC.","Columbus, OH","3.6","$50,000 - $55,000 a year","Full-time","Remote","Bilingual","Background check","Google Workspace","Health insurance","","Quick Apply","Dental insurance"
"Jurisdictional Consultant II","https://www.simplyhired.com/job/sRtNvm8usg74rY1fzlguossgqrVVRlVlvXL0mj-d_PBhfu3Dn5luqQ","https://www.simplyhired.com/browse-jobs/companies/Fm-bffd96f9","FM","Alpharetta, GA","3.7","$72,160 - $103,700 a year","Full-time","Remote","Mid-level","Administrative experience","Disability insurance","Health insurance","","",""
"Sports Betting Event Activations Associate","https://www.simplyhired.com/job/glu0UVkxpF6YW8p8QVAr6ueP53NOeLBoSFH3HRyGOChp9gt-RQLh6w","https://www.simplyhired.com/browse-jobs/companies/Betstamp","Betstamp","St. Louis, MO","4.5","$16 - $20 an hour","Contract","Remote","Bar","No experience needed","Communication skills","","","",""
"Litigation Attorney","https://www.simplyhired.com/job/m5G2AndH0n6i_nFL9oStKC091m2LkQZkPxt2wQFIeCgj8Jv4MMVxYg","https://www.simplyhired.com/browse-jobs/companies/The-Law-Brothers","The Law Brothers","Los Angeles, CA","3.8","$130,000 - $250,000 a year","Full-time","Remote","Mid-level","Free parking","Paid holidays","","","Quick Apply",""
"Business Development Advisor","https://www.simplyhired.com/job/mMU9ksZ3mCkOlukqO9VvHSroLF_z3_k6vd5l2lhf36kvE-iHEnIX4Q","https://www.simplyhired.com/browse-jobs/companies/Ultimate-Medical-Academy","UMA Education","Houston, TX","3.7","$25 an hour","Weekends as needed","Remote","Microsoft Word","18 years or older","Microsoft Excel","Health savings account","","Quick Apply","Disability insurance"
"Account Manager","https://www.simplyhired.com/job/WytE3nuCNNzt-VU1cmLa-NhvYNKhN0c7vHF_v5-_yYrZWNd_eG3tkQ","https://www.simplyhired.com/browse-jobs/companies/Technology-Resource-Group-2","Technology Resource Group","Philadelphia, PA","3","Remote","Microsoft Excel","Microsoft Outlook","5 years","","","","","Quick Apply",""
"PhD Scientist interested in Digital Marketing","https://www.simplyhired.com/job/1o4coiY6JDiJFZ7grz9FX0HIlDy25EYxvoZ2RV61P1zFNQk9zZer6w","https://www.simplyhired.com/browse-jobs/companies/Supreme-Optimization-1","Supreme Optimization","Remote","5","$50,000 - $60,000 a year","Full-time","Remote","Doctoral degree","Writing skills","English","Health insurance","","Quick Apply","Dental insurance"
"Commercial Lines Account Manager","https://www.simplyhired.com/job/DTdYMJbhvMUpYjJ1PfllF8IjUkZwWTNLQ4DKmgbfU-64LwXd7a-GEg","https://www.simplyhired.com/browse-jobs/companies/Wahve-2","WAHVE","Chicago, IL","","$25 - $27 an hour","Part-time","Remote","Senior level","Commercial","Health insurance","401(k)","2d","",""
"Commercial Lines Underwriting Assistant","https://www.simplyhired.com/job/ESZpUf9gJ0M8S6SdQAm8oTQrup0bUWLp5uof2ORn-mVwZ3xf8eLVsw","https://www.simplyhired.com/browse-jobs/companies/Wahve-2","WAHVE","Chicago, IL","","$24 - $28 an hour","Part-time","Remote","Research","Senior level","Commercial","Health insurance","4d","","401(k)"
"Litigation Associate (Full-Time/Flex Time)","https://www.simplyhired.com/job/PZ0oGF1teULTDlEGmA38B34nTqJGzgAGiJeq82ELVx3dtzTEX1BhiA","https://www.simplyhired.com/browse-jobs/companies/The-Long-Law-Firm,-Pllc","The Long Law Firm, PLLC","Syracuse, NY","","From $100,000 a year","Email","Remote","Microsoft Word","Microsoft Excel","Microsoft Outlook","Health insurance","","Quick Apply","Dental insurance"
"Business Development Manager","https://www.simplyhired.com/job/n59sJvwYHpp4NWonai98TJqrO8cY3xV1XBHAhMzHtutfXjp3OkbKtQ","https://www.simplyhired.com/browse-jobs/companies/Payentry-2","Payentry","Novi, MI","2.9","$55,000 - $85,000 a year","Full-time","Remote","Mid-level","High school diploma or GED","Business development","Health insurance","","Quick Apply","Dental insurance"
"Mortgage Loan Officer","https://www.simplyhired.com/job/E9x8o-0NZBJRoAszxs1ftJcOVjhCr919ZEmtUzf_7deg--T6LU3ubg","https://www.simplyhired.com/browse-jobs/companies/Approved-Mortgage-1","Approved Mortgage","Evansville, IN","4.6","$50,000 - $500,000 a year","Part-time","Remote","Microsoft Word","Background check","Microsoft Excel","Health insurance","","","Dental insurance"
"Independent Contractor - Site Inspector - Springfield, IL Area","https://www.simplyhired.com/job/7nrFcpUCMkL9kVdw_T15pJr94XkdpLe9FvmG1vszKhGhFjdG6kC1lw","https://www.simplyhired.com/browse-jobs/companies/Information-Discovery-Services","Information Discovery Services","Springfield, IL","3.9","$20 an hour","Choose your own hours","Remote","In-person","Phone etiquette","Entry level","","","",""
"Manager, Automation Billing & Telemetry, NA","https://www.simplyhired.com/job/NKtIvi4D1YujkHrr--IpOxXSxN4vapWOzAy3DOqLUjbz0o0lyov-Qw","https://www.simplyhired.com/browse-jobs/companies/Vantage-Data-Centers","Vantage Data Centers Management Company LLC","Denver, CO","3","Full-time","Remote","5 years","Microsoft Office","Continuous improvement","AD&D insurance","Disability insurance","","Quick Apply",""
"Statistical Programmer","https://www.simplyhired.com/job/nGC7Xdr-1F1w_yeR3AWF7Vo1uhu3m5gPqY6Vp2Ze1DnBLtCbnMqSAA","https://www.simplyhired.com/browse-jobs/companies/Talentech-Consulting-LLC-1","Talentech Consulting LLC","Remote","","Contract","Remote","7 years","Computer Science","5 years","Health savings account","Health insurance","","Quick Apply",""
"Policy and Regulatory Affairs Fellow","https://www.simplyhired.com/job/1t_iiWFyYHUudO_by7712mK8Y8NNRrSliOoL2tp1GUUp5K-1nZUWvg","https://www.simplyhired.com/browse-jobs/companies/Association-of-American-Medical-Colleges","Association of American Medical Colleges","Washington, DC","3.6","$26.80 an hour","Part-time","Remote","Writing skills","Research","Analysis skills","","8d","",""
"Wealth Planner","https://www.simplyhired.com/job/BqqueoJplbVkNlNNshmvTaiiMXXYWXD-bbRJhFt_VB9ndJmC_2f1EA","https://www.simplyhired.com/browse-jobs/companies/Integrated-Partners-1","Nold Bryant","Kansas City, MO","","$75,000 - $150,000 a year","Email","Remote","Data analysis skills","3 years","Finance","Health insurance","","Quick Apply","Dental insurance"
"9-12 Computer Science U.S. Certified Teacher - Virtual","https://www.simplyhired.com/job/QhZ0DoPV7CBNn2kDiDVNi_WaIMe7xoYyjvQ8OXuNm1G82vkMbxkC-g","https://www.simplyhired.com/browse-jobs/companies/Elevate-K--12","Elevate K-12: Teach With Us","Remote","3.9","From $36 an hour","Choose your own hours","Remote","Computer science","Teaching Certification","Teaching","Work from home","6d","",""
"Real Estate Litigation Associate (Contract, Part Time, Remote)","https://www.simplyhired.com/job/Wwj-eCFhWAkkJ80uLquUANNAbXvo67Ih9zgJThpgAmN1XqLIAzSDZQ","https://www.simplyhired.com/browse-jobs/companies/Cb-Legal","CB Legal, LLC","Georgia","","$53,078.48 - $63,922.47 a year","Part-time","Remote","Mid-level","","","","1d","Quick Apply",""
"Director of Investor Relations & Capital Partnerships","https://www.simplyhired.com/job/DFgNWwITh1G9AXQaajDc2Zw9n0RtOLPwgT2KImE2guWjkov5b3zuaA","https://www.simplyhired.com/browse-jobs/companies/Team-Outsource","Team Outsource","Remote","","Full-time","Remote","Senior level","Communication skills","10 years","","","1d","Quick Apply",""
"Remote - Education Project Architect","https://www.simplyhired.com/job/0wUlBHem6P26msd0UeKgxsE1Eiymi5rQM0-lzbNeoKD5bhd7shej4A","https://www.simplyhired.com/browse-jobs/companies/Nichols,-Melburg-and-Rossetto","Nichols, Melburg & Rossetto","San Francisco Bay Area, CA","","$90,000 - $160,000 a year","Full-time","Remote","5 years","Residential","Senior level","Profit sharing","","Quick Apply","Health insurance"
"Independent Contractor - Site Inspector - Fort Wayne, IN Area","https://www.simplyhired.com/job/LOlpMz6KXJC7TEsyB8saN1r4ghAC71uYWm51BiEIbZ6OurO6DrRwRQ","https://www.simplyhired.com/browse-jobs/companies/Information-Discovery-Services","Information Discovery Services","Fort Wayne, IN","3.9","$20 an hour","Choose your own hours","Remote","In-person","Phone etiquette","Entry level","","","",""
"Inside Sales Representative - Electronic Parts Sales","https://www.simplyhired.com/job/D-wOOikdulAbFKvmEWBOb_uADkXwX9B3YEOSdVlFORWmAVywjjgXPw","https://www.simplyhired.com/browse-jobs/companies/Powell-Electronics,-Inc.","Powell Electronics, Inc.","Remote","3.3","From $45,000 a year","8 hour shift","Remote","Microsoft Excel","Marketing","English","Paid training","","","Disability insurance"
"Nevada Remote Insurance Defense Partner (Up to $25,000 Signing Bonus) 3336086","https://www.simplyhired.com/job/rWVOjXxb_GTYycci4xcLTdD9o8jAKwQ8gB_uGAw_shARpjRCiHv-SQ","https://www.simplyhired.com/browse-jobs/companies/Resnick-&-Louis,-P.c.","Resnick & Louis, P.C.","Las Vegas, NV","4.1","Full-time","Remote","Background check","8 years","Senior level","Health insurance","Dental insurance","7d","Quick Apply",""
"Remote Sales Rep (March Start Date)","https://www.simplyhired.com/job/CfOW9wNLWIKLeaEwauM2SwNANkr5hF89jCguXQRQkfHSFNp5g5UNww","https://www.simplyhired.com/browse-jobs/companies/1--800accountant","1-800Accountant","Remote","4.5","$60,000 - $120,000 a year","Full-time","Remote","Mid-level","Windows","US work authorization","Health savings account","1d","Quick Apply","Disability insurance"
"Remote Inside Sales Representative","https://www.simplyhired.com/job/t959miQDXTZBmiefWMgX8nFfkbdhpm-d4aqu0sw0KJJP9i35NLb4OQ","https://www.simplyhired.com/browse-jobs/companies/By-Appointment-Only","BAO, Inc","Illinois","3.8","$50,000 - $95,000 a year","Full-time","Remote","Bachelor's degree","Experience equivalent to degree accepted","1 year","Paid training","","Quick Apply","Health insurance"
"Offensive Security Consultant","https://www.simplyhired.com/job/CBofcOm2ezi3apt3Xau_Ur1UtLxll3CYEzXTKPm6qrdP-wgj1ZEHAw","https://www.simplyhired.com/browse-jobs/companies/Konica-Minolta-Business-Solutions","Konica Minolta Business Solutions, U.S.A., Inc.","Kansas City, MO","3.2","$83,400 - $125,120 a year","Full-time","Remote","Customer service","Writing skills","Research","","","",""
"Remote Educational Interpreter - Kansas","https://www.simplyhired.com/job/iHcE8V9xxhSx7T0I9frXefGBcwnKynvfOhNGl0CaPD_CDsC8YMv3pw","https://www.simplyhired.com/browse-jobs/companies/Vocovision","VocoVision","Kansas City, KS","4","Contract","Remote","Mid-level","1 year","Communication skills","","","11d","Quick Apply",""
"Brand Ambassador/Sales Representative","https://www.simplyhired.com/job/xLbBQ60CW0L79kEv2_AKuMijYhdvXyZ8Ijyu2eGC9u-px-ndBhGHxQ","https://www.simplyhired.com/browse-jobs/companies/Alliance-fb6b72e8","HOLLISTON","Dallas, TX","","$45,000 - $80,000 a year","Full-time","Remote","Background check","Research","Mid-level","Travel reimbursement","5d","Quick Apply","Health insurance"
"Nevada Remote Insurance Defense Partner (Up to $25,000 Signing Bonus) 3249163","https://www.simplyhired.com/job/7BzKVne_MBthj8jF9TXcbnylhfPXVjw89jMfcnjAatS2x-r8mqvbxw","https://www.simplyhired.com/browse-jobs/companies/Resnick-&-Louis,-P.c.","Resnick & Louis, P.C.","Reno, NV","4.1","Full-time","Remote","Background check","8 years","Senior level","Health insurance","Dental insurance","6d","Quick Apply",""
"Kajabi Marketing & Automation Specialist","https://www.simplyhired.com/job/HUcXDGQdO2nnc7GzneGt-Y4PkZryl--Ctyhve8RfM4DJEXeNaFczRw","https://www.simplyhired.com/browse-jobs/companies/Newcrits","NewCrits","Remote","","$2,500 - $4,500 a month","Contract","Remote","Mid-level","3 years","Marketing","","","Quick Apply",""
"Real Estate Agent Apartment Locator - 80% COMMISSION SPLITS, $0 BROKER FEES!","https://www.simplyhired.com/job/ImoomR2feniOgJlj8DI9x3IVrOgzVtc0p5Lm5t9mUBz06TZMDmCz9w","https://www.simplyhired.com/browse-jobs/companies/Fancy-Apartments","Fancy Apartments","Austin, TX","5","$4,000 - $15,000 a month","Part-time","Remote","Real Estate License","Apartments","Communication skills","Employee assistance program","2h","Quick Apply","Employee discount"
"Door Detailer","https://www.simplyhired.com/job/PO6phhPG3VUmNzyqE06phfbzTCxvoKRJNWjPJqjH8w3Z7UnbIIggFQ","https://www.simplyhired.com/browse-jobs/companies/Interior-Supply-Inc.","Interior Supply Inc.","Remote","3.4","$55,000 - $75,000 a year","Full-time","Remote","Engineering","Mid-level","Bachelor's degree","Health savings account","9d","Quick Apply","Disability insurance"
"Business Development Officer - Phoenix, AZ","https://www.simplyhired.com/job/iUd6xS5TTUkXPVHbe_djyz4PbGrz8FCfZkz6i9bL1x0tcql4lZs0gg","https://www.simplyhired.com/browse-jobs/companies/Firefighters-First-Credit-Union","FIREFIGHTERS FIRST CREDIT UNION","Phoenix, AZ","3.5","$93,634 - $104,038 a year","Weekends as needed","Remote","Marketing","Mid-level","Office","AD&D insurance","","Quick Apply","Paid holidays"
"Sales - Core Brand Specialist","https://www.simplyhired.com/job/nUXnjAsb_2kez6aId-VduNiksx3zyzfE5hA8IOROp9n_YJjEaRqSqA","https://www.simplyhired.com/browse-jobs/companies/Western-Power-Sports","Western Power Sports","Remote","3.1","Full-time","Remote","Microsoft Word","Background check","Microsoft Excel","Travel reimbursement","Health insurance","","Quick Apply",""
"Polish Distance Learning Associate Language Instructor (TUTOR)","https://www.simplyhired.com/job/d69ORO9Mfc-ejYSLxqmpF0dCpXlsUBUEH8lJvB3k_9fqiF1r0Pb58A","https://www.simplyhired.com/browse-jobs/companies/Yorktown-Systems-Group","Yorktown Systems Group","Remote","3.8","$28 an hour","Part-time","Remote","Background check","Mid-level","Windows","","","Quick Apply",""
"Channel Lead – Target (CPG | Target Experience Required)","https://www.simplyhired.com/job/nUav5fbWB4hnyHjICqtLlksJMwxYb8KWrEalskWIuzaQYKqr7GSTsQ","https://www.simplyhired.com/browse-jobs/companies/Forte-Series-1","Forte Series","Remote","","From $30 an hour","Full-time","Remote","Inventory management","Mid-level","Analytics","","13d","Quick Apply",""
"Real Estate Attorney","https://www.simplyhired.com/job/m_xZAjJ_a1fI7xzaxWawT_VrLTbe51ik-2G_LPE8o-7KC7e0WxSD6A","https://www.simplyhired.com/browse-jobs/companies/Tuttle-&-Associates,-LLC","Tuttle & Associates, LLC","Columbia, SC","2.8","$70,000 - $80,000 a year","Full-time","Remote","Research","Mid-level","Travel","Health insurance","","Quick Apply","401(k)"
"Sports Betting Event Activations Associate","https://www.simplyhired.com/job/TjOUk-WUvHyhf6kcFZAD3RR1MGeLs_NEIBy2vJXGwsPM-YAGzHm8pg","https://www.simplyhired.com/browse-jobs/companies/Betstamp","Betstamp","Springfield, MO","4.5","$16 - $20 an hour","Contract","Remote","Bar","No experience needed","Communication skills","","","",""
"Independent Contractor - Site Inspector - Peoria, IL Area","https://www.simplyhired.com/job/GUAV5zsJ_4aJ12wh25gnRT7COyXe-Ou5sUhsuKiARSOEJiAup8NYoA","https://www.simplyhired.com/browse-jobs/companies/Information-Discovery-Services","Information Discovery Services","Peoria, IL","3.9","$20 an hour","Choose your own hours","Remote","In-person","Phone etiquette","Entry level","","","",""
"Arizona Remote Insurance Defense Partners (Up to $25,000 Signing Bonus) 3553834","https://www.simplyhired.com/job/kVTsRATAKYdJB5GAAz9ccr2SQNIyUF2hnbsSoma3NZPlbCMoLyyChQ","https://www.simplyhired.com/browse-jobs/companies/Resnick-&-Louis,-P.c.","Resnick & Louis, P.C.","Tucson, AZ","4.1","Full-time","Remote","Background check","8 years","Senior level","","","6d","Quick Apply",""
"Attorney","https://www.simplyhired.com/job/DWjqlQeCkIwJ9GJZnKduqcB-eFJi5t_0_IZBjsBE91Ky3U5ZFNwuSQ","https://www.simplyhired.com/browse-jobs/companies/Donald-W-Fohrman-&-Associates,-Ltd.","Donald W Fohrman & Associates, Ltd.","Illinois","","$50,000 - $60,000 a year","8 hour shift","Remote","Mid-level","US work authorization","Health insurance","Dental insurance","","Quick Apply",""
"Insurance Commercial Marketing/Placement Specialist","https://www.simplyhired.com/job/jvyY9uaaE_9qMRC2PJYn5kea9c4yIXb5uGpTebNm1SpJpqYyWhOFSg","https://www.simplyhired.com/browse-jobs/companies/Solomonedwards-3","SolomonEdwards","Philadelphia, PA","","$115,000 - $135,000 a year","Email","Remote","Mid-level","US work authorization","Marketing","","7d","Quick Apply",""
"Remote Georgia Insurance Defense Attorney","https://www.simplyhired.com/job/3RPM8_9-WBlTjUJVRE7njqh_BKyFG8fubfdNew4ZdIPJ4VE5E-7WsA","https://www.simplyhired.com/browse-jobs/companies/Mcfarlane,-Dolan-&-Prince","McFarlane, Dolan & Prince","Remote","","$100,000 - $125,000 a year","Full-time","Remote","Mid-level","Organizational skills","1 year","Health insurance","7d","Quick Apply","Dental insurance"
"Investment Advisor Representative","https://www.simplyhired.com/job/F8SY45O-WQ5ntJjl9CfDLy6ABqMAaUHATBSE4ursESvQqRNNGbmoyA","https://www.simplyhired.com/browse-jobs/companies/Independent-Wealth-Network-1","Independent Wealth Network","Remote","","Full-time","Remote","Background check","Mid-level","Analysis skills","Flexible schedule","","","Quick Apply",""
"Mortgage Loan Officer","https://www.simplyhired.com/job/8G03RcwAPqdusVnUNXKeVyKFavJO0WusQglPN_rE4dqoTWf7D-0HyA","https://www.simplyhired.com/browse-jobs/companies/Approved-Mortgage-1","Approved Mortgage","Tampa, FL","4.6","$50,000 - $500,000 a year","Part-time","Remote","Microsoft Word","Background check","Microsoft Excel","Health insurance","","","Dental insurance"
"Business Development Representative","https://www.simplyhired.com/job/fHWE6AsGtgwGwS9tcPordg_pztjCotEyZtAtxODV7VazYsrMExRtDg","https://www.simplyhired.com/browse-jobs/companies/Xanitos","Xanitos Inc","Los Angeles, CA","2.6","$70,000 - $75,000 a year","Remote","5 years","Research","Business development","Wellness program","Paid jury duty","","Quick Apply",""
"Epic PB Analyst","https://www.simplyhired.com/job/lBSDm_wq9EeYuu_95IcSSrcM8KhqCDohiLqu6v51BsGW1GX1r4184w","https://www.simplyhired.com/browse-jobs/companies/Hctec-8","HCTec","Remote","3.7","From $100,000 a year","Full-time","Remote","Mid-level","US work authorization","Health insurance","Dental insurance","","Quick Apply",""
"Freelance Language Interpreter - English <> Korean/Vietnamese/Hmong/Karen","https://www.simplyhired.com/job/gRZDSW2BNELvSvIpmMtL8oAe6FxBDA3epVHz8a1PMuMSUAlK2wiyXA","https://www.simplyhired.com/browse-jobs/companies/Transperfect-983d8371","TransPerfect","Remote","2.9","Choose your own hours","Remote","Background check","English","Windows","Flexible schedule","","","Quick Apply",""
"Real Estate Attorney","https://www.simplyhired.com/job/4CnXLTk55RbgRiF1RfpvDfL3B7B-eJ9fyxeiFUdQt6yH0Hzi_8Aa4A","https://www.simplyhired.com/browse-jobs/companies/Tuttle-&-Associates,-LLC","Tuttle & Associates, LLC","Asheville, NC","2.8","$70,000 - $80,000 a year","Full-time","Remote","Research","Mid-level","Travel","Health insurance","","Quick Apply","401(k)"
"Compliance Product Leader - Banking Software","https://www.simplyhired.com/job/IS_O7WQH18QKs6t7WcHOrrMHhFAqlMueIslpplcJ9aBJ9Q7eGNilsg","https://www.simplyhired.com/browse-jobs/companies/Automated-Systems,-Inc.-1","Automated Systems, Inc.","Remote","3","$85,000 - $95,000 a year","Full-time","Remote","Finance","Bachelor's degree","APIs","Health savings account","","Quick Apply","Health insurance"
"Plum POS Outside Sales Relationship Manager – Dallas/Austin/Houston -Remote","https://www.simplyhired.com/job/B5wvMx42PiPzDNxvMyc88T3IHt2w-y0bbDrYmIULBrWBB3Z046JKJQ","https://www.simplyhired.com/browse-jobs/companies/Plumpos","Plumpos","Dallas, TX","","$80,000 - $125,000 a year","Part-time","Remote","Background check","Hospitality","Bar","Health insurance","","Quick Apply","Vision insurance"
"PI Operations Supervisor (Remote)","https://www.simplyhired.com/job/nF3fsRP97byIK8oyG5C3OoRF6d1BybEEtEVSaFYIUQE6us0FcFMiAA","https://www.simplyhired.com/browse-jobs/companies/High-Rise-Financial-2","High Rise Financial","South Dakota","4.1","$70,000 - $100,000 a year","Full-time","Remote","Background check","Mid-level","Supervising experience","Paid holidays","22h","Quick Apply","Health insurance"
"Business Developer SLED","https://www.simplyhired.com/job/ifLZfpWN2yyInkhYg4nE7cbDuCpCmTG2Hu9jhEXAwr7fRVWGpxhLeQ","https://www.simplyhired.com/browse-jobs/companies/Staples","Staples, Inc.","Toledo, OH","3.4","$51,000 - $70,000 a year","Remote","Microsoft Outlook","Mid-level","Business development","Paid holidays","Paid time off","","",""
"PI Operations Supervisor (Remote)","https://www.simplyhired.com/job/BLaH0iHhgBaI1y91iy-euRiN0721NTTfkn8Lu7IngjYPnmt_JWO5ag","https://www.simplyhired.com/browse-jobs/companies/High-Rise-Financial-2","High Rise Financial","Kansas","4.1","$70,000 - $100,000 a year","Full-time","Remote","Background check","Mid-level","Supervising experience","Paid holidays","22h","Quick Apply","Health insurance"
"Associate Family Law Attorney (Commission-Based)","https://www.simplyhired.com/job/meupVblJC1Xftd8FHgnHq-W5jOkvFNuUuyaNTbJQSQuW3ysrfXRQyQ","https://www.simplyhired.com/browse-jobs/companies/Rank-&-Walker,-Pllp","Rank & Walker, PLLP","Remote","","From $120,000 a year","Part-time","Remote","Microsoft Word","Microsoft Excel","Mid-level","Flexible schedule","17h","Quick Apply",""
"PI Operations Supervisor (Remote)","https://www.simplyhired.com/job/w56gKg97s93Dz0XCq3UM9S3xoc3RQqx30Z04iMy5qmxtMxbQbMWBSg","https://www.simplyhired.com/browse-jobs/companies/High-Rise-Financial-2","High Rise Financial","Nebraska","4.1","$70,000 - $100,000 a year","Full-time","Remote","Background check","Mid-level","Supervising experience","Paid holidays","22h","Quick Apply","Health insurance"
"New York Virtual 1:1 Tutor- High School","https://www.simplyhired.com/job/pLMj0ERm3HEJSlJhuTfuGN490AUuqXjUFPFnoW-vj5Q84sLRp5IRQA","https://www.simplyhired.com/browse-jobs/companies/Learnwell-1","LearnWell","Buffalo, NY","3.6","$25 an hour","Part-time","Remote","Background check","Classroom","High school","","","Quick Apply",""
"PI Operations Supervisor (Remote)","https://www.simplyhired.com/job/YqZ4fwNLc0TOLaAX62dol-chjD15CamjDsLUyKumskEFQtQoxGt3hQ","https://www.simplyhired.com/browse-jobs/companies/High-Rise-Financial-2","High Rise Financial","Utah","4.1","$70,000 - $100,000 a year","Full-time","Remote","Background check","Mid-level","Supervising experience","Paid holidays","22h","Quick Apply","Health insurance"
"Key Account Executive, Contract Furniture - Remote Draw (CO, KS, NE, OK)","https://www.simplyhired.com/job/BasrA3sTufxCRL7225BNe5D2WNyE-RYKeNmDV13bWTcc9ZjeLCfpyA","https://www.simplyhired.com/browse-jobs/companies/Staples","Staples, Inc.","Denver, CO","3.4","$74,000 - $101,000 a year","Contract","Remote","Computer literacy","Mid-level","Administrative experience","Paid holidays","9d","","Paid time off"
"Outside Property Claim Associate","https://www.simplyhired.com/job/tFKoYRN2GExBCXfBEnx82Sq9-Qi_kZG-f-BgovALTLbP-nC4DY9Vig","https://www.simplyhired.com/browse-jobs/companies/Travelers-1","The Travelers Companies, Inc.","Salem, OR","3.6","$52,600 - $86,800 a year","Remote","Customer service","Residential","High school diploma or GED","Wellness program","Paid holidays","","",""
"Key Account Executive, Contract Furniture - Remote - Draw (Territory DC, MD, VA)","https://www.simplyhired.com/job/rD11CmOXCLMzQSzaoZO-SwCKU_fJJUOwg5A7uYqTro-tSrBIQsrEBQ","https://www.simplyhired.com/browse-jobs/companies/Staples","Staples, Inc.","Washington, DC","3.4","$74,000 - $101,000 a year","Contract","Remote","Computer literacy","Mid-level","Administrative experience","Paid holidays","","","Paid time off"
"Architectural Services Representative - Cleveland (Must reside in this area)","https://www.simplyhired.com/job/bozY6r-LIjdqxnyClcpoEJMKYKcVgAASSUcqX1LG7bhmpq6SgiGbdw","https://www.simplyhired.com/browse-jobs/companies/Dormakaba-6ef1e50c","Dormakaba Group","Indianapolis, IN","3.2","$83,000 - $95,000 a year","Full-time","Remote","Up to 50% travel","Sales","Engineering","Disability insurance","","","Health insurance"
"Independent Contractor - Site Inspector - Nashville, TN Area","https://www.simplyhired.com/job/0o5H6J7ZO4j-iFRf8ZIYek-96MmNpNiW_5EKm07DMcIzKxnzvb3usg","https://www.simplyhired.com/browse-jobs/companies/Information-Discovery-Services","Information Discovery Services","Nashville, TN","3.9","$20 an hour","Choose your own hours","Remote","In-person","Phone etiquette","Entry level","","","",""
"Conflicts Analyst","https://www.simplyhired.com/job/3n52f_ZnnrMHS2qQJF_UIxOWzifjD4mrkRbiDnMVPwkO9YdDguNY7w","https://www.simplyhired.com/browse-jobs/companies/Chartwell-Law","Chartwell Law","King of Prussia, PA","2.8","Full-time","Remote","Mid-level","Finance","Analysis skills","","","","Quick Apply",""
"Arizona Remote Insurance Defense Partners (Up to $25,000 Signing Bonus) 3553829","https://www.simplyhired.com/job/CRIAovyli47_-ySjgG8VnQNiPXJ6BtpbPZBSDZtYGOYiZdgSXleETQ","https://www.simplyhired.com/browse-jobs/companies/Resnick-&-Louis,-P.c.","Resnick & Louis, P.C.","Flagstaff, AZ","4.1","Full-time","Remote","Background check","8 years","Senior level","Health insurance","Dental insurance","6d","Quick Apply",""
"Digital Marketing Manager","https://www.simplyhired.com/job/t507CZKGHPwgIB0-BgTzsW9GlgU_WAAbYV5UHJ-voV34o2ECEjQxdA","https://www.simplyhired.com/browse-jobs/companies/Keoch","KEOCH","Remote","","$3,800 - $4,200 a month","Part-time","Remote","Mid-level","Analysis skills","Communication skills","","4d","Quick Apply",""
"Manager, Digital Content Enrichment (remote)","https://www.simplyhired.com/job/PtsmqK9CuHLiDisj-Lna5k3_8iyARrF5T3hYqb2jdevTQNx3XqsbqQ","https://www.simplyhired.com/browse-jobs/companies/US-Foods","US Foods, Inc.","Rosemont, IL","3.2","Full-time","Remote","Marketing","5 years","Merchandising","Employee stock purchase plan","Disability insurance","1d","",""
"Entry Level Marketing Representative","https://www.simplyhired.com/job/vI_daOF1ba_uZx6JLaGuwnkOhXg9WFBGU94-DN-2PBauBng0UwZcwA","https://www.simplyhired.com/browse-jobs/companies/Northlayer-Marketing","NorthLayer Marketing","Remote","","$23.84 - $44.56 an hour","Full-time","Remote","Background check","Sales","Data analysis skills","Flexible schedule","","Quick Apply",""
"Entry-Level Digital Marketer","https://www.simplyhired.com/job/H-2Hx8Rz4ukyzzCsBKKUcEivatzLBdojG2PSZbIbdWJAxI4Bfgo84w","https://www.simplyhired.com/browse-jobs/companies/Nextiny-Marketing","Nextiny Marketing","Sarasota, FL","4","Full-time","Remote","Marketing","Bachelor's degree","Business","","","","Quick Apply",""
"Social Media Manager","https://www.simplyhired.com/job/YhY-GeUwjMi8A3Rd6vUEkXuyzl2W6px2EyOjNQR_Ui1-09DLkvO9Kw","https://www.simplyhired.com/browse-jobs/companies/Xpanxion,-LLC","Xpanxion","Remote","3.7","$90,000 - $97,999 a year","Full-time","Remote","Marketing","Mid-level","Bachelor's degree","","","Quick Apply",""
"Social Media Associate – X","https://www.simplyhired.com/job/Upw8Spej9ouBPkxrwgsall0mhWgGM7QQzo9biYL9Fqn2uhAQCLAczw","https://www.simplyhired.com/browse-jobs/companies/Two-Barrels","Two Barrels","Remote","5","$50,000 a year","Full-time","Remote","Marketing","Writing skills","Bachelor's degree","Paid holidays","","","Health insurance"
"Marketing Director","https://www.simplyhired.com/job/sJ6nTvGObp9AD0hf7EU_8DIc7ZSG2zC5HVHLxrP1kY_e8JjShMUc4w","https://www.simplyhired.com/browse-jobs/companies/Biocon-Biologics-Limited","Biocon Biologics Limited","Remote","3.7","Full-time","Remote","English","Analysis skills","Senior level","Health insurance","Dental insurance","","Quick Apply",""
"Mortgage Loan Officer","https://www.simplyhired.com/job/JBzOnoGv_Yj3MfMM1zui0rhyaVk0ikAuZ8H2hGRBN6k2i8e7Q4yrzQ","https://www.simplyhired.com/browse-jobs/companies/Approved-Mortgage-1","Approved Mortgage","Lexington, KY","4.6","$50,000 - $500,000 a year","Part-time","Remote","Microsoft Word","Background check","Microsoft Excel","Health insurance","","","Dental insurance"
"CDP Architect","https://www.simplyhired.com/job/oHHuJ7vogjFKuspB-llD-ZEnXQMHUMpCCTTC-dw07MwHONpbdH3PkA","https://www.simplyhired.com/browse-jobs/companies/Horizontal-2","Horizontal Talent","Chicago, IL","3.5","$48 - $85 an hour","Part-time","Remote","Azure","5 years","AWS","Dental insurance","","Quick Apply","Vision insurance"
"Virtual Teacher- Illinois LBS1 Certification","https://www.simplyhired.com/job/EJhM92xuddqWGlzwR2XcgX0Ns-1DtLgLYapqEuycuRqIFyB7bcRmNA","https://www.simplyhired.com/browse-jobs/companies/Learnwell-1","LearnWell","Gurnee, IL","3.6","$28 an hour","Part-time","Remote","Background check","Classroom","High school","Flexible schedule","","Quick Apply",""
"Trauma Registrar","https://www.simplyhired.com/job/bb3BgQCnW3S3k_hBNSME27zubENQyK02OO43TQ8c9af9LLRUirsrTQ","https://www.simplyhired.com/browse-jobs/companies/R.a.m.-Healthcare-Consulting-Group,-Inc.-2","R.A.M. Healthcare Consulting Group, Inc.","Remote","5","$28 - $35 an hour","Part-time","Remote","Mid-level","EMR systems","Pediatrics","Health insurance","","Quick Apply","Dental insurance"