"product-link href","media-image__image src","product-link","money-amount__main","price-current__discount-percentage","money-amount__main 2"
"https://www.zara.com/us/en/basic-hoodie-sweatshirt-p00761370.html","https://static.zara.net/assets/public/0363/18a9/60e149328a0b/634299cd4403/00761370800-000-e1/00761370800-000-e1.jpg?ts=1754985838610&w=474","BASIC HOODIE SWEATSHIRT","$ 49.90","-40%","$ 29.94"
"https://www.zara.com/us/en/basic-hoodie-sweatshirt-p00761370.html","https://static.zara.net/assets/public/cb89/37b6/57d240fcba99/61784a8f37b2/00761410898-e1/00761410898-e1.jpg?ts=1763046714141&w=474","BASIC HOODIE SWEATSHIRT","$ 49.90","-40%","$ 29.94"
"https://www.zara.com/us/en/wide-fit-pleated-pants-p05070401.html","https://static.zara.net/assets/public/10f5/de1e/6fe745dba941/cc4e3bdeec2d/05320401802-e1/05320401802-e1.jpg?ts=1768408533199&w=474","WIDE FIT PLEATED PANTS","$ 59.90","-40%","$ 35.94"
"https://www.zara.com/us/en/relaxed-fit-cargo-pants-p00108310.html","https://static.zara.net/assets/public/e99a/898e/565148139430/de54f46311c5/00108310800-e1/00108310800-e1.jpg?ts=1756363289055&w=474","RELAXED FIT CARGO PANTS","$ 69.90","-40%","$ 41.94"
"https://www.zara.com/us/en/casual-leather-shoes-p12439720.html","https://static.zara.net/assets/public/5c1e/6a22/29f1402ea338/423875e01e6b/12439720400-e1/12439720400-e1.jpg?ts=1763051990551&w=474","CASUAL LEATHER SHOES","$ 79.90","-40%","$ 47.94"
"https://www.zara.com/us/en/casual-leather-boots-p12006720.html","https://static.zara.net/assets/public/98cf/56d8/c3824487a01e/1ab1562f6042/12006720700-e1/12006720700-e1.jpg?ts=1759478667355&w=474","CASUAL LEATHER BOOTS","$ 109.00","-40%","$ 65.40"
"https://www.zara.com/us/en/casual-leather-boots-p12006720.html","https://static.zara.net/assets/public/ad04/6193/86ac4447a896/c1e83953a4d6/12006720102-e1/12006720102-e1.jpg?ts=1759407325607&w=474","CASUAL LEATHER BOOTS","$ 109.00","-40%","$ 65.40"
"https://www.zara.com/us/en/leather-sneakers-p12228720.html","https://static.zara.net/assets/public/4dfc/81e2/d627423cbee0/3bdfc97da127/12228720032-e1/12228720032-e1.jpg?ts=1759744743696&w=474","LEATHER SNEAKERS","$ 79.90","-40%","$ 47.94"
"https://www.zara.com/us/en/rigid-crossbody-bag-p13611720.html","https://static.zara.net/assets/public/3cf7/e725/7b2543679a10/e23f66bdb7fc/13611720800-e1/13611720800-e1.jpg?ts=1768390637336&w=474","RIGID CROSSBODY BAG","$ 39.90","-40%","$ 23.94"
"https://www.zara.com/us/en/textured-flap-crossbody-bag-p13620720.html","https://static.zara.net/assets/public/8c18/6802/bb2d474a86ca/ab8447274b23/13620720800-e1/13620720800-e1.jpg?ts=1770902306108&w=474","TEXTURED FLAP CROSSBODY BAG","$ 49.90","-40%","$ 29.94"
"https://www.zara.com/us/en/textured-stretch-chino-pants-p00706650.html","https://static.zara.net/assets/public/e7f7/a740/98464eba9840/36701244d9b1/00706650409-e1/00706650409-e1.jpg?ts=1760022345088&w=474","TEXTURED STRETCH CHINO PANTS","$ 59.90","-40%","$ 35.94"
"https://www.zara.com/us/en/contrast-collar-overshirt-p08281754.html","https://static.zara.net/assets/public/6473/d462/00ff435dad04/b3e0b2f676fa/08281754751-e1/08281754751-e1.jpg?ts=1769519004050&w=474","CONTRAST COLLAR OVERSHIRT","$ 99.90","-40%","$ 59.94"
"https://www.zara.com/us/en/leather-boots-with-harness-detail-p12014720.html","https://static.zara.net/stdstatic/8.6.2/images/transparent-background.png","LEATHER BOOTS WITH HARNESS DETAIL","$ 109.00","-40%","$ 65.40"
"https://www.zara.com/us/en/easy-care-jogger-waist-pants-p00347890.html","https://static.zara.net/stdstatic/8.6.2/images/transparent-background.png","EASY CARE JOGGER WAIST PANTS","$ 59.90","-40%","$ 35.94"
"https://www.zara.com/us/en/soft-quilted-overshirt-p03918612.html","https://static.zara.net/stdstatic/8.6.2/images/transparent-background.png","SOFT PADDED OVERSHIRT","$ 99.90","-40%","$ 59.94"
"https://www.zara.com/us/en/purl-knit-sweater-p03284331.html","https://static.zara.net/stdstatic/8.6.2/images/transparent-background.png","PURL KNIT SWEATER","$ 59.90","-40%","$ 35.94"
"https://www.zara.com/us/en/comfort-jogger-waist-pants-p06861693.html","https://static.zara.net/stdstatic/8.6.2/images/transparent-background.png","COMFORT JOGGER WAIST PANTS","$ 59.90","-40%","$ 35.94"
"https://www.zara.com/us/en/contrasting-sole-sneakers-p12253720.html","https://static.zara.net/stdstatic/8.6.2/images/transparent-background.png","CONTRASTING SOLE SNEAKERS","$ 59.90","-40%","$ 35.94"
"https://www.zara.com/us/en/faux-leather-bomber-jacket-p05320200.html","https://static.zara.net/stdstatic/8.6.2/images/transparent-background.png","FAUX LEATHER BOMBER JACKET","$ 119.00","-40%","$ 71.40"
"https://www.zara.com/us/en/contrast-sole-sneakers-p12289620.html","https://static.zara.net/stdstatic/8.6.2/images/transparent-background.png","CONTRAST SOLE SNEAKERS","$ 69.90","-40%","$ 41.94"
"https://www.zara.com/us/en/pointed-chelsea-boots-p12002620.html","https://static.zara.net/stdstatic/8.6.2/images/transparent-background.png","POINTED CHELSEA BOOTS","$ 79.90","-40%","$ 47.94"
"https://www.zara.com/us/en/flowy-belted-pants-p07484255.html","https://static.zara.net/stdstatic/8.6.2/images/transparent-background.png","FLOWY BELTED PANTS","$ 79.90","-40%","$ 47.94"
"https://www.zara.com/us/en/textured-stretch-chino-pants-p00706650.html","https://static.zara.net/stdstatic/8.6.2/images/transparent-background.png","TEXTURED STRETCH CHINO PANTS","$ 59.90","-40%","$ 35.94"
"https://www.zara.com/us/en/contrast-collar-polo-sweatshirt-p00526310.html","https://static.zara.net/stdstatic/8.6.2/images/transparent-background.png","CONTRAST COLLAR POLO SWEATSHIRT","$ 59.90","-40%","$ 35.94"
"https://www.zara.com/us/en/contrast-collar-polo-sweatshirt-p00526310.html","https://static.zara.net/stdstatic/8.6.2/images/transparent-background.png","CONTRAST COLLAR POLO SWEATSHIRT","$ 59.90","-40%","$ 35.94"
"https://www.zara.com/us/en/contrast-collar-overshirt-p08281754.html","https://static.zara.net/stdstatic/8.6.2/images/transparent-background.png","CONTRAST COLLAR OVERSHIRT","$ 99.90","-40%","$ 59.94"
"https://www.zara.com/us/en/leather-chelsea-boots-p12000720.html","https://static.zara.net/stdstatic/8.6.2/images/transparent-background.png","LEATHER CHELSEA BOOTS","$ 99.90","-40%","$ 59.94"
"https://www.zara.com/us/en/leather-chelsea-boots-p12014620.html","https://static.zara.net/stdstatic/8.6.2/images/transparent-background.png","LEATHER CHELSEA BOOTS","$ 99.90","-40%","$ 59.94"
"https://www.zara.com/us/en/relaxed-fit-cargo-pants-p00108310.html","https://static.zara.net/stdstatic/8.6.2/images/transparent-background.png","RELAXED FIT CARGO PANTS","$ 69.90","-40%","$ 41.94"
"https://www.zara.com/us/en/recco--waterproof-ski-shell-jacket-p03286403.html","https://static.zara.net/stdstatic/8.6.2/images/transparent-background.png","RECCO® WATERPROOF SHELL SKI TECHNICAL JACKET","$ 249.00","-32%","$ 169.00"
"https://www.zara.com/us/en/recco--waterproof-ski-shell-jacket-p03286403.html","https://static.zara.net/stdstatic/8.6.2/images/transparent-background.png","RECCO® WATERPROOF SKI SHELL JACKET","$ 249.00","-32%","$ 169.00"
"https://www.zara.com/us/en/contrast-sole-sneakers-p12289620.html","https://static.zara.net/stdstatic/8.6.2/images/transparent-background.png","CONTRAST SOLE SNEAKERS","$ 69.90","-40%","$ 41.94"
"https://www.zara.com/us/en/dress-chelsea-boots-p12004620.html","https://static.zara.net/stdstatic/8.6.2/images/transparent-background.png","DRESS CHELSEA BOOTS","$ 89.90","-40%","$ 53.94"
"https://www.zara.com/us/en/wide-fit-technical-jogger-pants-p01437361.html","https://static.zara.net/stdstatic/8.6.2/images/transparent-background.png","TECHNICAL WIDE FIT JOGGER PANTS","$ 79.90","-40%","$ 47.94"
"https://www.zara.com/us/en/flowy-belted-pants-p07484255.html","https://static.zara.net/stdstatic/8.6.2/images/transparent-background.png","FLOWY BELTED PANTS","$ 79.90","-40%","$ 47.94"
"https://www.zara.com/us/en/washed-straight-fit-pants-p03286405.html","https://static.zara.net/stdstatic/8.6.2/images/transparent-background.png","WASHED STRAIGHT FIT PANTS","$ 69.90","-40%","$ 41.94"
"https://www.zara.com/us/en/relaxed-fit-cargo-pants-p00108310.html","https://static.zara.net/stdstatic/8.6.2/images/transparent-background.png","RELAXED FIT CARGO PANTS","$ 69.90","-40%","$ 41.94"
"https://www.zara.com/us/en/buckled-leather-clogs-p12702720.html","https://static.zara.net/stdstatic/8.6.2/images/transparent-background.png","BUCKLED LEATHER CLOGS","$ 109.00","-40%","$ 65.40"
"https://www.zara.com/us/en/rubberized-crossbody-bag-p13606720.html","https://static.zara.net/stdstatic/8.6.2/images/transparent-background.png","RUBBERIZED CROSSBODY BAG","$ 25.90","-40%","$ 15.54"
"https://www.zara.com/us/en/faux-leather-regular-fit-overshirt-p03046545.html","https://static.zara.net/stdstatic/8.6.2/images/transparent-background.png","FAUX LEATHER REGULAR FIT OVERSHIRT","$ 99.90","-40%","$ 59.94"
"https://www.zara.com/us/en/faux-leather-regular-fit-overshirt-p03046545.html","https://static.zara.net/stdstatic/8.6.2/images/transparent-background.png","FAUX LEATHER REGULAR FIT OVERSHIRT","$ 99.90","-40%","$ 59.94"
"https://www.zara.com/us/en/deck-shoes-p12424720.html","https://static.zara.net/stdstatic/8.6.2/images/transparent-background.png","DECK SHOES","$ 99.90","-40%","$ 59.94"
"https://www.zara.com/us/en/purl-knit-sweater-p03284331.html","https://static.zara.net/stdstatic/8.6.2/images/transparent-background.png","PURL KNIT SWEATER","$ 59.90","-40%","$ 35.94"
"https://www.zara.com/us/en/comfort-jogger-waist-pants-p06861693.html","https://static.zara.net/stdstatic/8.6.2/images/transparent-background.png","COMFORT JOGGER WAIST PANTS","$ 59.90","-40%","$ 35.94"
"https://www.zara.com/us/en/80-down---20-feather-water-repellent-puffer-jacket-origins-p04302212.html","https://static.zara.net/stdstatic/8.6.2/images/transparent-background.png","WATER REPELLENT 80% DOWN - 20% FEATHER PUFFER JACKET ORIGINS","$ 169.00","-40%","$ 101.40"
"https://www.zara.com/us/en/relaxed-fit-cargo-pants-p00108310.html","https://static.zara.net/stdstatic/8.6.2/images/transparent-background.png","RELAXED FIT CARGO PANTS","$ 69.90","-40%","$ 41.94"
"https://www.zara.com/us/en/faux-leather-bomber-jacket-p03548100.html","https://static.zara.net/stdstatic/8.6.2/images/transparent-background.png","FAUX LEATHER BOMBER JACKET","$ 129.00","-40%","$ 77.40"
"https://www.zara.com/us/en/combination-bomber-jacket-p05070321.html","https://static.zara.net/stdstatic/8.6.2/images/transparent-background.png","COMBINATION BOMBER JACKET","$ 129.00","-40%","$ 77.40"
"https://www.zara.com/us/en/recco--waterproof-ski-puffer-jacket-p03286401.html","https://static.zara.net/stdstatic/8.6.2/images/transparent-background.png","RECCO® WATERPROOF SKI PUFFER JACKET","$ 249.00","-32%","$ 169.00"
"https://www.zara.com/us/en/ski-base-layer-t-shirt-p04388302.html","https://static.zara.net/stdstatic/8.6.2/images/transparent-background.png","FIRST LAYER SKI T-SHIRT","$ 49.90","-27%","$ 35.99"
"https://www.zara.com/us/en/retro-style-sneakers-p12259720.html","https://static.zara.net/stdstatic/8.6.2/images/transparent-background.png","RETRO STYLE SNEAKERS","$ 59.90","-40%","$ 35.94"
"https://www.zara.com/us/en/relaxed-fit-technical-hoodie-p01437360.html","https://static.zara.net/stdstatic/8.6.2/images/transparent-background.png","RELAXED FIT TECHNICAL HOODIE","$ 99.90","-40%","$ 59.94"
"https://www.zara.com/us/en/leather-deck-shoes-p12429720.html","https://static.zara.net/stdstatic/8.6.2/images/transparent-background.png","LEATHER DECK SHOES","$ 99.90","-40%","$ 59.94"
"https://www.zara.com/us/en/water-repellent-technical-jacket-with-fleece-p04302350.html","https://static.zara.net/stdstatic/8.6.2/images/transparent-background.png","WATER REPELLENT TECHNICAL JACKET WITH FLEECE","$ 99.90","-40%","$ 59.94"
"https://www.zara.com/us/en/rubberized-backpack-p13207720.html","https://static.zara.net/stdstatic/8.6.2/images/transparent-background.png","RUBBERIZED BACKPACK","$ 49.90","-40%","$ 29.94"
"https://www.zara.com/us/en/technical-sneakers-p12311720.html","https://static.zara.net/stdstatic/8.6.2/images/transparent-background.png","TECHNICAL SNEAKERS","$ 89.90","-40%","$ 53.94"
"https://www.zara.com/us/en/pointed-chelsea-boots-p12002620.html","https://static.zara.net/stdstatic/8.6.2/images/transparent-background.png","POINTED CHELSEA BOOTS","$ 79.90","-40%","$ 47.94"
"https://www.zara.com/us/en/recco--waterproof-shell-ski-pants-p03286402.html","https://static.zara.net/stdstatic/8.6.2/images/transparent-background.png","RECCO® WATERPROOF SKI SHELL PANTS","$ 169.00","-29%","$ 119.00"
"https://www.zara.com/us/en/recco--waterproof-ski-puffer-shell-pants-p03286400.html","https://static.zara.net/stdstatic/8.6.2/images/transparent-background.png","RECCO® WATERPROOF SKI PUFFER SHELL PANTS","$ 169.00","-29%","$ 119.00"
"https://www.zara.com/us/en/washed-straight-fit-pants-p03286405.html","https://static.zara.net/stdstatic/8.6.2/images/transparent-background.png","WASHED STRAIGHT FIT PANTS","$ 69.90","-40%","$ 41.94"
"https://www.zara.com/us/en/structured-ski-socks-p03334302.html","https://static.zara.net/stdstatic/8.6.2/images/transparent-background.png","TEXTURED SKI SOCKS","$ 25.90","-42%","$ 14.99"
"https://www.zara.com/us/en/compressive-first-layer-ski-tights-p04388303.html","https://static.zara.net/stdstatic/8.6.2/images/transparent-background.png","COMPRESSION BASE LAYER SKI TIGHTS","$ 49.90","-27%","$ 35.99"
"https://www.zara.com/us/en/ski-down-feather-pants-80-down---20-feather-p01732311.html","https://static.zara.net/stdstatic/8.6.2/images/transparent-background.png","80% DOWN - 20% FEATHER SKI PUFFER PANTS","$ 149.00","-32%","$ 99.99"
"https://www.zara.com/us/en/ski-mid-layer-puffer-jacket-p01732400.html","https://static.zara.net/stdstatic/8.6.2/images/transparent-background.png","SKI MID-LAYER PUFFER JACKET","$ 119.00","-32%","$ 79.99"
"https://www.zara.com/us/en/ski-mid-layer-puffer-jacket-p01732400.html","https://static.zara.net/stdstatic/8.6.2/images/transparent-background.png","SKI MID-LAYER PADDED JACKET","$ 119.00","-32%","$ 79.99"
"https://www.zara.com/us/en/twill-textured-overshirt-p00706178.html","https://static.zara.net/stdstatic/8.6.2/images/transparent-background.png","TWILL TEXTURED OVERSHIRT","$ 119.00","-40%","$ 71.40"
"https://www.zara.com/us/en/long-textured-ski-socks-p03334305.html","https://static.zara.net/stdstatic/8.6.2/images/transparent-background.png","LONG TEXTURED SKI SOCKS","$ 29.90","-33%","$ 19.99"
"https://www.zara.com/us/en/technical-padded-jacket-p03833300.html","https://static.zara.net/stdstatic/8.6.2/images/transparent-background.png","TECHNICAL PADDED JACKET","$ 99.90","-40%","$ 59.94"
"https://www.zara.com/us/en/chunky-shoes-p12426720.html","https://static.zara.net/stdstatic/8.6.2/images/transparent-background.png","CHUNKY SHOES","$ 79.90","-40%","$ 47.94"
"https://www.zara.com/us/en/ski-base-layer-t-shirt-p04388302.html","https://static.zara.net/stdstatic/8.6.2/images/transparent-background.png","SKIN-FIT THERMAL BASE LAYER TOP","$ 49.90","-27%","$ 35.99"
"https://www.zara.com/us/en/textured-striped-polo-p04092424.html","https://static.zara.net/stdstatic/8.6.2/images/transparent-background.png","TEXTURED STRIPED POLO","$ 59.90","-40%","$ 35.94"
"https://www.zara.com/us/en/wool-blend-balaclava-p03920722.html","https://static.zara.net/stdstatic/8.6.2/images/transparent-background.png","WOOL BLEND BALACLAVA","$ 29.90","-33%","$ 19.99"
"https://www.zara.com/us/en/rubberized-crossbody-bag-p13606720.html","https://static.zara.net/stdstatic/8.6.2/images/transparent-background.png","RUBBERIZED CROSSBODY BAG","$ 25.90","-40%","$ 15.54"
"https://www.zara.com/us/en/structured-ski-socks-p03334302.html","https://static.zara.net/stdstatic/8.6.2/images/transparent-background.png","TEXTURED SKI SOCKS","$ 25.90","-42%","$ 14.99"
"https://www.zara.com/us/en/quilted-pocket-overshirt-p01437311.html","https://static.zara.net/stdstatic/8.6.2/images/transparent-background.png","QUILTED POCKET OVERSHIRT","$ 99.90","-40%","$ 59.94"
"https://www.zara.com/us/en/quilted-pocket-overshirt-p01437311.html","https://static.zara.net/stdstatic/8.6.2/images/transparent-background.png","QUILTED POCKET OVERSHIRT","$ 99.90","-40%","$ 59.94"
"https://www.zara.com/us/en/leather-boots-with-harness-detail-p12014720.html","https://static.zara.net/assets/public/043a/81fa/73494c5db9b7/869ddb8fc697/12014720102-e1/12014720102-e1.jpg?ts=1764604368189&w=474","LEATHER BOOTS WITH HARNESS DETAIL","$ 109.00","-40%","$ 65.40"
"https://www.zara.com/us/en/easy-care-jogger-waist-pants-p00347890.html","https://static.zara.net/assets/public/76e6/c522/79a44d9da520/59633e939a80/00706890506-e1/00706890506-e1.jpg?ts=1769519032925&w=474","EASY CARE JOGGER WAIST PANTS","$ 59.90","-40%","$ 35.94"
"https://www.zara.com/us/en/soft-quilted-overshirt-p03918612.html","https://static.zara.net/assets/public/cf60/32d2/f94f4432bbd9/38ae72b2585a/03918614710-e1/03918614710-e1.jpg?ts=1764676868316&w=474","SOFT PADDED OVERSHIRT","$ 99.90","-40%","$ 59.94"
"https://www.zara.com/us/en/purl-knit-sweater-p03284331.html","https://static.zara.net/assets/public/2255/ff01/089343998e7e/ea38969030ec/03284331800-e1/03284331800-e1.jpg?ts=1763470555773&w=474","PURL KNIT SWEATER","$ 59.90","-40%","$ 35.94"
"https://www.zara.com/us/en/comfort-jogger-waist-pants-p06861693.html","https://static.zara.net/assets/public/888a/b8ad/252244f786d0/9a593a1233b6/05616693828-e1/05616693828-e1.jpg?ts=1756292579073&w=474","COMFORT JOGGER WAIST PANTS","$ 59.90","-40%","$ 35.94"
"https://www.zara.com/us/en/contrasting-sole-sneakers-p12253720.html","https://static.zara.net/assets/public/37c6/d569/96034a13bdef/3c8a037cef89/12253720001-e1/12253720001-e1.jpg?ts=1765969514580&w=474","CONTRASTING SOLE SNEAKERS","$ 59.90","-40%","$ 35.94"
"https://www.zara.com/us/en/faux-leather-bomber-jacket-p05320200.html","https://static.zara.net/assets/public/8e61/6f67/cb5345e49f69/65b878f18053/05320200800-e1/05320200800-e1.jpg?ts=1766420435484&w=474","FAUX LEATHER BOMBER JACKET","$ 119.00","-40%","$ 71.40"
"https://www.zara.com/us/en/contrast-sole-sneakers-p12289620.html","https://static.zara.net/assets/public/66f5/77da/73cc4d219263/8f9899601c28/12289620700-e1/12289620700-e1.jpg?ts=1764757946969&w=474","CONTRAST SOLE SNEAKERS","$ 69.90","-40%","$ 41.94"
"https://www.zara.com/us/en/pointed-chelsea-boots-p12002620.html","https://static.zara.net/assets/public/a4a8/82cb/56a6493f8acb/1d7bc3d3f596/12002620700-e1/12002620700-e1.jpg?ts=1755513360098&w=474","POINTED CHELSEA BOOTS","$ 79.90","-40%","$ 47.94"
"https://www.zara.com/us/en/flowy-belted-pants-p07484255.html","https://static.zara.net/assets/public/2fb4/2b5c/5e5248beb811/4f5e26e872da/07484255800-e1/07484255800-e1.jpg?ts=1767867286258&w=474","FLOWY BELTED PANTS","$ 79.90","-40%","$ 47.94"
"https://www.zara.com/us/en/textured-stretch-chino-pants-p00706650.html","https://static.zara.net/assets/public/33e5/23b7/a307456bb04b/c6f47cdbbb0f/06861651529-e1/06861651529-e1.jpg?ts=1760611432518&w=474","TEXTURED STRETCH CHINO PANTS","$ 59.90","-40%","$ 35.94"
"https://www.zara.com/us/en/contrast-collar-polo-sweatshirt-p00526310.html","https://static.zara.net/assets/public/646c/5b13/4d8d49dbb07c/abe358a157a8/00526310087-e1/00526310087-e1.jpg?ts=1767089867179&w=474","CONTRAST COLLAR POLO SWEATSHIRT","$ 59.90","-40%","$ 35.94"
"https://www.zara.com/us/en/contrast-collar-polo-sweatshirt-p00526310.html","https://static.zara.net/assets/public/11f9/b91b/d86241adb779/fa2fa8a47843/00526310529-e1/00526310529-e1.jpg?ts=1760599157685&w=474","CONTRAST COLLAR POLO SWEATSHIRT","$ 59.90","-40%","$ 35.94"
"https://www.zara.com/us/en/contrast-collar-overshirt-p08281754.html","https://static.zara.net/assets/public/4cd6/8118/6c8048ce80c4/6dc0f92f5bb9/08281754800-e1/08281754800-e1.jpg?ts=1769519017955&w=474","CONTRAST COLLAR OVERSHIRT","$ 99.90","-40%","$ 59.94"
"https://www.zara.com/us/en/leather-chelsea-boots-p12000720.html","https://static.zara.net/assets/public/9067/906e/fdb049fd85cd/9d08c66ccd6e/12000720002-e1/12000720002-e1.jpg?ts=1763048749733&w=474","LEATHER CHELSEA BOOTS","$ 99.90","-40%","$ 59.94"
"https://www.zara.com/us/en/leather-chelsea-boots-p12014620.html","https://static.zara.net/assets/public/d7ab/e20d/bf8048e0b4b2/1b80e456fb47/12014621700-e1/12014621700-e1.jpg?ts=1757063831582&w=474","LEATHER CHELSEA BOOTS","$ 99.90","-40%","$ 59.94"
"https://www.zara.com/us/en/relaxed-fit-cargo-pants-p00108310.html","https://static.zara.net/assets/public/5a2b/1cdc/c424450491c6/fa3b576905a6/00108310506-e1/00108310506-e1.jpg?ts=1765538450370&w=474","RELAXED FIT CARGO PANTS","$ 69.90","-40%","$ 41.94"
"https://www.zara.com/us/en/recco--waterproof-ski-shell-jacket-p03286403.html","https://static.zara.net/assets/public/c51a/3644/23034bd98a3c/573907de93d7/03286403600-e1/03286403600-e1.jpg?ts=1763730613167&w=474","RECCO® WATERPROOF SHELL SKI TECHNICAL JACKET","$ 249.00","-32%","$ 169.00"
"https://www.zara.com/us/en/recco--waterproof-ski-shell-jacket-p03286403.html","https://static.zara.net/assets/public/b196/94d5/1c9c4077a385/98d893a16423/03286403500-e1/03286403500-e1.jpg?ts=1763730624612&w=474","RECCO® WATERPROOF SKI SHELL JACKET","$ 249.00","-32%","$ 169.00"
"https://www.zara.com/us/en/contrast-collar-polo-sweatshirt-p00526310.html","https://static.zara.net/assets/public/ef04/757b/f0504fd4abef/1dfef6251498/00526310030-e1/00526310030-e1.jpg?ts=1767089868874&w=474","CONTRAST COLLAR POLO SWEATSHIRT","$ 59.90","-40%","$ 35.94"
"https://www.zara.com/us/en/contrast-sole-sneakers-p12289620.html","https://static.zara.net/assets/public/f433/a7a8/a58c4ddbada4/554376c7320b/12289620001-e1/12289620001-e1.jpg?ts=1763052363471&w=474","CONTRAST SOLE SNEAKERS","$ 69.90","-40%","$ 41.94"
"https://www.zara.com/us/en/dress-chelsea-boots-p12004620.html","https://static.zara.net/assets/public/1f0c/d1a7/6fb34c919dea/bad0de265761/12004620800-e1/12004620800-e1.jpg?ts=1759305580768&w=474","DRESS CHELSEA BOOTS","$ 89.90","-40%","$ 53.94"
"https://www.zara.com/us/en/wide-fit-technical-jogger-pants-p01437361.html","https://static.zara.net/assets/public/f54c/211f/0f79463b87d0/16738213e0c3/01437361922-e1/01437361922-e1.jpg?ts=1760963683657&w=474","TECHNICAL WIDE FIT JOGGER PANTS","$ 79.90","-40%","$ 47.94"
"https://www.zara.com/us/en/flowy-belted-pants-p07484255.html","https://static.zara.net/assets/public/d435/dd75/fb95406dba63/c4aadb589fc5/07484255533-e1/07484255533-e1.jpg?ts=1767868899751&w=474","FLOWY BELTED PANTS","$ 79.90","-40%","$ 47.94"
"https://www.zara.com/us/en/washed-straight-fit-pants-p03286405.html","https://static.zara.net/assets/public/c93b/aadd/537a45cdb0d3/11e3baaa1c7d/03286405820-e1/03286405820-e1.jpg?ts=1770226872362&w=474","WASHED STRAIGHT FIT PANTS","$ 69.90","-40%","$ 41.94"
"https://www.zara.com/us/en/relaxed-fit-cargo-pants-p00108310.html","https://static.zara.net/assets/public/1cf1/6ea7/bc414eb9b706/1bffbba389b0/00108310922-e1/00108310922-e1.jpg?ts=1756372464264&w=474","RELAXED FIT CARGO PANTS","$ 69.90","-40%","$ 41.94"
"https://www.zara.com/us/en/buckled-leather-clogs-p12702720.html","https://static.zara.net/assets/public/0ba0/6810/358d469a810b/f76287a7384f/12702720721-e1/12702720721-e1.jpg?ts=1766484464520&w=474","BUCKLED LEATHER CLOGS","$ 109.00","-40%","$ 65.40"
"https://www.zara.com/us/en/rubberized-crossbody-bag-p13606720.html","https://static.zara.net/assets/public/7640/1ac5/1ef64358b03f/b28ae77ce482/13606720800-e1/13606720800-e1.jpg?ts=1764669182581&w=474","RUBBERIZED CROSSBODY BAG","$ 25.90","-40%","$ 15.54"
"https://www.zara.com/us/en/faux-leather-regular-fit-overshirt-p03046545.html","https://static.zara.net/assets/public/e10e/ae40/1c9b4bf4b2b8/38818fa2b570/03046545716-e1/03046545716-e1.jpg?ts=1772183035528&w=474","FAUX LEATHER REGULAR FIT OVERSHIRT","$ 99.90","-40%","$ 59.94"
"https://www.zara.com/us/en/faux-leather-regular-fit-overshirt-p03046545.html","https://static.zara.net/assets/public/9877/3598/61014aae84c9/01a2e46be628/03046545800-e1/03046545800-e1.jpg?ts=1772183037650&w=474","FAUX LEATHER REGULAR FIT OVERSHIRT","$ 99.90","-40%","$ 59.94"
"https://www.zara.com/us/en/deck-shoes-p12424720.html","https://static.zara.net/assets/public/faf4/7728/a1fe41e6915d/ac828310020b/12424720800-e1/12424720800-e1.jpg?ts=1762793166431&w=474","DECK SHOES","$ 99.90","-40%","$ 59.94"
"https://www.zara.com/us/en/leather-chelsea-boots-p12014620.html","https://static.zara.net/assets/public/1f32/beb2/94254887a454/8ae70ecf51c4/12014620800-e1/12014620800-e1.jpg?ts=1754317171978&w=474","LEATHER CHELSEA BOOTS","$ 99.90","-40%","$ 59.94"
"https://www.zara.com/us/en/purl-knit-sweater-p03284331.html","https://static.zara.net/assets/public/4040/f622/df3f40da9d3a/274d4ba005fa/03284331712-e1/03284331712-e1.jpg?ts=1759312475889&w=474","PURL KNIT SWEATER","$ 59.90","-40%","$ 35.94"
"https://www.zara.com/us/en/comfort-jogger-waist-pants-p06861693.html","https://static.zara.net/assets/public/40e1/b4d5/d6b14aa1ae7d/3fc2e83f85d5/05616693819-e1/05616693819-e1.jpg?ts=1755101607382&w=474","COMFORT JOGGER WAIST PANTS","$ 59.90","-40%","$ 35.94"
"https://www.zara.com/us/en/80-down---20-feather-water-repellent-puffer-jacket-origins-p04302212.html","https://static.zara.net/assets/public/a7b0/97f9/7f21471ab45b/1fd54a0c33bf/04302212822-e1/04302212822-e1.jpg?ts=1767002919814&w=474","WATER REPELLENT 80% DOWN - 20% FEATHER PUFFER JACKET ORIGINS","$ 169.00","-40%","$ 101.40"
"https://www.zara.com/us/en/relaxed-fit-cargo-pants-p00108310.html","https://static.zara.net/assets/public/390d/b4e0/05e441489c81/35e77bcd8c3e/00108310806-e1/00108310806-e1.jpg?ts=1756372456757&w=474","RELAXED FIT CARGO PANTS","$ 69.90","-40%","$ 41.94"
"https://www.zara.com/us/en/contrast-sole-sneakers-p12289620.html","https://static.zara.net/assets/public/a868/9fe4/2b37470ab8b8/046e7a096539/12289620800-e1/12289620800-e1.jpg?ts=1764757946941&w=474","CONTRAST SOLE SNEAKERS","$ 69.90","-40%","$ 41.94"
"https://www.zara.com/us/en/faux-leather-bomber-jacket-p03548100.html","https://static.zara.net/assets/public/9c4c/133e/178b4dbc858f/de992dcbe072/03548100700-e1/03548100700-e1.jpg?ts=1768834099396&w=474","FAUX LEATHER BOMBER JACKET","$ 129.00","-40%","$ 77.40"
"https://www.zara.com/us/en/combination-bomber-jacket-p05070321.html","https://static.zara.net/assets/public/3eb6/7710/71384bfdaa75/e99c257441c4/05070321800-e1/05070321800-e1.jpg?ts=1762863751879&w=474","COMBINATION BOMBER JACKET","$ 129.00","-40%","$ 77.40"
"https://www.zara.com/us/en/recco--waterproof-ski-puffer-jacket-p03286401.html","https://static.zara.net/assets/public/0317/36a7/b7a1427593d0/58be62457680/03286401800-000-e1/03286401800-000-e1.jpg?ts=1765973052412&w=474","RECCO® WATERPROOF SKI PUFFER JACKET","$ 249.00","-32%","$ 169.00"
"https://www.zara.com/us/en/ski-base-layer-t-shirt-p04388302.html","https://static.zara.net/assets/public/ad71/f433/c0324fd28d81/f6fc6903f93d/04388302800-e1/04388302800-e1.jpg?ts=1764864068190&w=474","FIRST LAYER SKI T-SHIRT","$ 49.90","-27%","$ 35.99"
"https://www.zara.com/us/en/retro-style-sneakers-p12259720.html","https://static.zara.net/assets/public/7d9e/ebcc/ded04642b108/d35926365a9c/12259720131-e1/12259720131-e1.jpg?ts=1764087345507&w=474","RETRO STYLE SNEAKERS","$ 59.90","-40%","$ 35.94"
"https://www.zara.com/us/en/relaxed-fit-technical-hoodie-p01437360.html","https://static.zara.net/assets/public/d19e/7444/34e64110a23c/c933de561652/01437360922-e1/01437360922-e1.jpg?ts=1760959226700&w=474","RELAXED FIT TECHNICAL HOODIE","$ 99.90","-40%","$ 59.94"
"https://www.zara.com/us/en/leather-deck-shoes-p12429720.html","https://static.zara.net/assets/public/f75c/13ae/3e194a5bb18c/755fe0fd6ba6/12429720131-e1/12429720131-e1.jpg?ts=1764854124018&w=474","LEATHER DECK SHOES","$ 99.90","-40%","$ 59.94"
"https://www.zara.com/us/en/water-repellent-technical-jacket-with-fleece-p04302350.html","https://static.zara.net/assets/public/7596/1dbf/c16543db85a8/ac67e3b415b4/04302350700-e1/04302350700-e1.jpg?ts=1769421191090&w=474","WATER REPELLENT TECHNICAL JACKET WITH FLEECE","$ 99.90","-40%","$ 59.94"
"https://www.zara.com/us/en/rubberized-backpack-p13207720.html","https://static.zara.net/assets/public/91af/44fa/c24d4ef1b739/c6462e28e36e/13207720800-e1/13207720800-e1.jpg?ts=1766143925616&w=474","RUBBERIZED BACKPACK","$ 49.90","-40%","$ 29.94"
"https://www.zara.com/us/en/technical-sneakers-p12311720.html","https://static.zara.net/assets/public/a25d/7d46/3a6244a895b3/ca4983fd4ff0/12311720001-e1/12311720001-e1.jpg?ts=1766479012608&w=474","TECHNICAL SNEAKERS","$ 89.90","-40%","$ 53.94"
"https://www.zara.com/us/en/pointed-chelsea-boots-p12002620.html","https://static.zara.net/assets/public/84fe/ae60/5ad949beafeb/615e2fb37105/12002620800-e1/12002620800-e1.jpg?ts=1755513360047&w=474","POINTED CHELSEA BOOTS","$ 79.90","-40%","$ 47.94"
"https://www.zara.com/us/en/recco--waterproof-shell-ski-pants-p03286402.html","https://static.zara.net/assets/public/6ade/9d80/048e4c9095d5/5951e344b9c3/03286402500-e1/03286402500-e1.jpg?ts=1763730585422&w=474","RECCO® WATERPROOF SKI SHELL PANTS","$ 169.00","-29%","$ 119.00"
"https://www.zara.com/us/en/recco--waterproof-ski-puffer-shell-pants-p03286400.html","https://static.zara.net/assets/public/f1f1/874d/c692409cb2b4/bf86c6b64087/03286400800-e1/03286400800-e1.jpg?ts=1765973034714&w=474","RECCO® WATERPROOF SKI PUFFER SHELL PANTS","$ 169.00","-29%","$ 119.00"
"https://www.zara.com/us/en/washed-straight-fit-pants-p03286405.html","https://static.zara.net/assets/public/4a63/8169/667e4758896f/d01c850085cd/03286405707-e1/03286405707-e1.jpg?ts=1770290868219&w=474","WASHED STRAIGHT FIT PANTS","$ 69.90","-40%","$ 41.94"
"https://www.zara.com/us/en/structured-ski-socks-p03334302.html","https://static.zara.net/assets/public/e2d6/de1b/d5304374a48d/31d4cf3e15ed/03334302529-e1/03334302529-e1.jpg?ts=1763027700324&w=474","TEXTURED SKI SOCKS","$ 25.90","-42%","$ 14.99"
"https://www.zara.com/us/en/compressive-first-layer-ski-tights-p04388303.html","https://static.zara.net/assets/public/60c8/35db/8f564ccda402/ae332d73208f/04388303800-e1/04388303800-e1.jpg?ts=1762863838175&w=474","COMPRESSION BASE LAYER SKI TIGHTS","$ 49.90","-27%","$ 35.99"
"https://www.zara.com/us/en/ski-down-feather-pants-80-down---20-feather-p01732311.html","https://static.zara.net/assets/public/f24d/6a5d/2fe742a5b21d/7efa70c9f068/01732311800-e1/01732311800-e1.jpg?ts=1762863890676&w=474","80% DOWN - 20% FEATHER SKI PUFFER PANTS","$ 149.00","-32%","$ 99.99"
"https://www.zara.com/us/en/ski-mid-layer-puffer-jacket-p01732400.html","https://static.zara.net/assets/public/84f9/370e/cecd4f4296ae/e12c01c1c680/01732400711-e1/01732400711-e1.jpg?ts=1762863897276&w=474","SKI MID-LAYER PUFFER JACKET","$ 119.00","-32%","$ 79.99"
"https://www.zara.com/us/en/ski-mid-layer-puffer-jacket-p01732400.html","https://static.zara.net/assets/public/90d7/53aa/88d047968397/75317dad8039/01732400641-e1/01732400641-e1.jpg?ts=1762781829858&w=474","SKI MID-LAYER PADDED JACKET","$ 119.00","-32%","$ 79.99"
"https://www.zara.com/us/en/twill-textured-overshirt-p00706178.html","https://static.zara.net/assets/public/3e7b/fc2f/3adf44579d59/87c8c0bbad36/00706178800-e1/00706178800-e1.jpg?ts=1767867293448&w=474","TWILL TEXTURED OVERSHIRT","$ 119.00","-40%","$ 71.40"
"https://www.zara.com/us/en/long-textured-ski-socks-p03334305.html","https://static.zara.net/assets/public/4d9c/57fe/9e4545a4b74a/9bacc04b0ed6/03334305700-e1/03334305700-e1.jpg?ts=1763027711738&w=474","LONG TEXTURED SKI SOCKS","$ 29.90","-33%","$ 19.99"
"https://www.zara.com/us/en/technical-padded-jacket-p03833300.html","https://static.zara.net/assets/public/3b54/405d/97ac4424bcb6/f7859eb8924f/03833300832-e1/03833300832-e1.jpg?ts=1768408476683&w=474","TECHNICAL PADDED JACKET","$ 99.90","-40%","$ 59.94"
"https://www.zara.com/us/en/chunky-shoes-p12426720.html","https://static.zara.net/assets/public/d88e/7b57/014c4a19aa54/3c7f479a5828/12426720800-e1/12426720800-e1.jpg?ts=1764759556315&w=474","CHUNKY SHOES","$ 79.90","-40%","$ 47.94"
"https://www.zara.com/us/en/compressive-first-layer-ski-tights-p04388303.html","https://static.zara.net/assets/public/79b3/2896/78ac454e91e1/b8c768bbdf02/04388303700-e1/04388303700-e1.jpg?ts=1762863835925&w=474","COMPRESSION BASE LAYER SKI TIGHTS","$ 49.90","-27%","$ 35.99"
"https://www.zara.com/us/en/ski-base-layer-t-shirt-p04388302.html","https://static.zara.net/assets/public/e518/fdae/81bd4aa4bb17/a074eeee69c5/04388302700-e1/04388302700-e1.jpg?ts=1764864110774&w=474","SKIN-FIT THERMAL BASE LAYER TOP","$ 49.90","-27%","$ 35.99"
"https://www.zara.com/us/en/textured-striped-polo-p04092424.html","https://static.zara.net/assets/public/95af/6378/c7f745a491b4/40b1b0117b2b/04092424420-e1/04092424420-e1.jpg?ts=1766047681444&w=474","TEXTURED STRIPED POLO","$ 59.90","-40%","$ 35.94"
"https://www.zara.com/us/en/wool-blend-balaclava-p03920722.html","https://static.zara.net/assets/public/52bb/98bb/febb4703bf3d/c10ab9f638c7/03920722251-e1/03920722251-e1.jpg?ts=1763654817744&w=474","WOOL BLEND BALACLAVA","$ 29.90","-33%","$ 19.99"
"https://www.zara.com/us/en/rubberized-crossbody-bag-p13606720.html","https://static.zara.net/assets/public/47e7/91dc/155e46758689/e34b58f06516/13606720032-e1/13606720032-e1.jpg?ts=1764669173099&w=474","RUBBERIZED CROSSBODY BAG","$ 25.90","-40%","$ 15.54"
"https://www.zara.com/us/en/structured-ski-socks-p03334302.html","https://static.zara.net/assets/public/d6d5/1015/16ba4b368374/4026d2af2521/03334302712-e1/03334302712-e1.jpg?ts=1763027699735&w=474","TEXTURED SKI SOCKS","$ 25.90","-42%","$ 14.99"
"https://www.zara.com/us/en/quilted-pocket-overshirt-p01437311.html","https://static.zara.net/assets/public/f703/4050/f2ab41feab02/0149b6c0ac0c/01437311717-e1/01437311717-e1.jpg?ts=1769079395505&w=474","QUILTED POCKET OVERSHIRT","$ 99.90","-40%","$ 59.94"
"https://www.zara.com/us/en/quilted-pocket-overshirt-p01437311.html","https://static.zara.net/assets/public/fd76/8c27/83144edfa69d/7d136a817a97/01437311401-e1/01437311401-e1.jpg?ts=1769079394667&w=474","QUILTED POCKET OVERSHIRT","$ 99.90","-40%","$ 59.94"
"https://www.zara.com/us/en/plaid-padded-overshirt-p04302471.html","https://static.zara.net/stdstatic/8.6.2/images/transparent-background.png","PLAID PADDED OVERSHIRT","$ 99.90","-40%","$ 59.94"
"https://www.zara.com/us/en/twill-textured-overshirt-p00706178.html","https://static.zara.net/stdstatic/8.6.2/images/transparent-background.png","TWILL TEXTURED OVERSHIRT","$ 119.00","-40%","$ 71.40"
"https://www.zara.com/us/en/soft-quilted-overshirt-p03918612.html","https://static.zara.net/stdstatic/8.6.2/images/transparent-background.png","SOFT QUILTED OVERSHIRT","$ 99.90","-40%","$ 59.94"
"https://www.zara.com/us/en/recco--waterproof-shell-ski-pants-p03286402.html","https://static.zara.net/stdstatic/8.6.2/images/transparent-background.png","RECCO® WATERPROOF SHELL SKI PANTS","$ 169.00","-29%","$ 119.00"
"https://www.zara.com/us/en/recco--waterproof-ski-puffer-jacket-p03286401.html","https://static.zara.net/stdstatic/8.6.2/images/transparent-background.png","RECCO® WATERPROOF SKI PUFFER JACKET","$ 249.00","-32%","$ 169.00"
"https://www.zara.com/us/en/textured-fleece-ski-balaclava-p05868305.html","https://static.zara.net/stdstatic/8.6.2/images/transparent-background.png","TEXTURED FLEECE SKI BALACLAVA","$ 17.90","-49%","$ 8.99"
"https://www.zara.com/us/en/textured-fleece-ski-balaclava-p05868305.html","https://static.zara.net/stdstatic/8.6.2/images/transparent-background.png","TEXTURED FLEECE SKI BALACLAVA","$ 17.90","-49%","$ 8.99"
"https://www.zara.com/us/en/recco--waterproof-hiking-boots-p12105620.html","https://static.zara.net/stdstatic/8.6.2/images/transparent-background.png","RECCO® WATERPROOF HIKING BOOTS","$ 229.00","-40%","$ 137.40"
"https://www.zara.com/us/en/80-down---20-feather-water-repellent-puffer-jacket-origins-p04302212.html","https://static.zara.net/stdstatic/8.6.2/images/transparent-background.png","80% DOWN - 20% FEATHER WATER REPELLENT PUFFER JACKET ORIGINS","$ 169.00","-40%","$ 101.40"
"https://www.zara.com/us/en/technical-padded-jacket-p03833300.html","https://static.zara.net/stdstatic/8.6.2/images/transparent-background.png","TECHNICAL PADDED JACKET","$ 99.90","-40%","$ 59.94"
"https://www.zara.com/us/en/water-repellent-technical-jacket-with-fleece-p04302350.html","https://static.zara.net/stdstatic/8.6.2/images/transparent-background.png","WATER REPELLENT TECHNICAL JACKET WITH FLEECE","$ 99.90","-40%","$ 59.94"
"https://www.zara.com/us/en/55l-sports-backpack-p13214720.html","https://static.zara.net/stdstatic/8.6.2/images/transparent-background.png","55L SPORTS BACKPACK","$ 269.00","-40%","$ 161.40"
"https://www.zara.com/us/en/ski-puffer-jacket-90-down---10-feather-p03286404.html","https://static.zara.net/stdstatic/8.6.2/images/transparent-background.png","SKI PUFFER JACKET 90% DOWN - 10% FEATHER","$ 169.00","-29%","$ 119.00"
"https://www.zara.com/us/en/ski-puffer-jacket-90-down---10-feather-p03286404.html","https://static.zara.net/stdstatic/8.6.2/images/transparent-background.png","SKI DOWN FEATHER PUFFER JACKET","$ 169.00","-29%","$ 119.00"
"https://www.zara.com/us/en/wool-blend-balaclava-p03920722.html","https://static.zara.net/stdstatic/8.6.2/images/transparent-background.png","WOOL BLEND BALACLAVA","$ 29.90","-33%","$ 19.99"
"https://www.zara.com/us/en/structured-knit-hat-p03920716.html","https://static.zara.net/stdstatic/8.6.2/images/transparent-background.png","STRUCTURED KNIT HAT","$ 29.90","-33%","$ 19.99"
"https://www.zara.com/us/en/purl-knit-sweater-p03284331.html","https://static.zara.net/stdstatic/8.6.2/images/transparent-background.png","PURL KNIT SWEATER","$ 59.90","-40%","$ 35.94"
"https://www.zara.com/us/en/wool-textured-jumper-p03920825.html","https://static.zara.net/stdstatic/8.6.2/images/transparent-background.png","WOOL BLEND TEXTURED JUMPER","$ 89.90","-33%","$ 59.99"
"https://www.zara.com/us/en/combination-bomber-jacket-p05070321.html","https://static.zara.net/stdstatic/8.6.2/images/transparent-background.png","COMBINATION BOMBER JACKET","$ 129.00","-40%","$ 77.40"